Station_ID,Station_Name,City,Date,PM2.5 (µg/m³),PM10 (µg/m³),NO₂ (µg/m³),SO₂ (µg/m³),CO (mg/m³),O₃ (µg/m³)
AHM01,Chandkheda,Ahmedabad,01-01-2023,NaN,NaN,NaN,NaN,NaN,NaN
AHM01,Chandkheda,Ahmedabad,02-01-2023,NaN,NaN,NaN,NaN,NaN,NaN
AHM01,Chandkheda,Ahmedabad,03-01-2023,NaN,NaN,NaN,NaN,NaN,NaN
AHM01,Chandkheda,Ahmedabad,04-01-2023,NaN,NaN,NaN,NaN,NaN,NaN
AHM01,Chandkheda,Ahmedabad,05-01-2023,NaN,NaN,NaN,NaN,NaN,NaN
AHM01,Chandkheda,Ahmedabad,06-01-2023,NaN,NaN,NaN,NaN,NaN,NaN
AHM01,Chandkheda,Ahmedabad,07-01-2023,NaN,NaN,NaN,NaN,NaN,NaN
AHM01,Chandkheda,Ahmedabad,08-01-2023,NaN,NaN,NaN,NaN,NaN,NaN
AHM01,Chandkheda,Ahmedabad,09-01-2023,NaN,NaN,NaN,NaN,NaN,NaN
AHM01,Chandkheda,Ahmedabad,10-01-2023,NaN,NaN,NaN,NaN,NaN,NaN
AHM01,Chandkheda,Ahmedabad,11-01-2023,NaN,NaN,NaN,NaN,NaN,NaN
AHM01,Chandkheda,Ahmedabad,12-01-2023,NaN,NaN,NaN,NaN,NaN,NaN
AHM01,Chandkheda,Ahmedabad,13-01-2023,68.43,114.36,6.47,6.3,0.59,21.67
AHM01,Chandkheda,Ahmedabad,14-01-2023,58.08,102.45,6.84,6.1,0.69,21.28
AHM01,Chandkheda,Ahmedabad,15-01-2023,52.41,93.06,6.93,4.98,0.66,21.53
AHM01,Chandkheda,Ahmedabad,16-01-2023,70.02,117.51,8.15,5.89,0.98,20.74
AHM01,Chandkheda,Ahmedabad,17-01-2023,61.45,104.97,8.51,6.61,0.9,20.42
AHM01,Chandkheda,Ahmedabad,18-01-2023,56.02,96.4,7.7,5.58,0.74,25.72
AHM01,Chandkheda,Ahmedabad,19-01-2023,52.06,90.49,7.75,5.62,0.8,27.57
AHM01,Chandkheda,Ahmedabad,20-01-2023,66.23,113.86,8.95,6.5,0.75,24.43
AHM01,Chandkheda,Ahmedabad,21-01-2023,68.77,119.98,7.3,6.97,0.73,23.98
AHM01,Chandkheda,Ahmedabad,22-01-2023,52.35,91.99,6.9,6.7,0.69,23.86
AHM01,Chandkheda,Ahmedabad,23-01-2023,64.74,111.86,7.44,7.07,0.82,23.64
AHM01,Chandkheda,Ahmedabad,24-01-2023,73.77,129.69,7.15,6.4,0.8,21
AHM01,Chandkheda,Ahmedabad,25-01-2023,57.62,100.69,7.19,5.86,0.69,22.12
AHM01,Chandkheda,Ahmedabad,26-01-2023,57.61,103.53,6.98,6.93,0.72,23.54
AHM01,Chandkheda,Ahmedabad,27-01-2023,57.29,103.06,6.77,5.55,0.75,31.57
AHM01,Chandkheda,Ahmedabad,28-01-2023,48.59,87.21,6.25,5.33,0.66,29.46
AHM01,Chandkheda,Ahmedabad,29-01-2023,49.48,87.6,7.78,5.24,0.74,16.25
AHM01,Chandkheda,Ahmedabad,30-01-2023,42.07,77.88,6.85,5.52,0.56,21.44
AHM01,Chandkheda,Ahmedabad,31-01-2023,40.7,76.14,6.24,4.84,0.67,22.3
AHM01,Chandkheda,Ahmedabad,01-02-2023,38.7,71.89,6.4,4.63,0.64,24.09
AHM01,Chandkheda,Ahmedabad,02-02-2023,47.32,82.33,7.15,4.85,0.73,20.9
AHM01,Chandkheda,Ahmedabad,03-02-2023,53.42,92.35,7.7,5.85,0.87,21.11
AHM01,Chandkheda,Ahmedabad,04-02-2023,68.92,114.93,9.36,5.81,0.88,14.82
AHM01,Chandkheda,Ahmedabad,05-02-2023,83.51,140.65,9.19,5.62,1.06,14.23
AHM01,Chandkheda,Ahmedabad,06-02-2023,70.43,118.87,8.25,6.59,0.64,13.21
AHM01,Chandkheda,Ahmedabad,07-02-2023,66.92,113.68,7.88,5.5,0.56,12.8
AHM01,Chandkheda,Ahmedabad,08-02-2023,72.55,122.43,8.16,7.09,0.78,15.9
AHM01,Chandkheda,Ahmedabad,09-02-2023,86.63,143.86,11.63,8.56,1.68,19.69
AHM01,Chandkheda,Ahmedabad,10-02-2023,48.54,81.78,7.05,12.48,0.72,11.96
AHM01,Chandkheda,Ahmedabad,11-02-2023,50.62,87.19,5.7,8.85,0.38,13.64
AHM01,Chandkheda,Ahmedabad,12-02-2023,69.39,119.59,8.13,4.85,0.43,6.72
AHM01,Chandkheda,Ahmedabad,13-02-2023,86.54,143.08,8.8,6.47,1.44,17.22
AHM01,Chandkheda,Ahmedabad,14-02-2023,81.97,136.55,8.93,6.92,0.93,14.41
AHM01,Chandkheda,Ahmedabad,15-02-2023,96.6,161.36,7.92,8.22,1.08,16.21
AHM01,Chandkheda,Ahmedabad,16-02-2023,72.71,123.78,7.91,8.22,0.79,16.63
AHM01,Chandkheda,Ahmedabad,17-02-2023,83.16,137.56,9.07,10.26,0.9,11.2
AHM01,Chandkheda,Ahmedabad,18-02-2023,89.46,150.06,9.56,10.51,0.98,18.33
AHM01,Chandkheda,Ahmedabad,19-02-2023,108.05,181.51,9.51,10.67,1.02,23.09
AHM01,Chandkheda,Ahmedabad,20-02-2023,95.48,162.13,9.73,11.19,0.84,20.53
AHM01,Chandkheda,Ahmedabad,21-02-2023,75.51,122.69,6.76,12.76,0.2,13.98
AHM01,Chandkheda,Ahmedabad,22-02-2023,81.33,133.37,7.1,16.68,0.28,14.32
AHM01,Chandkheda,Ahmedabad,23-02-2023,62.74,104.04,7.11,8.93,0.34,12.76
AHM01,Chandkheda,Ahmedabad,24-02-2023,82.34,136.16,9.41,10.33,0.49,18.45
AHM01,Chandkheda,Ahmedabad,25-02-2023,70.89,119.79,8.58,9.08,0.42,13.71
AHM01,Chandkheda,Ahmedabad,26-02-2023,62.37,106.09,6.86,7.73,0.27,15.67
AHM01,Chandkheda,Ahmedabad,27-02-2023,81.55,139.07,8.41,10.78,0.56,17.81
AHM01,Chandkheda,Ahmedabad,28-02-2023,57.45,99.99,6,8.49,0.16,21.75
AHM01,Chandkheda,Ahmedabad,01-03-2023,76.15,129.72,7.36,11.01,0.33,18.88
AHM01,Chandkheda,Ahmedabad,02-03-2023,92.29,158.27,8.15,13.11,0.85,19.88
AHM01,Chandkheda,Ahmedabad,03-03-2023,91.74,157.79,7.66,10.32,0.48,20.6
AHM01,Chandkheda,Ahmedabad,04-03-2023,64.08,116.6,5.77,9.5,0.13,23.34
AHM01,Chandkheda,Ahmedabad,05-03-2023,NaN,NaN,NaN,NaN,NaN,NaN
AHM01,Chandkheda,Ahmedabad,06-03-2023,103.25,176.95,2.16,11.37,0.03,15.03
AHM01,Chandkheda,Ahmedabad,07-03-2023,44.7,79.1,11.71,5.36,1.18,27.77
AHM01,Chandkheda,Ahmedabad,08-03-2023,32.62,62.61,5.34,6.71,2.08,21.36
AHM01,Chandkheda,Ahmedabad,09-03-2023,38.69,66.18,5.4,5.47,2.27,16.45
AHM01,Chandkheda,Ahmedabad,10-03-2023,42.08,74.63,5.96,6.17,1.85,16.56
AHM01,Chandkheda,Ahmedabad,11-03-2023,45.06,80.22,3.51,6.93,1.41,18.82
AHM01,Chandkheda,Ahmedabad,12-03-2023,60.1,107.01,3.48,6.47,1.55,19.51
AHM01,Chandkheda,Ahmedabad,13-03-2023,76.19,133.78,3.76,6.61,1.65,17.77
AHM01,Chandkheda,Ahmedabad,14-03-2023,57.76,103.6,3.82,9.62,1.23,16.22
AHM01,Chandkheda,Ahmedabad,15-03-2023,63.23,116.26,3.69,9.28,1.15,12.4
AHM01,Chandkheda,Ahmedabad,16-03-2023,44.42,80.7,3.44,13.16,0.85,31.56
AHM01,Chandkheda,Ahmedabad,17-03-2023,66.76,120.43,3.75,5.2,0.82,16.22
AHM01,Chandkheda,Ahmedabad,18-03-2023,46.27,91.27,3.43,7.45,0.56,22.34
AHM01,Chandkheda,Ahmedabad,19-03-2023,25.39,45.87,7.56,8.03,0.66,17.52
AHM01,Chandkheda,Ahmedabad,20-03-2023,22.83,40.87,4.93,5.97,0.25,16.34
AHM01,Chandkheda,Ahmedabad,21-03-2023,31.11,57.02,7,7.63,0.8,17.35
AHM01,Chandkheda,Ahmedabad,22-03-2023,33.99,64.42,7,7.34,0.78,15.74
AHM01,Chandkheda,Ahmedabad,23-03-2023,31.65,59.55,7,6.63,0.75,13.34
AHM01,Chandkheda,Ahmedabad,24-03-2023,25.1,47.84,7,5.38,0.66,16.37
AHM01,Chandkheda,Ahmedabad,25-03-2023,35.67,62.23,7,5.37,0.78,21.23
AHM01,Chandkheda,Ahmedabad,26-03-2023,46.77,81.57,7,5.91,0.89,17.27
AHM01,Chandkheda,Ahmedabad,27-03-2023,58.01,102.13,6.99,8.14,0.92,21.51
AHM01,Chandkheda,Ahmedabad,28-03-2023,51.42,89.61,7,6.2,0.64,20.02
AHM01,Chandkheda,Ahmedabad,29-03-2023,61.97,111.73,7,8.53,0,20.35
AHM01,Chandkheda,Ahmedabad,30-03-2023,48.02,88.53,7.01,6.99,0,10.54
AHM01,Chandkheda,Ahmedabad,31-03-2023,36.8,64.67,6.99,5.37,0,15.1
AHM01,Chandkheda,Ahmedabad,01-04-2023,41.25,71.68,7,5.06,0,13.12
AHM01,Chandkheda,Ahmedabad,02-04-2023,53.07,91.15,7,7.16,0,14.25
AHM01,Chandkheda,Ahmedabad,03-04-2023,48.59,83.2,7,6.32,0,17.94
AHM01,Chandkheda,Ahmedabad,04-04-2023,60.04,100.12,7,6.92,0,11.18
AHM01,Chandkheda,Ahmedabad,05-04-2023,66.85,111.78,6.99,9.52,0.09,12.33
AHM01,Chandkheda,Ahmedabad,06-04-2023,54.16,92.36,7,9.88,0.07,18.73
AHM01,Chandkheda,Ahmedabad,07-04-2023,NaN,NaN,NaN,NaN,NaN,NaN
AHM01,Chandkheda,Ahmedabad,08-04-2023,NaN,NaN,NaN,NaN,NaN,NaN
AHM01,Chandkheda,Ahmedabad,09-04-2023,NaN,NaN,NaN,NaN,NaN,NaN
AHM01,Chandkheda,Ahmedabad,10-04-2023,NaN,NaN,NaN,NaN,NaN,NaN
AHM01,Chandkheda,Ahmedabad,11-04-2023,NaN,NaN,NaN,NaN,NaN,NaN
AHM01,Chandkheda,Ahmedabad,12-04-2023,NaN,NaN,NaN,NaN,NaN,NaN
AHM01,Chandkheda,Ahmedabad,13-04-2023,NaN,NaN,NaN,NaN,NaN,NaN
AHM01,Chandkheda,Ahmedabad,14-04-2023,NaN,NaN,NaN,NaN,NaN,NaN
AHM01,Chandkheda,Ahmedabad,15-04-2023,89.71,150,7.01,10.2,0.2,20.95
AHM01,Chandkheda,Ahmedabad,16-04-2023,63.24,106.37,6.99,7.64,0.16,14.13
AHM01,Chandkheda,Ahmedabad,17-04-2023,56.87,95.79,7.01,10.11,0.11,15.03
AHM01,Chandkheda,Ahmedabad,18-04-2023,59.33,99.13,6.99,10.08,0.39,11.78
AHM01,Chandkheda,Ahmedabad,19-04-2023,88.62,156.31,7,8.33,0.08,10.94
AHM01,Chandkheda,Ahmedabad,20-04-2023,50.93,85.34,7,8.2,0.06,14.31
AHM01,Chandkheda,Ahmedabad,21-04-2023,57.15,94.82,6.99,6.55,0.05,12.57
AHM01,Chandkheda,Ahmedabad,22-04-2023,57.28,97.38,7,6.78,0.05,12.14
AHM01,Chandkheda,Ahmedabad,23-04-2023,47,82.3,6.99,6.33,0,17.29
AHM01,Chandkheda,Ahmedabad,24-04-2023,46.8,82.83,6.99,9.6,0.01,22.44
AHM01,Chandkheda,Ahmedabad,25-04-2023,NaN,NaN,NaN,NaN,NaN,NaN
AHM01,Chandkheda,Ahmedabad,26-04-2023,61.01,110.66,7,9.51,0.66,15.64
AHM01,Chandkheda,Ahmedabad,27-04-2023,54.82,98.29,7,5.5,0.79,13.81
AHM01,Chandkheda,Ahmedabad,28-04-2023,53.36,93.63,6.99,7.7,0.65,17.06
AHM01,Chandkheda,Ahmedabad,29-04-2023,28.45,51.11,6.98,9.23,0.2,15.56
AHM01,Chandkheda,Ahmedabad,30-04-2023,29.86,54.54,6.99,5.71,0.4,15.71
AHM01,Chandkheda,Ahmedabad,01-05-2023,28.58,52.68,7,5.78,0.4,18.05
AHM01,Chandkheda,Ahmedabad,02-05-2023,30.19,55.55,6.99,5.5,0.4,18.25
AHM01,Chandkheda,Ahmedabad,03-05-2023,40.87,73.08,6.99,5.68,0.4,22.28
AHM01,Chandkheda,Ahmedabad,04-05-2023,38.29,70.41,7,6.13,0.4,21.61
AHM01,Chandkheda,Ahmedabad,05-05-2023,46.13,83.5,7,7.98,0.4,23.96
AHM01,Chandkheda,Ahmedabad,06-05-2023,45.94,79.9,7,5.63,0.4,16.49
AHM01,Chandkheda,Ahmedabad,07-05-2023,50.81,87.14,7,5.75,0.4,13.77
AHM01,Chandkheda,Ahmedabad,08-05-2023,43.17,74.43,6.99,6.37,0.4,13.35
AHM01,Chandkheda,Ahmedabad,09-05-2023,53.57,89.64,6.99,6.74,0.4,15.27
AHM01,Chandkheda,Ahmedabad,10-05-2023,54.08,91.86,7,7.56,0.2,18.32
AHM01,Chandkheda,Ahmedabad,11-05-2023,55.4,93.64,7,8.35,0.09,18.07
AHM01,Chandkheda,Ahmedabad,12-05-2023,65.61,108.98,7.01,13.52,0.87,14.68
AHM01,Chandkheda,Ahmedabad,13-05-2023,45.32,78.79,7.02,10.38,0.63,16
AHM01,Chandkheda,Ahmedabad,14-05-2023,50.5,89.08,7,6.38,0.44,11.32
AHM01,Chandkheda,Ahmedabad,15-05-2023,43.87,76.09,6.99,4.59,0.36,7.84
AHM01,Chandkheda,Ahmedabad,16-05-2023,30.84,52.98,7,4.24,0.12,3.73
AHM01,Chandkheda,Ahmedabad,17-05-2023,NaN,NaN,NaN,NaN,NaN,NaN
AHM01,Chandkheda,Ahmedabad,18-05-2023,NaN,NaN,NaN,NaN,NaN,NaN
AHM01,Chandkheda,Ahmedabad,19-05-2023,NaN,NaN,NaN,NaN,NaN,NaN
AHM01,Chandkheda,Ahmedabad,20-05-2023,NaN,NaN,NaN,NaN,NaN,NaN
AHM01,Chandkheda,Ahmedabad,21-05-2023,NaN,NaN,NaN,NaN,NaN,NaN
AHM01,Chandkheda,Ahmedabad,22-05-2023,NaN,NaN,NaN,NaN,NaN,NaN
AHM01,Chandkheda,Ahmedabad,23-05-2023,45.16,78.39,6.99,5.12,0.41,17.85
AHM01,Chandkheda,Ahmedabad,24-05-2023,59.37,102.11,6.99,5.5,0.24,8.73
AHM01,Chandkheda,Ahmedabad,25-05-2023,63.74,110.9,7,5.96,0.22,8.11
AHM01,Chandkheda,Ahmedabad,26-05-2023,49.04,83.54,7,5.12,0.23,6.57
AHM01,Chandkheda,Ahmedabad,27-05-2023,32.66,59.97,7,4.43,0.35,6.44
AHM01,Chandkheda,Ahmedabad,28-05-2023,29.92,51.2,7,4.6,0.3,8.05
AHM01,Chandkheda,Ahmedabad,29-05-2023,NaN,NaN,NaN,NaN,NaN,NaN
AHM01,Chandkheda,Ahmedabad,30-05-2023,28.15,48.13,17.86,4.23,0.03,20.23
AHM01,Chandkheda,Ahmedabad,31-05-2023,63.81,107,8.57,8.81,0,14.78
AHM01,Chandkheda,Ahmedabad,01-06-2023,34.26,59.45,6.18,6.03,0,10.18
AHM01,Chandkheda,Ahmedabad,02-06-2023,29.23,50.97,5.34,5.25,0,8.43
AHM01,Chandkheda,Ahmedabad,03-06-2023,34.54,59.32,5.12,4.84,0,9.47
AHM01,Chandkheda,Ahmedabad,04-06-2023,39.97,75.59,5.19,5.27,0,5.6
AHM01,Chandkheda,Ahmedabad,05-06-2023,65.35,111.52,6.49,4.46,0.66,16.89
AHM01,Chandkheda,Ahmedabad,06-06-2023,39.2,72.89,1.08,4.85,0.7,11.18
AHM01,Chandkheda,Ahmedabad,07-06-2023,38.79,68.5,0.69,5.6,0.7,10.35
AHM01,Chandkheda,Ahmedabad,08-06-2023,36.82,62.82,0.55,5.1,0.7,9.15
AHM01,Chandkheda,Ahmedabad,09-06-2023,37.31,65.65,0.5,5.1,0.7,10.38
AHM01,Chandkheda,Ahmedabad,10-06-2023,29.85,52.93,0.42,5.27,0.7,10.69
AHM01,Chandkheda,Ahmedabad,11-06-2023,45.42,81.03,0.41,5.57,0.7,11.52
AHM01,Chandkheda,Ahmedabad,12-06-2023,47.14,82.21,0.41,7.11,0.7,11
AHM01,Chandkheda,Ahmedabad,13-06-2023,63.54,112.49,0.38,5.38,0.7,6.68
AHM01,Chandkheda,Ahmedabad,14-06-2023,35.61,62.33,0.42,4.71,0.7,6.05
AHM01,Chandkheda,Ahmedabad,15-06-2023,32.93,56.58,0.42,4.74,0.7,4.23
AHM01,Chandkheda,Ahmedabad,16-06-2023,25.63,43.69,0.5,4.46,0.7,4.61
AHM01,Chandkheda,Ahmedabad,17-06-2023,36.27,62.34,0.51,4.31,0.7,6.18
AHM01,Chandkheda,Ahmedabad,18-06-2023,40.27,70.06,0.42,4.19,0.7,6.9
AHM01,Chandkheda,Ahmedabad,19-06-2023,44.4,76.42,0.36,4.28,0.7,7.5
AHM01,Chandkheda,Ahmedabad,20-06-2023,44.72,76.69,0.35,4.25,0.7,8.4
AHM01,Chandkheda,Ahmedabad,21-06-2023,41.91,71.56,0.33,4.33,0.7,7.72
AHM01,Chandkheda,Ahmedabad,22-06-2023,40.07,67.68,0.3,4.53,0.7,7.1
AHM01,Chandkheda,Ahmedabad,23-06-2023,49.31,82.22,0.29,4.7,0.7,6.27
AHM01,Chandkheda,Ahmedabad,24-06-2023,44.76,75.3,0.33,4.89,0.7,6.05
AHM01,Chandkheda,Ahmedabad,25-06-2023,31.06,52.89,0.33,4.68,0.7,6.31
AHM01,Chandkheda,Ahmedabad,26-06-2023,24,40.93,0.4,4.66,0.7,3.73
AHM01,Chandkheda,Ahmedabad,27-06-2023,23,41.09,0.41,4.29,0.7,5.92
AHM01,Chandkheda,Ahmedabad,28-06-2023,20.57,37.24,0.39,4.27,0.7,5.19
AHM01,Chandkheda,Ahmedabad,29-06-2023,19.69,34.84,0.42,4.26,0.7,3.74
AHM01,Chandkheda,Ahmedabad,30-06-2023,10.08,19.67,0.38,4.28,0.7,7.02
AHM01,Chandkheda,Ahmedabad,01-07-2023,11.05,19.76,0.4,4.26,0.69,3.75
AHM01,Chandkheda,Ahmedabad,02-07-2023,15.97,30.9,0.35,4.27,0.7,3.51
AHM01,Chandkheda,Ahmedabad,03-07-2023,26.06,45.75,0.29,4.31,0.7,6.27
AHM01,Chandkheda,Ahmedabad,04-07-2023,25.34,44.84,0.27,4.37,0.7,5.77
AHM01,Chandkheda,Ahmedabad,05-07-2023,33.55,58.18,0.23,4.29,0.7,6.33
AHM01,Chandkheda,Ahmedabad,06-07-2023,26.92,47.1,0.22,4.13,0.7,11.89
AHM01,Chandkheda,Ahmedabad,07-07-2023,28.59,48.13,0.18,4.39,0.7,7.3
AHM01,Chandkheda,Ahmedabad,08-07-2023,20.86,36.04,0.18,4.29,0.7,6.86
AHM01,Chandkheda,Ahmedabad,09-07-2023,12.05,20.61,0.15,4.25,0.7,7.82
AHM01,Chandkheda,Ahmedabad,10-07-2023,41.3,68.16,0.17,4.23,0.7,5.09
AHM01,Chandkheda,Ahmedabad,11-07-2023,50.42,95.2,1.67,4.32,0.7,5.11
AHM01,Chandkheda,Ahmedabad,12-07-2023,55.84,91.18,7.15,4.34,0.7,5.04
AHM01,Chandkheda,Ahmedabad,13-07-2023,55.41,90.99,7.06,4.87,1.69,4.58
AHM01,Chandkheda,Ahmedabad,14-07-2023,50.24,82.09,5.62,4.2,4.2,4.87
AHM01,Chandkheda,Ahmedabad,15-07-2023,39.78,66.79,5.54,4.23,3.99,5.81
AHM01,Chandkheda,Ahmedabad,16-07-2023,38.04,62.99,5.28,4.4,3.89,6.57
AHM01,Chandkheda,Ahmedabad,17-07-2023,45.82,76.81,6.07,4.21,2.46,7.15
AHM01,Chandkheda,Ahmedabad,18-07-2023,45.04,74.04,7.26,4.23,1.52,7.04
AHM01,Chandkheda,Ahmedabad,19-07-2023,41.13,68.61,7.04,4.42,1.68,6.55
AHM01,Chandkheda,Ahmedabad,20-07-2023,32.37,56.95,6.69,4.04,1.74,10.78
AHM01,Chandkheda,Ahmedabad,21-07-2023,32.13,54.71,6.03,4.1,2.07,8.19
AHM01,Chandkheda,Ahmedabad,22-07-2023,31.26,52.73,5.66,4.39,2.03,6.85
AHM01,Chandkheda,Ahmedabad,23-07-2023,22.13,38.68,5.55,4,2.09,7.35
AHM01,Chandkheda,Ahmedabad,24-07-2023,14.24,26.22,5.08,4.1,2.06,6.21
AHM01,Chandkheda,Ahmedabad,25-07-2023,15.25,27.05,4.82,4.57,1.91,5.81
AHM01,Chandkheda,Ahmedabad,26-07-2023,23.4,40.52,4.64,4.38,1.89,5.95
AHM01,Chandkheda,Ahmedabad,27-07-2023,30.81,50.93,4.45,4.04,1.97,5.06
AHM01,Chandkheda,Ahmedabad,28-07-2023,27.97,48.08,4.15,4.4,2.05,4.33
AHM01,Chandkheda,Ahmedabad,29-07-2023,20.92,37.04,4,4.28,2.12,3.87
AHM01,Chandkheda,Ahmedabad,30-07-2023,19.02,45.63,4.05,4,2.01,3.81
AHM01,Chandkheda,Ahmedabad,31-07-2023,20.71,36.15,4.01,4.1,1.91,3.58
AHM01,Chandkheda,Ahmedabad,01-08-2023,18.37,32.12,3.91,4.25,1.71,3.54
AHM01,Chandkheda,Ahmedabad,02-08-2023,24.53,43.21,NaN,3.98,1.6,3.35
AHM01,Chandkheda,Ahmedabad,03-08-2023,30.61,53.14,NaN,4.17,1.18,3.5
AHM01,Chandkheda,Ahmedabad,04-08-2023,32.1,56.26,NaN,4.39,0.37,3.26
AHM01,Chandkheda,Ahmedabad,05-08-2023,31.98,54.93,NaN,4.11,0.38,3.43
AHM01,Chandkheda,Ahmedabad,06-08-2023,35.46,61.94,NaN,4.09,0.35,3.2
AHM01,Chandkheda,Ahmedabad,07-08-2023,34.99,60.37,NaN,4.31,0.36,3.9
AHM01,Chandkheda,Ahmedabad,08-08-2023,34.55,60.56,NaN,4.13,0.4,4.01
AHM01,Chandkheda,Ahmedabad,09-08-2023,35.36,60.52,NaN,3.98,0.33,3.57
AHM01,Chandkheda,Ahmedabad,10-08-2023,33.71,58.09,NaN,4.17,0.34,2.62
AHM01,Chandkheda,Ahmedabad,11-08-2023,29.75,52.04,2.84,3.71,0.41,2.89
AHM01,Chandkheda,Ahmedabad,12-08-2023,33.26,57.49,2.97,4.02,0.08,NaN
AHM01,Chandkheda,Ahmedabad,13-08-2023,27.49,48.65,3,4.13,0.08,NaN
AHM01,Chandkheda,Ahmedabad,14-08-2023,28.7,50.99,3,4.16,0.08,NaN
AHM01,Chandkheda,Ahmedabad,15-08-2023,30.22,54.36,3,4.2,0.08,NaN
AHM01,Chandkheda,Ahmedabad,16-08-2023,37.75,65.46,3.01,4.19,0.05,NaN
AHM01,Chandkheda,Ahmedabad,17-08-2023,44.88,75.59,2.99,4.15,0.03,NaN
AHM01,Chandkheda,Ahmedabad,18-08-2023,47.13,79.23,3,4.09,0.03,NaN
AHM01,Chandkheda,Ahmedabad,19-08-2023,52.26,88.33,2.99,4.15,0.03,NaN
AHM01,Chandkheda,Ahmedabad,20-08-2023,30.5,51.82,3.01,4.07,0.01,NaN
AHM01,Chandkheda,Ahmedabad,21-08-2023,34.16,58.69,3,4.11,0.04,NaN
AHM01,Chandkheda,Ahmedabad,22-08-2023,38.05,66.43,3,4.03,0.02,NaN
AHM01,Chandkheda,Ahmedabad,23-08-2023,30.44,53.8,2.99,4.08,0.02,NaN
AHM01,Chandkheda,Ahmedabad,24-08-2023,27.64,49.88,3,4.1,0.02,NaN
AHM01,Chandkheda,Ahmedabad,25-08-2023,32.11,56.46,3,4.14,0.02,NaN
AHM01,Chandkheda,Ahmedabad,26-08-2023,38.37,66.55,3,4.21,0.02,NaN
AHM01,Chandkheda,Ahmedabad,27-08-2023,48.78,83.7,3.01,4.19,0.01,NaN
AHM01,Chandkheda,Ahmedabad,28-08-2023,38.78,66.94,3.01,4.23,0.01,NaN
AHM01,Chandkheda,Ahmedabad,29-08-2023,34.87,59.5,3,4.67,0,NaN
AHM01,Chandkheda,Ahmedabad,30-08-2023,44.25,73.6,3,5.28,0,NaN
AHM01,Chandkheda,Ahmedabad,31-08-2023,49.48,83.67,3,5.89,0,NaN
AHM01,Chandkheda,Ahmedabad,01-09-2023,48.84,82.1,3,5.82,0,NaN
AHM01,Chandkheda,Ahmedabad,02-09-2023,49.85,83.93,3,5.6,0,NaN
AHM01,Chandkheda,Ahmedabad,03-09-2023,56.24,93.66,3,6.49,0,NaN
AHM01,Chandkheda,Ahmedabad,04-09-2023,51.88,85.56,3.01,5.91,0,8.74
AHM01,Chandkheda,Ahmedabad,05-09-2023,41.94,69.59,3,6.78,0,8.22
AHM01,Chandkheda,Ahmedabad,06-09-2023,42.26,75.89,3,5.71,0,9.11
AHM01,Chandkheda,Ahmedabad,07-09-2023,20.52,40.72,3,4.84,NaN,8.33
AHM01,Chandkheda,Ahmedabad,08-09-2023,18.77,40.45,3,5.26,NaN,8.42
AHM01,Chandkheda,Ahmedabad,09-09-2023,20.57,36.68,2.99,4.99,NaN,8.43
AHM01,Chandkheda,Ahmedabad,10-09-2023,25.61,45.12,3,6.4,NaN,8.28
AHM01,Chandkheda,Ahmedabad,11-09-2023,28.01,48.64,2.99,6.04,NaN,8.2
AHM01,Chandkheda,Ahmedabad,12-09-2023,27.05,47.06,3,5.9,NaN,8.28
AHM01,Chandkheda,Ahmedabad,13-09-2023,26.57,45.39,2.99,5.82,NaN,8.06
AHM01,Chandkheda,Ahmedabad,14-09-2023,30.44,52.64,2.99,6.73,NaN,7.9
AHM01,Chandkheda,Ahmedabad,15-09-2023,32.4,56.95,3,6.92,NaN,NaN
AHM01,Chandkheda,Ahmedabad,16-09-2023,30.26,53.75,3,6.56,NaN,NaN
AHM01,Chandkheda,Ahmedabad,17-09-2023,12.39,22.74,3,4.69,NaN,NaN
AHM01,Chandkheda,Ahmedabad,18-09-2023,6.72,12.99,3,4.27,NaN,NaN
AHM01,Chandkheda,Ahmedabad,19-09-2023,10.14,18.98,3,4.44,NaN,NaN
AHM01,Chandkheda,Ahmedabad,20-09-2023,18.08,33.36,3,7.28,NaN,NaN
AHM01,Chandkheda,Ahmedabad,21-09-2023,28.1,51.32,3,8.59,NaN,NaN
AHM01,Chandkheda,Ahmedabad,22-09-2023,24.29,44.4,2.99,5.54,NaN,NaN
AHM01,Chandkheda,Ahmedabad,23-09-2023,31.25,55.46,3,5.68,NaN,NaN
AHM01,Chandkheda,Ahmedabad,24-09-2023,24.42,43.61,3,5.5,NaN,NaN
AHM01,Chandkheda,Ahmedabad,25-09-2023,39.47,68.23,3,5.83,NaN,NaN
AHM01,Chandkheda,Ahmedabad,26-09-2023,47.79,84.76,3,6.66,NaN,NaN
AHM01,Chandkheda,Ahmedabad,27-09-2023,37.66,87.01,5.07,12.25,0,13.91
AHM01,Chandkheda,Ahmedabad,28-09-2023,42.89,84.38,7,4.14,0.93,13.66
AHM01,Chandkheda,Ahmedabad,29-09-2023,39.64,83.94,7,4.13,1.07,13.62
AHM01,Chandkheda,Ahmedabad,30-09-2023,62.71,121.05,7.01,4.15,1.19,14.99
AHM01,Chandkheda,Ahmedabad,01-10-2023,61.02,106.74,7,4.07,1.27,14.95
AHM01,Chandkheda,Ahmedabad,02-10-2023,72.92,124.44,7,4.11,1.29,14.4
AHM01,Chandkheda,Ahmedabad,03-10-2023,56.11,97.4,7,5.44,1.26,13.58
AHM01,Chandkheda,Ahmedabad,04-10-2023,52.86,91.71,7.01,5.16,1.06,3.42
AHM01,Chandkheda,Ahmedabad,05-10-2023,48.17,82.34,7,8.14,0.83,21.86
AHM01,Chandkheda,Ahmedabad,06-10-2023,48.35,83.06,7,5.74,0.8,38
AHM01,Chandkheda,Ahmedabad,07-10-2023,43.79,78.87,7.01,4.71,0.78,37.13
AHM01,Chandkheda,Ahmedabad,08-10-2023,48.16,85.09,7,5.3,0.72,37.07
AHM01,Chandkheda,Ahmedabad,09-10-2023,39.89,73.22,6.99,5.54,0.68,3.63
AHM01,Chandkheda,Ahmedabad,10-10-2023,39.4,68.79,7,6.23,0.62,3.72
AHM01,Chandkheda,Ahmedabad,11-10-2023,46.82,83.82,7,5.25,0.85,9.01
AHM01,Chandkheda,Ahmedabad,12-10-2023,55.3,100.63,6.99,6.13,0.96,23.07
AHM01,Chandkheda,Ahmedabad,13-10-2023,67.24,122.01,7,5.5,1.1,25.8
AHM01,Chandkheda,Ahmedabad,14-10-2023,85.42,152.62,7,8.02,1.28,26.94
AHM01,Chandkheda,Ahmedabad,15-10-2023,44.73,83.1,7.01,6.89,0.69,26.57
AHM01,Chandkheda,Ahmedabad,16-10-2023,48.94,86.25,7,6.02,0.77,26.19
AHM01,Chandkheda,Ahmedabad,17-10-2023,45.05,81.34,7,7.21,0.71,26.35
AHM01,Chandkheda,Ahmedabad,18-10-2023,49.89,88.47,7,5.7,0.71,26.31
AHM01,Chandkheda,Ahmedabad,19-10-2023,69.67,125.15,7,5.1,0.7,NaN
AHM01,Chandkheda,Ahmedabad,20-10-2023,55.58,106.37,6.99,4.54,0.68,NaN
AHM01,Chandkheda,Ahmedabad,21-10-2023,59.99,110.68,7,4.75,0.82,21.89
AHM01,Chandkheda,Ahmedabad,22-10-2023,60.13,109.14,7,4.74,0.78,20.34
AHM01,Chandkheda,Ahmedabad,23-10-2023,57.68,104.81,7,4.59,0.72,20.74
AHM01,Chandkheda,Ahmedabad,24-10-2023,55.05,101.7,6.99,5.37,0.68,20.68
AHM01,Chandkheda,Ahmedabad,25-10-2023,69.55,122.15,6.99,5.35,0.98,20.33
AHM01,Chandkheda,Ahmedabad,26-10-2023,109.51,185.21,7.01,6.39,1.45,20.25
AHM01,Chandkheda,Ahmedabad,27-10-2023,NaN,NaN,NaN,NaN,NaN,NaN
AHM01,Chandkheda,Ahmedabad,28-10-2023,NaN,NaN,NaN,NaN,NaN,NaN
AHM01,Chandkheda,Ahmedabad,29-10-2023,NaN,NaN,NaN,NaN,NaN,NaN
AHM01,Chandkheda,Ahmedabad,30-10-2023,62.55,116.22,7,5.59,0.91,26.32
AHM01,Chandkheda,Ahmedabad,31-10-2023,69.61,129.28,7,6.23,0.91,25.55
AHM01,Chandkheda,Ahmedabad,01-11-2023,68.51,125.78,7,6.34,0.78,25.09
AHM01,Chandkheda,Ahmedabad,02-11-2023,61.82,111.83,7,5.72,0.74,25.67
AHM01,Chandkheda,Ahmedabad,03-11-2023,74.04,132.41,7,7.11,1.02,25.21
AHM01,Chandkheda,Ahmedabad,04-11-2023,84.02,150.2,7,5.54,1.17,24.8
AHM01,Chandkheda,Ahmedabad,05-11-2023,74.47,133.69,7,5.2,1.07,24.96
AHM01,Chandkheda,Ahmedabad,06-11-2023,75.91,137.45,7,5.34,0.9,24.91
AHM01,Chandkheda,Ahmedabad,07-11-2023,67.57,123.36,7.01,4.95,0.71,23.83
AHM01,Chandkheda,Ahmedabad,08-11-2023,82.39,148.6,7,5.87,1.13,25.9
AHM01,Chandkheda,Ahmedabad,09-11-2023,85.83,149.43,7,5.93,0.86,25.05
AHM01,Chandkheda,Ahmedabad,10-11-2023,90.92,161.04,7.09,3.93,0.82,25.21
AHM01,Chandkheda,Ahmedabad,11-11-2023,52.88,96.54,7.75,1.08,0.31,26.25
AHM01,Chandkheda,Ahmedabad,12-11-2023,53.75,100.68,8.81,3.23,0.24,26.68
AHM01,Chandkheda,Ahmedabad,13-11-2023,97.57,174.9,13.15,3.35,0.4,25.99
AHM01,Chandkheda,Ahmedabad,14-11-2023,68.26,125.92,13.48,1.68,0.28,26.31
AHM01,Chandkheda,Ahmedabad,15-11-2023,47.31,90.34,13.4,1.18,0.16,27.75
AHM01,Chandkheda,Ahmedabad,16-11-2023,47.82,91.36,13.34,0.71,0.17,28.42
AHM01,Chandkheda,Ahmedabad,17-11-2023,60.68,112.29,13.84,0.92,0.4,28.48
AHM01,Chandkheda,Ahmedabad,18-11-2023,59.79,111.7,12.34,1.75,0.72,27.98
AHM01,Chandkheda,Ahmedabad,19-11-2023,62.92,119.11,9.58,2.16,0.71,27.55
AHM01,Chandkheda,Ahmedabad,20-11-2023,63.24,120.61,9.83,2.26,0.65,27.54
AHM01,Chandkheda,Ahmedabad,21-11-2023,59.85,112.89,10.54,1.87,0.64,27.6
AHM01,Chandkheda,Ahmedabad,22-11-2023,65.7,121.11,11.7,2.53,0.58,25.88
AHM01,Chandkheda,Ahmedabad,23-11-2023,61.68,111.71,12.19,1.7,0.86,25.7
AHM01,Chandkheda,Ahmedabad,24-11-2023,50.92,96.37,11.46,2.02,0.58,28.2
AHM01,Chandkheda,Ahmedabad,25-11-2023,44.6,87.93,11.75,1.91,0.28,29.57
AHM01,Chandkheda,Ahmedabad,26-11-2023,33.99,64.86,11.34,1.41,0.36,25.21
AHM01,Chandkheda,Ahmedabad,27-11-2023,12.01,26,10.66,2.42,0.55,24.06
AHM01,Chandkheda,Ahmedabad,28-11-2023,23.91,51.05,11.69,4.5,0.84,25.12
AHM01,Chandkheda,Ahmedabad,29-11-2023,25.67,59.46,12.18,5.14,0.88,25.25
AHM01,Chandkheda,Ahmedabad,30-11-2023,31.62,73,12.3,4.71,0.83,25.45
AHM01,Chandkheda,Ahmedabad,01-12-2023,26.81,64.07,12.59,4.68,0.77,26.26
AHM01,Chandkheda,Ahmedabad,02-12-2023,26.02,59.87,11.39,4.68,0.75,25.6
AHM01,Chandkheda,Ahmedabad,03-12-2023,27.7,56.79,11.37,4.67,0.7,25.4
AHM01,Chandkheda,Ahmedabad,04-12-2023,20.53,45.55,11.15,4.57,0.75,25.83
AHM01,Chandkheda,Ahmedabad,05-12-2023,20.67,43.95,11.71,4.69,0.57,25.9
AHM01,Chandkheda,Ahmedabad,06-12-2023,27.49,60.63,12.21,4.72,0.66,25.91
AHM01,Chandkheda,Ahmedabad,07-12-2023,38.02,78.76,12.52,4.9,0.73,26.41
AHM01,Chandkheda,Ahmedabad,08-12-2023,42.96,83.2,12.96,4.2,0.66,25.49
AHM01,Chandkheda,Ahmedabad,09-12-2023,39.44,77.23,13.85,2.83,0.61,25.39
AHM01,Chandkheda,Ahmedabad,10-12-2023,44.67,82.26,16.07,3.1,0.65,25.14
AHM01,Chandkheda,Ahmedabad,11-12-2023,41.71,79.84,17.76,3.01,0.61,25.11
AHM01,Chandkheda,Ahmedabad,12-12-2023,37.86,73.58,18.65,3.01,0.62,25.1
AHM01,Chandkheda,Ahmedabad,13-12-2023,43.49,80.67,17.72,3.08,0.58,25.34
AHM01,Chandkheda,Ahmedabad,14-12-2023,37.22,70.19,17.19,3.13,0.53,25.95
AHM01,Chandkheda,Ahmedabad,15-12-2023,44.73,83.6,15.27,3.13,0.56,25.62
AHM01,Chandkheda,Ahmedabad,16-12-2023,52.76,96.91,10.34,3.24,0.9,24.99
AHM01,Chandkheda,Ahmedabad,17-12-2023,50.97,90.11,7.29,3.32,1.02,25.18
AHM01,Chandkheda,Ahmedabad,18-12-2023,58.38,110.67,5.73,3.04,0.83,25.73
AHM01,Chandkheda,Ahmedabad,19-12-2023,36.55,66.34,4.25,2.95,0.62,24.84
AHM01,Chandkheda,Ahmedabad,20-12-2023,35.9,66.36,3.82,3.04,0.48,23.52
AHM01,Chandkheda,Ahmedabad,21-12-2023,40.18,72.35,3.38,3.44,0.56,23.13
AHM01,Chandkheda,Ahmedabad,22-12-2023,43.74,77.15,4.74,3.29,0.47,23.08
AHM01,Chandkheda,Ahmedabad,23-12-2023,51.74,91.56,8.66,4.04,0.62,22.45
AHM01,Chandkheda,Ahmedabad,24-12-2023,59.98,105.85,7.83,3.25,0.61,23.06
AHM01,Chandkheda,Ahmedabad,25-12-2023,85.3,151.02,8.01,3.07,0.8,22.85
AHM01,Chandkheda,Ahmedabad,26-12-2023,79.72,137.86,10.22,3.01,0.67,22.18
AHM01,Chandkheda,Ahmedabad,27-12-2023,78.59,139.2,13.24,3.15,0.58,22.09
AHM01,Chandkheda,Ahmedabad,28-12-2023,62.22,111.6,10.78,3.2,0.52,22.7
AHM01,Chandkheda,Ahmedabad,29-12-2023,54.94,99.4,8.26,3.14,0.53,22.7
AHM01,Chandkheda,Ahmedabad,30-12-2023,68.98,124.19,10.07,3.01,0.52,22.36
AHM01,Chandkheda,Ahmedabad,31-12-2023,68.03,124.22,10.08,2.81,0.56,21.62
AHM01,Chandkheda,Ahmedabad,01-01-2024,73.2,130.53,13.22,3.03,0.54,22.13
AHM01,Chandkheda,Ahmedabad,02-01-2024,57.24,107.92,9.07,2.84,0.49,22.34
AHM01,Chandkheda,Ahmedabad,03-01-2024,55.91,100.13,7.31,3.46,0.49,21.75
AHM01,Chandkheda,Ahmedabad,04-01-2024,52.81,93.18,7.03,2.93,0.52,21.89
AHM01,Chandkheda,Ahmedabad,05-01-2024,61.24,106.82,5.81,3.13,0.68,22.01
AHM01,Chandkheda,Ahmedabad,06-01-2024,49.21,87.78,4.65,2.8,0.53,22.05
AHM01,Chandkheda,Ahmedabad,07-01-2024,46.6,86.41,4.37,2.87,0.43,22.39
AHM01,Chandkheda,Ahmedabad,08-01-2024,53.83,95.96,4.67,2.86,0.42,21.96
AHM01,Chandkheda,Ahmedabad,09-01-2024,56.66,102.9,6.78,3.69,0.36,21.78
AHM01,Chandkheda,Ahmedabad,10-01-2024,56.25,102.54,5.87,3.32,0.45,22.15
AHM01,Chandkheda,Ahmedabad,11-01-2024,50.6,90.82,12.96,3.42,0.36,21.82
AHM01,Chandkheda,Ahmedabad,12-01-2024,52.59,92.7,22.83,3.93,0.28,21.58
AHM01,Chandkheda,Ahmedabad,13-01-2024,60.24,103.83,25.85,4.21,0.29,21.3
AHM01,Chandkheda,Ahmedabad,14-01-2024,51.82,89.52,24.76,5.19,0.32,21.31
AHM01,Chandkheda,Ahmedabad,15-01-2024,46.52,80.75,22.93,5.2,0.18,22.39
AHM01,Chandkheda,Ahmedabad,16-01-2024,63.15,108.81,22.49,4.1,0.5,21.7
AHM01,Chandkheda,Ahmedabad,17-01-2024,70.2,117.84,23.79,4.62,1.11,21.45
AHM01,Chandkheda,Ahmedabad,18-01-2024,59.99,102.8,20.23,4.14,1.25,21.86
AHM01,Chandkheda,Ahmedabad,19-01-2024,54.43,94.67,17.42,4.18,1.06,22.27
AHM01,Chandkheda,Ahmedabad,20-01-2024,55.64,95.29,15.05,4.23,1.05,22.03
AHM01,Chandkheda,Ahmedabad,21-01-2024,53.86,92.87,14.31,4.01,1.36,22.22
AHM01,Chandkheda,Ahmedabad,22-01-2024,79.37,130.26,16,4.14,1.43,21.84
AHM01,Chandkheda,Ahmedabad,23-01-2024,79.2,131.69,16.61,4.66,1.25,21.59
AHM01,Chandkheda,Ahmedabad,24-01-2024,73.4,125.33,17.71,4.7,1.33,21.41
AHM01,Chandkheda,Ahmedabad,25-01-2024,58.02,98.58,17.85,5.7,0.86,22.54
AHM01,Chandkheda,Ahmedabad,26-01-2024,52.71,90.42,17.24,4.99,0.7,23.48
AHM01,Chandkheda,Ahmedabad,27-01-2024,69.88,117.67,19.67,7.37,0.65,23.03
AHM01,Chandkheda,Ahmedabad,28-01-2024,83.05,139.56,24.35,8.39,0.92,14.15
AHM01,Chandkheda,Ahmedabad,29-01-2024,55.1,95,22.97,9.86,0.41,14.27
AHM01,Chandkheda,Ahmedabad,30-01-2024,72.19,122.89,22.18,11.29,0.82,14.85
AHM01,Chandkheda,Ahmedabad,31-01-2024,70.61,120.74,23.99,3.92,2.15,12.13
AHM01,Chandkheda,Ahmedabad,01-02-2024,55.12,92.21,23.96,5.75,1.37,13.87
AHM01,Chandkheda,Ahmedabad,02-02-2024,65.9,110.53,21.9,8.8,1.91,13.34
AHM01,Chandkheda,Ahmedabad,03-02-2024,84.87,139.23,25.26,9.39,1.88,13.23
AHM01,Chandkheda,Ahmedabad,04-02-2024,83.65,141.6,28.25,13.85,1.44,18.47
AHM01,Chandkheda,Ahmedabad,05-02-2024,63.46,112,30.42,8.94,1.09,16.09
AHM01,Chandkheda,Ahmedabad,06-02-2024,58.05,101.53,23.89,11.22,1.39,16.89
AHM01,Chandkheda,Ahmedabad,07-02-2024,52.28,92.56,23.1,10.43,1.4,14.99
AHM01,Chandkheda,Ahmedabad,08-02-2024,56.08,101.69,21.52,9.23,1.54,18.76
AHM01,Chandkheda,Ahmedabad,09-02-2024,51.85,88.73,21.82,12.64,1.61,20.9
AHM01,Chandkheda,Ahmedabad,10-02-2024,53.98,98.05,31.18,9.34,0.99,27.3
AHM01,Chandkheda,Ahmedabad,11-02-2024,55.78,100.51,55.77,9.34,0.91,27.95
AHM01,Chandkheda,Ahmedabad,12-02-2024,66.67,120.62,44.49,9.33,0.61,30.63
AHM01,Chandkheda,Ahmedabad,13-02-2024,51.39,90.92,67.12,9.99,0.55,31.42
AHM01,Chandkheda,Ahmedabad,14-02-2024,21.75,39.33,80.84,9.67,0.46,31.07
AHM01,Chandkheda,Ahmedabad,15-02-2024,18.2,33,91.46,10.25,0.51,34.31
AHM01,Chandkheda,Ahmedabad,16-02-2024,10.53,19.74,92.44,8.35,0.93,36.92
AHM01,Chandkheda,Ahmedabad,17-02-2024,12.58,22.11,130.36,11.11,0.82,27
AHM01,Chandkheda,Ahmedabad,18-02-2024,10.13,17.46,185.41,14.44,0.76,15.26
AHM01,Chandkheda,Ahmedabad,19-02-2024,49.55,91.11,121.59,7.63,1.04,21.68
AHM01,Chandkheda,Ahmedabad,20-02-2024,55.68,96.06,54.9,4.92,1.95,19.05
AHM01,Chandkheda,Ahmedabad,21-02-2024,48.16,84.23,46.5,3.98,1.63,19.88
AHM01,Chandkheda,Ahmedabad,22-02-2024,49.63,85.86,60.4,4.65,1.57,24.22
AHM01,Chandkheda,Ahmedabad,23-02-2024,74.17,131.59,48.02,7.61,1.88,27.82
AHM01,Chandkheda,Ahmedabad,24-02-2024,65.22,117.45,28.55,7.22,1.86,31.89
AHM01,Chandkheda,Ahmedabad,25-02-2024,66.73,117.4,26.58,8.88,1.87,31.89
AHM01,Chandkheda,Ahmedabad,26-02-2024,83.55,158.22,22.69,6.2,1.72,34.56
AHM01,Chandkheda,Ahmedabad,27-02-2024,69.74,134.98,61.05,6.82,1.15,41.01
AHM01,Chandkheda,Ahmedabad,28-02-2024,62.47,119.48,48.35,5.58,1.14,47.33
AHM01,Chandkheda,Ahmedabad,29-02-2024,80.82,148.77,52.8,8.06,1.45,39.85
AHM01,Chandkheda,Ahmedabad,01-03-2024,85.08,150.13,65.21,8.88,1.13,30.08
AHM01,Chandkheda,Ahmedabad,02-03-2024,51.14,91.3,66.89,5.84,0.86,22.59
AHM01,Chandkheda,Ahmedabad,03-03-2024,NaN,NaN,NaN,NaN,NaN,NaN
AHM01,Chandkheda,Ahmedabad,04-03-2024,52.82,93.5,42.83,7.82,1.08,42.16
AHM01,Chandkheda,Ahmedabad,05-03-2024,56.44,104.48,37.51,8.84,1.06,34.89
AHM01,Chandkheda,Ahmedabad,06-03-2024,78.13,155,45.83,8.55,0.98,33.84
AHM01,Chandkheda,Ahmedabad,07-03-2024,72.3,126.17,52.83,6.39,0.94,32.95
AHM01,Chandkheda,Ahmedabad,08-03-2024,63.25,112.58,59.83,7.53,0.79,29.53
AHM01,Chandkheda,Ahmedabad,09-03-2024,57.76,105.2,57.37,6.89,0.77,41.92
AHM01,Chandkheda,Ahmedabad,10-03-2024,76.35,139.48,58.89,8.59,1.06,41.57
AHM01,Chandkheda,Ahmedabad,11-03-2024,66.72,120.35,42.23,7.74,0.78,31.11
AHM01,Chandkheda,Ahmedabad,12-03-2024,53.54,95.34,50.14,5,0.72,23.44
AHM01,Chandkheda,Ahmedabad,13-03-2024,49.58,88.85,51.82,6.99,0.58,25.82
AHM01,Chandkheda,Ahmedabad,14-03-2024,98.38,166.4,53.54,7.54,0.33,45.79
AHM01,Chandkheda,Ahmedabad,15-03-2024,154.86,262.08,59.9,6.19,2.01,19.47
AHM01,Chandkheda,Ahmedabad,16-03-2024,91.16,165.95,39.85,6.26,0.88,32.27
AHM01,Chandkheda,Ahmedabad,17-03-2024,69.85,139.48,21.66,5.99,0.53,42.66
AHM01,Chandkheda,Ahmedabad,18-03-2024,55.14,109.21,24.42,7.24,0.43,37.09
AHM01,Chandkheda,Ahmedabad,19-03-2024,71.96,128.41,22.07,7.99,0.75,28.81
AHM01,Chandkheda,Ahmedabad,20-03-2024,65.54,114.76,24.98,10.66,0.65,29.5
AHM01,Chandkheda,Ahmedabad,21-03-2024,71.67,131.16,44.25,11.6,1.33,35.74
AHM01,Chandkheda,Ahmedabad,22-03-2024,69.32,124.41,83.39,7.65,1.16,23.65
AHM01,Chandkheda,Ahmedabad,23-03-2024,58.61,101.75,132.2,14.47,1.68,15.4
AHM01,Chandkheda,Ahmedabad,24-03-2024,61.86,104.26,169.6,12.69,1.93,11.85
AHM01,Chandkheda,Ahmedabad,25-03-2024,55.94,95.83,163.8,11.27,1.35,13.62
AHM01,Chandkheda,Ahmedabad,26-03-2024,73.81,136.12,154.23,5.74,0.71,11.44
AHM01,Chandkheda,Ahmedabad,27-03-2024,57.4,91.44,94.02,10.43,0.36,24.66
AHM01,Chandkheda,Ahmedabad,28-03-2024,67.38,109.93,28.71,7.25,0.8,31.55
AHM01,Chandkheda,Ahmedabad,29-03-2024,57.26,103.22,23.14,6.38,1.42,26.6
AHM01,Chandkheda,Ahmedabad,30-03-2024,51.4,89.39,10.46,6.58,1.56,21.75
AHM01,Chandkheda,Ahmedabad,31-03-2024,58.6,100.56,7.49,6.15,1.61,26
AHM01,Chandkheda,Ahmedabad,01-04-2024,65.72,111.55,6.57,6.23,1.13,24.65
AHM01,Chandkheda,Ahmedabad,02-04-2024,59.73,101.88,5.89,8.83,1.15,26.81
AHM01,Chandkheda,Ahmedabad,03-04-2024,49.99,84.49,7.54,10.06,1.33,21.32
AHM01,Chandkheda,Ahmedabad,04-04-2024,56.36,98.64,27.58,7,1.29,22.34
AHM01,Chandkheda,Ahmedabad,05-04-2024,57.17,99.46,28.05,6.42,1.21,21.27
AHM01,Chandkheda,Ahmedabad,06-04-2024,58.67,100.24,11.35,7.59,1.2,27.7
AHM01,Chandkheda,Ahmedabad,07-04-2024,58.08,99.59,18.25,7.54,1.43,26.87
AHM01,Chandkheda,Ahmedabad,08-04-2024,71.47,122.69,21.45,5.42,1.23,27.8
AHM01,Chandkheda,Ahmedabad,09-04-2024,86.17,147.15,26.07,7.6,1.08,31.75
AHM01,Chandkheda,Ahmedabad,10-04-2024,65.6,117.13,27.07,7.09,0.5,35.62
AHM01,Chandkheda,Ahmedabad,11-04-2024,73.91,136.44,26.09,9.43,0.75,29.97
AHM01,Chandkheda,Ahmedabad,12-04-2024,43.89,82.39,22,8.03,0.53,39.62
AHM01,Chandkheda,Ahmedabad,13-04-2024,58.2,100.55,42.63,13.29,0.17,25.06
AHM01,Chandkheda,Ahmedabad,14-04-2024,50.9,92.95,52.85,12.18,0.27,20.94
AHM01,Chandkheda,Ahmedabad,15-04-2024,46.9,85.35,51.57,6.57,0.86,24.87
AHM01,Chandkheda,Ahmedabad,16-04-2024,48.63,88.48,28.84,6.31,0.95,34.78
AHM01,Chandkheda,Ahmedabad,17-04-2024,67.26,116.83,40.55,9.08,2.14,31.3
AHM01,Chandkheda,Ahmedabad,18-04-2024,50,88.49,35.56,9.9,1.93,24.73
AHM01,Chandkheda,Ahmedabad,19-04-2024,77.9,132.76,34.21,8.13,1.5,21.2
AHM01,Chandkheda,Ahmedabad,20-04-2024,51.68,89.81,32.91,8.7,1.65,30.56
AHM01,Chandkheda,Ahmedabad,21-04-2024,54.01,93.25,32.99,7.94,1.08,24.49
AHM01,Chandkheda,Ahmedabad,22-04-2024,44.26,77.75,34.76,6.74,1.17,29.66
AHM01,Chandkheda,Ahmedabad,23-04-2024,50.58,88.91,53.86,6.41,1.34,26.56
AHM01,Chandkheda,Ahmedabad,24-04-2024,64.38,109.84,85.17,9.3,0.97,25.96
AHM01,Chandkheda,Ahmedabad,25-04-2024,59.81,104.55,24.92,8.23,0.4,30.21
AHM01,Chandkheda,Ahmedabad,26-04-2024,60.27,103.63,14.65,8.21,0.38,23.01
AHM01,Chandkheda,Ahmedabad,27-04-2024,68.87,117.35,14.89,9.25,0.44,20.33
AHM01,Chandkheda,Ahmedabad,28-04-2024,77.52,133.44,19.5,9.69,0.44,27.47
AHM01,Chandkheda,Ahmedabad,29-04-2024,65.02,113.24,22.97,6.34,0.48,27.26
AHM01,Chandkheda,Ahmedabad,30-04-2024,78.69,136.53,23.24,4.95,0.5,30.95
AHM01,Chandkheda,Ahmedabad,01-05-2024,82.62,141.61,21.93,6.68,0.39,33.92
AHM01,Chandkheda,Ahmedabad,02-05-2024,117.44,200.66,32.82,9.44,0.82,37.75
AHM01,Chandkheda,Ahmedabad,03-05-2024,76.39,130.36,37.43,4.82,1.08,31.18
AHM01,Chandkheda,Ahmedabad,04-05-2024,79.76,141.04,38.71,4.82,0.51,16.5
AHM01,Chandkheda,Ahmedabad,05-05-2024,53.1,91.8,38.87,3.83,0.47,17.09
AHM01,Chandkheda,Ahmedabad,06-05-2024,50.12,86.71,39.5,2.21,0.84,19.09
AHM01,Chandkheda,Ahmedabad,07-05-2024,53.06,92.19,37.15,1.88,0.69,8.12
AHM01,Chandkheda,Ahmedabad,08-05-2024,72.94,124.84,32.62,4.87,0.87,19.28
AHM01,Chandkheda,Ahmedabad,09-05-2024,55.47,97.43,18.6,13.31,0.72,39.04
AHM01,Chandkheda,Ahmedabad,10-05-2024,39.19,68.44,18.75,5.05,0.7,36.78
AHM01,Chandkheda,Ahmedabad,11-05-2024,43.32,76.12,18.58,6.17,0.72,47.66
AHM01,Chandkheda,Ahmedabad,12-05-2024,46.02,80.09,18.78,5.91,0.66,44.72
AHM01,Chandkheda,Ahmedabad,13-05-2024,57.48,80.28,54.67,9.28,0.64,55.99
AHM01,Chandkheda,Ahmedabad,14-05-2024,42.26,78.66,75.42,14.86,0.97,74.66
AHM01,Chandkheda,Ahmedabad,15-05-2024,80.8,140.5,43.14,10.78,1.14,58.16
AHM01,Chandkheda,Ahmedabad,16-05-2024,42.78,78.24,25.36,9.17,0.47,59.71
AHM01,Chandkheda,Ahmedabad,17-05-2024,49.14,93.54,47.06,12.3,0.34,56.5
AHM01,Chandkheda,Ahmedabad,18-05-2024,60.76,107.29,41.89,17.45,0.74,46.34
AHM01,Chandkheda,Ahmedabad,19-05-2024,63.6,112.8,36.74,9.72,0.42,54.59
AHM01,Chandkheda,Ahmedabad,20-05-2024,41.86,74.98,31.36,10.9,0.47,44.84
AHM01,Chandkheda,Ahmedabad,21-05-2024,51.93,90.57,36.5,19.74,2.02,47.04
AHM01,Chandkheda,Ahmedabad,22-05-2024,61.5,103.75,45.95,22.47,1.15,32.03
AHM01,Chandkheda,Ahmedabad,23-05-2024,67.18,116.02,NaN,24.46,1.36,31.62
AHM01,Chandkheda,Ahmedabad,24-05-2024,53.38,92.82,41.07,26.44,1.33,32.74
AHM01,Chandkheda,Ahmedabad,25-05-2024,50.6,87.43,42.9,22.44,1.27,32.36
AHM01,Chandkheda,Ahmedabad,26-05-2024,55.38,96.4,38.81,21.1,0.9,NaN
AHM01,Chandkheda,Ahmedabad,27-05-2024,58.22,100.82,39.97,20.94,0.79,34.81
AHM01,Chandkheda,Ahmedabad,28-05-2024,59.4,105.48,39.75,20.02,1.01,56.27
AHM01,Chandkheda,Ahmedabad,29-05-2024,53.3,94.88,38.85,21.53,0.72,10.76
AHM01,Chandkheda,Ahmedabad,30-05-2024,58.12,99.78,34.9,20.04,1.61,106.63
AHM01,Chandkheda,Ahmedabad,31-05-2024,55.9,101.1,49.25,18.12,0.48,65.67
AHM01,Chandkheda,Ahmedabad,01-06-2024,48.47,85.64,47.86,18.07,0.54,20.5
AHM01,Chandkheda,Ahmedabad,02-06-2024,40.72,71.91,58.71,14.15,0.55,48.78
AHM01,Chandkheda,Ahmedabad,03-06-2024,53.84,92.69,60.05,14.08,0.54,21.14
AHM01,Chandkheda,Ahmedabad,04-06-2024,54.4,94.37,74.24,14.09,0.54,10.56
AHM01,Chandkheda,Ahmedabad,05-06-2024,52.04,89.57,78.38,13.89,0.54,8.13
AHM01,Chandkheda,Ahmedabad,06-06-2024,49.08,82.24,80.33,14.3,0.55,9.01
AHM01,Chandkheda,Ahmedabad,07-06-2024,46.92,80.71,79.6,14.09,0.54,23.68
AHM01,Chandkheda,Ahmedabad,08-06-2024,56.13,98.76,80.54,14.14,0.54,22.71
AHM01,Chandkheda,Ahmedabad,09-06-2024,51.41,90.98,80.22,13.97,0.55,12.71
AHM01,Chandkheda,Ahmedabad,10-06-2024,35.74,62.4,79.33,13.71,0.54,13.06
AHM01,Chandkheda,Ahmedabad,11-06-2024,30.65,54.33,80.85,13.24,0.54,14.7
AHM01,Chandkheda,Ahmedabad,12-06-2024,40.95,71.48,82.46,13.48,0.76,12.65
AHM01,Chandkheda,Ahmedabad,13-06-2024,40.56,72.91,75.55,7.62,1.17,59.33
AHM01,Chandkheda,Ahmedabad,14-06-2024,27.86,50.31,70.43,3.06,1.1,47.64
AHM01,Chandkheda,Ahmedabad,15-06-2024,28.27,50.35,65.08,3.65,1.06,42.76
AHM01,Chandkheda,Ahmedabad,16-06-2024,35.07,61.73,51.32,3.63,1.03,28.75
AHM01,Chandkheda,Ahmedabad,17-06-2024,39.26,71.12,53.45,4.82,1,37.31
AHM01,Chandkheda,Ahmedabad,18-06-2024,40.07,71.72,60.61,9.14,0.94,30.51
AHM01,Chandkheda,Ahmedabad,19-06-2024,36.06,64.58,53.45,8.17,0.57,14.98
AHM01,Chandkheda,Ahmedabad,20-06-2024,46.08,81.85,37.95,8.83,0.73,34.73
AHM01,Chandkheda,Ahmedabad,21-06-2024,49.17,87.48,NaN,8.82,NaN,36.94
AHM01,Chandkheda,Ahmedabad,22-06-2024,53.23,90.66,NaN,7.8,0,3.65
AHM01,Chandkheda,Ahmedabad,23-06-2024,61.65,105.23,NaN,8.34,NaN,3.55
AHM01,Chandkheda,Ahmedabad,24-06-2024,40.76,67.78,NaN,8.11,1.15,8.82
AHM01,Chandkheda,Ahmedabad,25-06-2024,29.34,50.36,NaN,8.52,1.92,37.09
AHM01,Chandkheda,Ahmedabad,26-06-2024,30.11,52.46,NaN,8.21,1.25,23.77
AHM01,Chandkheda,Ahmedabad,27-06-2024,23.37,40.96,42.28,8.33,1.06,24.93
AHM01,Chandkheda,Ahmedabad,28-06-2024,17.57,31.9,95.81,10.4,0.89,23.32
AHM01,Chandkheda,Ahmedabad,29-06-2024,26.26,44.9,97.24,11.39,0.9,23.16
AHM01,Chandkheda,Ahmedabad,30-06-2024,19.49,32.95,91.93,9.47,0.91,22.87
AHM01,Chandkheda,Ahmedabad,01-07-2024,10.16,18.93,74.58,10.13,0.76,25.1
AHM01,Chandkheda,Ahmedabad,02-07-2024,18.68,30.65,27.71,8.08,0.76,31.16
AHM01,Chandkheda,Ahmedabad,03-07-2024,29.66,50.25,20.1,8.3,1.19,25.58
AHM01,Chandkheda,Ahmedabad,04-07-2024,29.66,52.83,12.67,8.94,1.68,21.07
AHM01,Chandkheda,Ahmedabad,05-07-2024,25.63,44.35,16.3,9.42,1.92,15.96
AHM01,Chandkheda,Ahmedabad,06-07-2024,37.18,65.45,20.63,9.25,1.67,16.16
AHM01,Chandkheda,Ahmedabad,07-07-2024,42.91,74.25,23.96,11.91,1.87,21.4
AHM01,Chandkheda,Ahmedabad,08-07-2024,42.83,72.74,18.68,10.69,1.72,23.78
AHM01,Chandkheda,Ahmedabad,09-07-2024,41.35,70.78,22.13,11.36,1.17,24.65
AHM01,Chandkheda,Ahmedabad,10-07-2024,21.91,38.23,33.22,10.76,0.61,23.82
AHM01,Chandkheda,Ahmedabad,11-07-2024,24.16,41.84,29.4,11.3,0.74,26.49
AHM01,Chandkheda,Ahmedabad,12-07-2024,28.32,51.74,27.35,11.12,0.84,23.35
AHM01,Chandkheda,Ahmedabad,13-07-2024,30.31,52.01,23.02,10.73,0.95,23.23
AHM01,Chandkheda,Ahmedabad,14-07-2024,36.9,63.91,22.72,11.49,1.07,27.94
AHM01,Chandkheda,Ahmedabad,15-07-2024,28.27,48.86,23.12,11.7,1.23,19.3
AHM01,Chandkheda,Ahmedabad,16-07-2024,23.14,42.72,19.35,15.1,1.28,21.28
AHM01,Chandkheda,Ahmedabad,17-07-2024,19.05,32.71,31.19,11.81,0.98,21.1
AHM01,Chandkheda,Ahmedabad,18-07-2024,22.08,39.57,30.95,11.47,1.06,23.84
AHM01,Chandkheda,Ahmedabad,19-07-2024,18.74,35.39,31.29,11.67,1.17,24.08
AHM01,Chandkheda,Ahmedabad,20-07-2024,20.37,36.76,32.16,12.01,1.2,23
AHM01,Chandkheda,Ahmedabad,21-07-2024,24.32,43.2,30.84,12.39,1.26,22.22
AHM01,Chandkheda,Ahmedabad,22-07-2024,18.06,34.33,30.02,11.23,1.22,23.51
AHM01,Chandkheda,Ahmedabad,23-07-2024,12.29,22.1,27.7,7.35,1.08,17.79
AHM01,Chandkheda,Ahmedabad,24-07-2024,13.65,24.71,25.58,8.54,0.91,17.84
AHM01,Chandkheda,Ahmedabad,25-07-2024,21.18,38.11,23.22,9.67,0.77,15.39
AHM01,Chandkheda,Ahmedabad,26-07-2024,26.64,47.35,22.08,9.35,0.69,15.28
AHM01,Chandkheda,Ahmedabad,27-07-2024,31.77,54.53,25.26,7.77,0.71,18.23
AHM01,Chandkheda,Ahmedabad,28-07-2024,36.19,60.78,19.84,8.96,0.8,20.72
AHM01,Chandkheda,Ahmedabad,29-07-2024,26.14,43.69,22.55,9.06,0.84,17.82
AHM01,Chandkheda,Ahmedabad,30-07-2024,24.63,42.04,28.76,8.86,0.78,22.04
AHM01,Chandkheda,Ahmedabad,31-07-2024,24.99,44.06,27.69,9.33,0.46,20.69
AHM01,Chandkheda,Ahmedabad,01-08-2024,13.87,26.33,24.85,8.91,0.53,15.59
AHM01,Chandkheda,Ahmedabad,02-08-2024,14.28,25.93,27.97,8.95,0.59,22.25
AHM01,Chandkheda,Ahmedabad,03-08-2024,11.04,20.35,25.42,8.81,0.64,16.28
AHM01,Chandkheda,Ahmedabad,04-08-2024,17.12,32.49,22.24,9.2,0.73,17.95
AHM01,Chandkheda,Ahmedabad,05-08-2024,16.5,30.22,25.38,11.6,0.87,19.44
AHM01,Chandkheda,Ahmedabad,06-08-2024,16.54,29.53,28.9,15.83,1.04,21.23
AHM01,Chandkheda,Ahmedabad,07-08-2024,22.26,40.72,28.16,15.09,0.83,24.39
AHM01,Chandkheda,Ahmedabad,08-08-2024,25.03,44.91,28.23,15.02,0.67,19.7
AHM01,Chandkheda,Ahmedabad,09-08-2024,22.31,41.69,26.8,12.46,0.74,21.84
AHM01,Chandkheda,Ahmedabad,10-08-2024,14.49,27.39,28,14.08,0.76,21.43
AHM01,Chandkheda,Ahmedabad,11-08-2024,16.01,30.76,27.82,13.79,0.57,19.97
AHM01,Chandkheda,Ahmedabad,12-08-2024,28.07,56.69,26.38,13.72,0.68,20.47
AHM01,Chandkheda,Ahmedabad,13-08-2024,17.32,32.81,28.01,11.92,0.67,21.37
AHM01,Chandkheda,Ahmedabad,14-08-2024,16.64,30.97,26.01,10.78,0.58,20.01
AHM01,Chandkheda,Ahmedabad,15-08-2024,21.11,39.34,27.09,11.97,0.65,19.13
AHM01,Chandkheda,Ahmedabad,16-08-2024,22.51,41.19,30.93,10.48,0.72,16.74
AHM01,Chandkheda,Ahmedabad,17-08-2024,19.01,34.8,31.47,11.39,0.52,14.86
AHM01,Chandkheda,Ahmedabad,18-08-2024,21.97,39.55,27.68,10.27,0.43,15.88
AHM01,Chandkheda,Ahmedabad,19-08-2024,27.9,50.34,24.74,10.09,0.48,16.9
AHM01,Chandkheda,Ahmedabad,20-08-2024,33.22,57.67,29.06,10.46,0.48,21.99
AHM01,Chandkheda,Ahmedabad,21-08-2024,29.42,54.11,31.54,11.16,0.61,18.96
AHM01,Chandkheda,Ahmedabad,22-08-2024,30.78,56.06,31.41,8.4,0.67,17.44
AHM01,Chandkheda,Ahmedabad,23-08-2024,29.42,51.53,30.98,8.62,0.79,21.21
AHM01,Chandkheda,Ahmedabad,24-08-2024,17.16,30.28,33.54,7.48,0.77,15.71
AHM01,Chandkheda,Ahmedabad,25-08-2024,14.5,27.19,31.48,5.94,0.76,8.57
AHM01,Chandkheda,Ahmedabad,26-08-2024,3.46,7.18,49.35,5.74,0.65,14.08
AHM01,Chandkheda,Ahmedabad,27-08-2024,2.99,6.47,61.78,6.14,0.42,16.31
AHM01,Chandkheda,Ahmedabad,28-08-2024,8.85,16.43,56.97,8.75,0.51,16.38
AHM01,Chandkheda,Ahmedabad,29-08-2024,14.43,27.72,47.39,8.87,0.44,17.08
AHM01,Chandkheda,Ahmedabad,30-08-2024,20.77,36.93,27.05,9.14,0.48,14.19
AHM01,Chandkheda,Ahmedabad,31-08-2024,26.85,47.48,21.32,8.56,1.29,15.55
AHM01,Chandkheda,Ahmedabad,01-09-2024,30.55,54.52,20.4,8.09,0.5,18.29
AHM01,Chandkheda,Ahmedabad,02-09-2024,19.63,36.75,19.4,7.85,0.51,13.11
AHM01,Chandkheda,Ahmedabad,03-09-2024,9.9,19.33,24.72,9.19,0.61,13.51
AHM01,Chandkheda,Ahmedabad,04-09-2024,12.7,24.17,21.28,8.33,0.6,19.07
AHM01,Chandkheda,Ahmedabad,05-09-2024,22.8,40.33,22.08,7.34,0.67,14.65
AHM01,Chandkheda,Ahmedabad,06-09-2024,21.21,38.15,21.07,8.63,0.7,17.62
AHM01,Chandkheda,Ahmedabad,07-09-2024,31.75,56,21.42,8.78,0.7,14.41
AHM01,Chandkheda,Ahmedabad,08-09-2024,32.27,56.88,21.45,9.15,0.72,16.4
AHM01,Chandkheda,Ahmedabad,09-09-2024,34.22,62.85,18.62,10.19,0.79,21.91
AHM01,Chandkheda,Ahmedabad,10-09-2024,27.39,49.31,10.6,7.76,0.77,19.26
AHM01,Chandkheda,Ahmedabad,11-09-2024,34.21,61.03,11.02,4.91,0.81,19.96
AHM01,Chandkheda,Ahmedabad,12-09-2024,44.86,78.8,16.68,7.65,0.78,24.83
AHM01,Chandkheda,Ahmedabad,13-09-2024,35.86,65.23,27.35,8.55,0.68,18.61
AHM01,Chandkheda,Ahmedabad,14-09-2024,25.29,48.77,28.38,9.73,0.75,21.97
AHM01,Chandkheda,Ahmedabad,15-09-2024,31,55.21,27.64,8.53,0.7,19.64
AHM01,Chandkheda,Ahmedabad,16-09-2024,33.82,60.32,27.67,4.47,0.58,19.37
AHM01,Chandkheda,Ahmedabad,17-09-2024,32.68,58.85,27.51,5.64,0.58,22.24
AHM01,Chandkheda,Ahmedabad,18-09-2024,33.14,62.03,26.69,4.47,0.54,15.31
AHM01,Chandkheda,Ahmedabad,19-09-2024,36.54,64.94,24.02,5.65,0.53,16.13
AHM01,Chandkheda,Ahmedabad,20-09-2024,37.04,66.24,18.48,9.6,0.52,21.37
AHM01,Chandkheda,Ahmedabad,21-09-2024,39.07,68.81,15,6.41,0.48,25.79
AHM01,Chandkheda,Ahmedabad,22-09-2024,39.93,71.55,12.26,8.29,0.45,21.26
AHM01,Chandkheda,Ahmedabad,23-09-2024,44.74,80.21,12.11,8.59,0.48,25.86
AHM01,Chandkheda,Ahmedabad,24-09-2024,49.71,86.35,17.74,6.41,0.56,32.48
AHM01,Chandkheda,Ahmedabad,25-09-2024,42.26,72.83,11.24,8.14,0.55,24.84
AHM01,Chandkheda,Ahmedabad,26-09-2024,54.75,88.12,28.58,7.87,0.66,22.99
AHM01,Chandkheda,Ahmedabad,27-09-2024,33.95,55.96,18.27,7.21,0.63,15.76
AHM01,Chandkheda,Ahmedabad,28-09-2024,42.24,70.71,26.68,9.38,0.71,14.22
AHM01,Chandkheda,Ahmedabad,29-09-2024,31.69,60.98,19.23,9.62,0.71,6.52
AHM01,Chandkheda,Ahmedabad,30-09-2024,53.27,91.83,22.91,9.52,0.81,15.08
AHM01,Chandkheda,Ahmedabad,01-10-2024,95.33,146.26,24.94,13.88,0.76,28.85
AHM01,Chandkheda,Ahmedabad,02-10-2024,40.65,66.53,19.7,7.21,0.49,27.53
AHM01,Chandkheda,Ahmedabad,03-10-2024,67.37,101.7,15.79,7.74,0.4,24.17
AHM01,Chandkheda,Ahmedabad,04-10-2024,87.41,132,25.58,9.14,0.54,24.65
AHM01,Chandkheda,Ahmedabad,05-10-2024,63.56,102.61,11.32,5.33,0.56,22
AHM01,Chandkheda,Ahmedabad,06-10-2024,78.1,130.62,16.84,5.57,0.64,31.07
AHM01,Chandkheda,Ahmedabad,07-10-2024,77.36,146.08,16.68,5.67,0.61,31.8
AHM01,Chandkheda,Ahmedabad,08-10-2024,83.09,160.82,18.13,5.6,0.71,36.48
AHM01,Chandkheda,Ahmedabad,09-10-2024,75.88,146.89,16.66,5.71,0.68,37.04
AHM01,Chandkheda,Ahmedabad,10-10-2024,66.16,134.65,16.44,5.46,0.67,24.39
AHM01,Chandkheda,Ahmedabad,11-10-2024,52.29,101.56,13.31,5.89,0.53,34.94
AHM01,Chandkheda,Ahmedabad,12-10-2024,42.66,86.83,11.44,6.06,0.61,24.14
AHM01,Chandkheda,Ahmedabad,13-10-2024,31.53,68.61,9.85,6.18,0.64,30.2
AHM01,Chandkheda,Ahmedabad,14-10-2024,38.22,71.41,12.85,6.24,0.69,27.39
AHM01,Chandkheda,Ahmedabad,15-10-2024,25.68,67.03,10.79,5.94,0.69,32.14
AHM01,Chandkheda,Ahmedabad,16-10-2024,62.73,106.35,16.35,4.81,0.75,30.48
AHM01,Chandkheda,Ahmedabad,17-10-2024,96.52,150.61,19.53,5.3,0.6,39.61
AHM01,Chandkheda,Ahmedabad,18-10-2024,86.26,145.73,17.41,4.82,0.61,38.85
AHM01,Chandkheda,Ahmedabad,19-10-2024,89.45,137.13,21.56,4.86,0.72,37
AHM01,Chandkheda,Ahmedabad,20-10-2024,74.67,107.26,18.56,8.35,0.74,29.3
AHM01,Chandkheda,Ahmedabad,21-10-2024,61.76,97.69,13.54,9.96,0.67,32.61
AHM01,Chandkheda,Ahmedabad,22-10-2024,62.72,103.1,12.63,4.87,0.55,40.73
AHM01,Chandkheda,Ahmedabad,23-10-2024,85.75,136.42,22.46,5.39,0.69,42.9
AHM01,Chandkheda,Ahmedabad,24-10-2024,109.48,158.57,18.48,6.07,0.68,62.91
AHM01,Chandkheda,Ahmedabad,25-10-2024,111.5,157.84,21.8,6.67,0.84,63.67
AHM01,Chandkheda,Ahmedabad,26-10-2024,149.97,198.8,24.03,8.68,0.87,63.58
AHM01,Chandkheda,Ahmedabad,27-10-2024,87.38,121.26,14.31,8.39,0.59,56.25
AHM01,Chandkheda,Ahmedabad,28-10-2024,99.48,126.58,15.91,10.28,0.74,50.65
AHM01,Chandkheda,Ahmedabad,29-10-2024,95.77,122.43,12.82,7.94,0.63,52.99
AHM01,Chandkheda,Ahmedabad,30-10-2024,91.61,132.38,13.07,7.87,0.56,46.05
AHM01,Chandkheda,Ahmedabad,31-10-2024,103.27,176.27,13.42,13.56,0.56,58.06
AHM01,Chandkheda,Ahmedabad,01-11-2024,121.16,211.17,13.58,14.28,0.52,58.15
AHM01,Chandkheda,Ahmedabad,02-11-2024,104.77,217.97,14.18,9.33,0.54,46.92
AHM01,Chandkheda,Ahmedabad,03-11-2024,87.41,179.41,11.72,7.15,0.48,68.18
AHM01,Chandkheda,Ahmedabad,04-11-2024,71.29,151.66,14.7,5.9,0.64,69.85
AHM01,Chandkheda,Ahmedabad,05-11-2024,64.56,145.4,15.7,5.15,0.59,63.81
AHM01,Chandkheda,Ahmedabad,06-11-2024,102.65,221.75,20.01,5.96,0.64,66.36
AHM01,Chandkheda,Ahmedabad,07-11-2024,108.87,233.97,21.24,7.14,0.85,58.94
AHM01,Chandkheda,Ahmedabad,08-11-2024,87.38,182.37,21.64,4.05,0.71,44.68
AHM01,Chandkheda,Ahmedabad,09-11-2024,70.28,147.38,22.39,4.96,0.64,56.43
AHM01,Chandkheda,Ahmedabad,10-11-2024,71.52,152.52,21.48,3.75,0.66,48.65
AHM01,Chandkheda,Ahmedabad,11-11-2024,74.79,159.19,23.66,3.88,0.67,49.37
AHM01,Chandkheda,Ahmedabad,12-11-2024,71.25,154.75,22.62,4.06,0.66,46.94
AHM01,Chandkheda,Ahmedabad,13-11-2024,68.68,148.85,21.19,6.76,0.8,57.35
AHM01,Chandkheda,Ahmedabad,14-11-2024,69.96,156.29,19.61,7.4,0.59,61.52
AHM01,Chandkheda,Ahmedabad,15-11-2024,92,196.9,24.58,9.54,0.64,41.92
AHM01,Chandkheda,Ahmedabad,16-11-2024,89.55,183.94,28.73,8.14,0.68,33.67
AHM01,Chandkheda,Ahmedabad,17-11-2024,58.38,127.97,19.61,6.8,0.57,36.26
AHM01,Chandkheda,Ahmedabad,18-11-2024,60.2,131.82,20.65,5.36,0.54,37.03
AHM01,Chandkheda,Ahmedabad,19-11-2024,60.09,128.07,20.21,7.5,0.56,37.17
AHM01,Chandkheda,Ahmedabad,20-11-2024,59.66,126.78,22.21,7.13,0.58,39.49
AHM01,Chandkheda,Ahmedabad,21-11-2024,60.92,129.68,19.36,9.41,0.47,43.83
AHM01,Chandkheda,Ahmedabad,22-11-2024,63.18,135.93,19.3,9.25,0.5,46.76
AHM01,Chandkheda,Ahmedabad,23-11-2024,68.1,140.36,20.54,10.47,0.57,41.93
AHM01,Chandkheda,Ahmedabad,24-11-2024,66.14,139.06,19.11,9.52,0.54,45.13
AHM01,Chandkheda,Ahmedabad,25-11-2024,68.67,140.72,25.65,9.68,0.69,39.74
AHM01,Chandkheda,Ahmedabad,26-11-2024,74.81,149.1,28.15,8.66,0.89,27.83
AHM01,Chandkheda,Ahmedabad,27-11-2024,77.75,154.42,32.19,8.35,0.85,23.46
AHM01,Chandkheda,Ahmedabad,28-11-2024,59.98,122.16,20.94,9.33,0.58,28.27
AHM01,Chandkheda,Ahmedabad,29-11-2024,51.6,110.31,19.15,9.25,0.45,43.76
AHM01,Chandkheda,Ahmedabad,30-11-2024,59.41,128.35,18.74,10.2,0.63,49.78
AHM01,Chandkheda,Ahmedabad,01-12-2024,55.47,120.17,18.91,10.41,0.58,60.82
AHM01,Chandkheda,Ahmedabad,02-12-2024,56.28,118.35,18.74,10.07,0.62,57.87
AHM01,Chandkheda,Ahmedabad,03-12-2024,54.42,113.11,19.44,11.74,0.68,51.07
AHM01,Chandkheda,Ahmedabad,04-12-2024,56.64,120.29,18.52,13.9,0.59,56.74
AHM01,Chandkheda,Ahmedabad,05-12-2024,47.24,101.47,18.34,11.86,0.54,48
AHM01,Chandkheda,Ahmedabad,06-12-2024,53.14,108.24,18.41,13.86,0.54,41.26
AHM01,Chandkheda,Ahmedabad,07-12-2024,58.72,121.17,19.37,10.78,0.57,30.18
AHM01,Chandkheda,Ahmedabad,08-12-2024,51.01,106.08,18.92,14.96,0.46,34.05
AHM01,Chandkheda,Ahmedabad,09-12-2024,73.57,156.22,26.53,11.43,0.63,37.49
AHM01,Chandkheda,Ahmedabad,10-12-2024,52.7,112.6,23.45,12.96,0.66,46.73
AHM01,Chandkheda,Ahmedabad,11-12-2024,46.36,97.91,30.97,9.97,0.8,46.61
AHM01,Chandkheda,Ahmedabad,12-12-2024,62.81,128.48,24.31,7.02,1.13,47.74
AHM01,Chandkheda,Ahmedabad,13-12-2024,56.56,122.62,14.43,6.66,0.65,53.16
AHM01,Chandkheda,Ahmedabad,14-12-2024,46.21,98.73,14.98,7.78,0.63,50.27
AHM01,Chandkheda,Ahmedabad,15-12-2024,45.31,94.56,18.96,9.75,0.78,47.03
AHM01,Chandkheda,Ahmedabad,16-12-2024,52.88,105.71,22.21,10.67,1.17,41.83
AHM01,Chandkheda,Ahmedabad,17-12-2024,59.69,119.75,22.23,9.13,0.97,38.51
AHM01,Chandkheda,Ahmedabad,18-12-2024,62.6,126.37,24.88,10.5,1.42,44.25
AHM01,Chandkheda,Ahmedabad,19-12-2024,72.3,147.78,25.83,17.94,1.25,44.66
AHM01,Chandkheda,Ahmedabad,20-12-2024,75.34,154,22.84,12.05,1.08,38.73
AHM01,Chandkheda,Ahmedabad,21-12-2024,83.51,173.31,21.57,10.99,1.27,48.42
AHM01,Chandkheda,Ahmedabad,22-12-2024,75.25,153.86,20.31,13.71,1.35,42.69
AHM01,Chandkheda,Ahmedabad,23-12-2024,81.31,164.52,18.46,13.27,1.09,41.86
AHM01,Chandkheda,Ahmedabad,24-12-2024,78.23,159.23,20.89,9.06,0.62,40.25
AHM01,Chandkheda,Ahmedabad,25-12-2024,84.17,174.32,17.4,4.57,0.81,43.33
AHM01,Chandkheda,Ahmedabad,26-12-2024,91.43,184.94,18.81,5.91,1.11,37.79
AHM01,Chandkheda,Ahmedabad,27-12-2024,99.18,195.38,24.26,7.36,1.44,23.62
AHM01,Chandkheda,Ahmedabad,28-12-2024,73.75,147.07,21.91,7.24,1.05,28.67
AHM01,Chandkheda,Ahmedabad,29-12-2024,43.01,93.62,15.32,3.5,0.5,43.99
AHM01,Chandkheda,Ahmedabad,30-12-2024,38.13,81.17,19.85,5.32,0.67,37.34
AHM01,Chandkheda,Ahmedabad,31-12-2024,44.47,90.19,21.26,5.21,0.55,20.96
AHM01,Chandkheda,Ahmedabad,01-01-2025,41.49,85.96,19.3,4.14,0.81,32.59
AHM01,Chandkheda,Ahmedabad,02-01-2025,41.4,84.53,23.54,5.87,0.92,34.89
AHM01,Chandkheda,Ahmedabad,03-01-2025,54.24,105,32.83,10.09,1.16,27.58
AHM01,Chandkheda,Ahmedabad,04-01-2025,57.72,113.45,33.15,6.58,1.04,25.57
AHM01,Chandkheda,Ahmedabad,05-01-2025,54.19,112.85,20.06,9.26,0.75,42.56
AHM01,Chandkheda,Ahmedabad,06-01-2025,44.45,92.41,17.25,8.93,0.42,47.31
AHM01,Chandkheda,Ahmedabad,07-01-2025,43.41,90.17,21.82,6.05,0.45,39.46
AHM01,Chandkheda,Ahmedabad,08-01-2025,41.58,83.37,21.85,6.2,0.57,37.73
AHM01,Chandkheda,Ahmedabad,09-01-2025,37.37,76.23,29.83,6.48,0.71,60.34
AHM01,Chandkheda,Ahmedabad,10-01-2025,44.35,89.02,48.43,9.44,0.95,61.3
AHM01,Chandkheda,Ahmedabad,11-01-2025,67.8,135.07,44.06,16.84,1.07,48.32
AHM01,Chandkheda,Ahmedabad,12-01-2025,50.04,102.27,34.5,10.71,0.76,52.23
AHM01,Chandkheda,Ahmedabad,13-01-2025,39.99,84.01,29.04,5.03,0.68,55.6
AHM01,Chandkheda,Ahmedabad,14-01-2025,41.4,88.31,22.84,7.34,0.71,63.02
AHM01,Chandkheda,Ahmedabad,15-01-2025,41.33,85.8,24.02,7.71,0.64,64.88
AHM01,Chandkheda,Ahmedabad,16-01-2025,49.88,103.1,34.56,7.54,0.43,50.89
AHM01,Chandkheda,Ahmedabad,17-01-2025,47.18,105.55,24.65,4.99,0.43,61.16
AHM01,Chandkheda,Ahmedabad,18-01-2025,46.77,95.61,36.96,7.47,0.88,47.12
AHM01,Chandkheda,Ahmedabad,19-01-2025,61.25,125.07,50.78,15.15,1.41,45.56
AHM01,Chandkheda,Ahmedabad,20-01-2025,77.66,150.53,56.78,8.15,1.28,37.31
AHM01,Chandkheda,Ahmedabad,21-01-2025,61.27,121.1,47.5,10.23,1.03,45.21
AHM01,Chandkheda,Ahmedabad,22-01-2025,66.84,131.24,37.57,17.03,0.82,49.56
AHM01,Chandkheda,Ahmedabad,23-01-2025,41.58,87.91,29.72,11.53,0.42,55.44
AHM01,Chandkheda,Ahmedabad,24-01-2025,45.89,100.49,32.26,9.87,0.51,53.55
AHM01,Chandkheda,Ahmedabad,25-01-2025,40.34,83.11,37.66,8.68,0.77,55.85
AHM01,Chandkheda,Ahmedabad,26-01-2025,72.53,109.57,36.15,11.79,0.84,60.1
AHM01,Chandkheda,Ahmedabad,27-01-2025,52.89,103.67,48.13,18.97,0.98,46.92
AHM01,Chandkheda,Ahmedabad,28-01-2025,57.56,114.79,44.15,12.15,1.1,50.68
AHM01,Chandkheda,Ahmedabad,29-01-2025,71.92,141.28,66.27,18.93,1.58,43.2
AHM01,Chandkheda,Ahmedabad,30-01-2025,41.48,82.68,33.81,12.91,0.81,42.6
AHM01,Chandkheda,Ahmedabad,31-01-2025,44.8,88.17,34.82,13.65,0.71,44.3
AHM01,Chandkheda,Ahmedabad,01-02-2025,48.9,90.41,27.95,17.92,0.59,54.25
AHM01,Chandkheda,Ahmedabad,02-02-2025,65.9,120.35,48.3,17.24,1.01,63.4
AHM01,Chandkheda,Ahmedabad,03-02-2025,55.54,104.1,45.05,16.94,0.88,66.82
AHM01,Chandkheda,Ahmedabad,04-02-2025,49.51,100.45,28.85,22.38,0.6,100.18
AHM01,Chandkheda,Ahmedabad,05-02-2025,49.66,94.39,40.67,30.98,0.78,70.93
AHM01,Chandkheda,Ahmedabad,06-02-2025,63.18,137.99,25.26,22.27,0.4,87.02
AHM01,Chandkheda,Ahmedabad,07-02-2025,40.67,88.17,16.04,9.87,0.37,99.28
AHM01,Chandkheda,Ahmedabad,08-02-2025,36.24,69.79,37.25,10.6,0.93,85.44
AHM01,Chandkheda,Ahmedabad,09-02-2025,44.3,85.02,41.87,15.87,0.82,69.11
AHM01,Chandkheda,Ahmedabad,10-02-2025,54.79,102.18,49.29,18.38,1.05,70.65
AHM01,Chandkheda,Ahmedabad,11-02-2025,51.28,95.92,42.85,20.97,1.42,53.35
AHM01,Chandkheda,Ahmedabad,12-02-2025,50.51,92.6,39.4,17.59,1.01,45.76
AHM01,Chandkheda,Ahmedabad,13-02-2025,47.34,88.43,41.16,16.93,1.13,61.97
AHM01,Chandkheda,Ahmedabad,14-02-2025,69.79,125.7,61.24,19.9,1.71,46.68
AHM01,Chandkheda,Ahmedabad,15-02-2025,60.52,109.48,51.24,36.48,1.34,39.52
AHM01,Chandkheda,Ahmedabad,16-02-2025,46.48,85.11,38.45,23.53,1.02,34.54
AHM01,Chandkheda,Ahmedabad,17-02-2025,49.53,90.28,38.06,22.22,1.23,38.87
AHM01,Chandkheda,Ahmedabad,18-02-2025,46.08,88.4,40.73,13.52,1.16,39.23
AHM01,Chandkheda,Ahmedabad,19-02-2025,36.35,69.58,31.67,14.35,0.82,54.91
AHM01,Chandkheda,Ahmedabad,20-02-2025,37.34,69.79,26.29,25.48,0.68,36.3
AHM01,Chandkheda,Ahmedabad,21-02-2025,54.45,102.08,39.63,16.97,0.96,49.29
AHM01,Chandkheda,Ahmedabad,22-02-2025,53.77,100.26,36.01,19.04,0.98,70.24
AHM01,Chandkheda,Ahmedabad,23-02-2025,63.2,118.42,36.6,14.08,1.3,57.45
AHM01,Chandkheda,Ahmedabad,24-02-2025,65.96,129.27,38.58,9.66,1.04,53.14
AHM01,Chandkheda,Ahmedabad,25-02-2025,56.31,109.19,33.14,7.48,0.88,63.9
AHM01,Chandkheda,Ahmedabad,26-02-2025,75.52,144.23,41.43,9.32,1.18,66.93
AHM01,Chandkheda,Ahmedabad,27-02-2025,98.28,186.52,51.33,25.29,1.67,68.97
AHM01,Chandkheda,Ahmedabad,28-02-2025,66.55,124.25,32.69,14.86,1.36,40.61
AHM01,Chandkheda,Ahmedabad,01-03-2025,77.98,146.04,29.22,15.16,1.13,35.21
AHM01,Chandkheda,Ahmedabad,02-03-2025,84.2,154.15,29.29,7.27,1.26,52.24
AHM01,Chandkheda,Ahmedabad,03-03-2025,72.01,137.39,29.1,12.48,1.37,51.39
AHM01,Chandkheda,Ahmedabad,04-03-2025,77.29,167,18.6,5.85,0.93,68.23
AHM01,Chandkheda,Ahmedabad,05-03-2025,77.5,165.87,24.23,7.14,0.77,69.32
AHM01,Chandkheda,Ahmedabad,06-03-2025,89.42,154.97,40.23,12.51,1.21,52.22
AHM01,Chandkheda,Ahmedabad,07-03-2025,120.5,163.61,39.74,17.28,1.5,48.99
AHM01,Chandkheda,Ahmedabad,08-03-2025,110.06,147.61,33.91,21.56,1.63,44.65
AHM01,Chandkheda,Ahmedabad,09-03-2025,121.86,166.09,39.82,31.74,1.64,59.13
AHM01,Chandkheda,Ahmedabad,10-03-2025,109.68,154.59,80.46,24.49,1.27,55.4
AHM01,Chandkheda,Ahmedabad,11-03-2025,106.77,153.81,57.02,28.92,1.42,69.15
AHM01,Chandkheda,Ahmedabad,12-03-2025,115.86,163.11,46.15,27.96,0.68,52.14
AHM01,Chandkheda,Ahmedabad,13-03-2025,68.06,95.54,32.25,25.28,0.87,48.44
AHM01,Chandkheda,Ahmedabad,14-03-2025,57.99,79.31,NaN,24.11,1.16,43.25
AHM01,Chandkheda,Ahmedabad,15-03-2025,59.91,82.42,35.3,18.43,1.1,39.16
AHM01,Chandkheda,Ahmedabad,16-03-2025,75.6,103.12,NaN,16.42,1.09,56.44
AHM01,Chandkheda,Ahmedabad,17-03-2025,56.53,79.72,41.71,13.35,0.96,67.72
AHM01,Chandkheda,Ahmedabad,18-03-2025,64.01,96.6,NaN,13.09,1.04,74.47
AHM01,Chandkheda,Ahmedabad,19-03-2025,78.33,111.88,67.16,19.09,0.62,73.84
AHM01,Chandkheda,Ahmedabad,20-03-2025,70.35,100.09,62.95,21.81,0.92,50.51
AHM01,Chandkheda,Ahmedabad,21-03-2025,61.48,86.25,70.02,18.83,0.74,48.96
AHM01,Chandkheda,Ahmedabad,22-03-2025,88.18,119.74,99.9,25.76,1.02,74.84
AHM01,Chandkheda,Ahmedabad,23-03-2025,98.47,136.87,110.92,26.25,1.21,67.09
AHM01,Chandkheda,Ahmedabad,24-03-2025,90.31,126.5,119.22,29.02,1.35,72.55
AHM01,Chandkheda,Ahmedabad,25-03-2025,95.98,132.73,83.99,26.06,1.17,64.27
AHM01,Chandkheda,Ahmedabad,26-03-2025,70.01,97.73,32.16,24.59,0.75,48.57
AHM01,Chandkheda,Ahmedabad,27-03-2025,68.91,102.31,33.37,16.6,0.53,41.79
AHM01,Chandkheda,Ahmedabad,28-03-2025,60.09,107.89,31.25,18.33,0.28,71.18
AHM01,Chandkheda,Ahmedabad,29-03-2025,58.81,112.71,31.13,11.88,0.75,78.51
AHM01,Chandkheda,Ahmedabad,30-03-2025,61.05,112.63,28.11,13.96,0.69,84.84
AHM01,Chandkheda,Ahmedabad,31-03-2025,57.97,108.52,29.11,14.73,0.7,80.99
AHM01,Chandkheda,Ahmedabad,01-04-2025,48.61,101.81,26.98,14.84,0.67,88.7
AHM01,Chandkheda,Ahmedabad,02-04-2025,58.02,119.33,36.73,17.63,1.11,82.62
AHM01,Chandkheda,Ahmedabad,03-04-2025,74.56,147.18,41.35,24.38,1.09,70.56
AHM01,Chandkheda,Ahmedabad,04-04-2025,49.1,98.28,39.9,13.02,0.98,42.36
AHM01,Chandkheda,Ahmedabad,05-04-2025,65.29,129.08,51.1,16.83,1.17,43.32
AHM01,Chandkheda,Ahmedabad,06-04-2025,52.31,103.15,42.67,15.47,1.24,47.13
AHM01,Chandkheda,Ahmedabad,07-04-2025,43.38,84.83,52.01,12.7,0.92,47.23
AHM01,Chandkheda,Ahmedabad,08-04-2025,56.6,112.62,81.41,24.47,1,55.73
AHM01,Chandkheda,Ahmedabad,09-04-2025,52.51,107.85,69.02,18.7,0.65,71.05
AHM01,Chandkheda,Ahmedabad,10-04-2025,49.23,102.95,64.76,20.5,0.55,77.77
AHM01,Chandkheda,Ahmedabad,11-04-2025,39.39,78.14,52.5,12.49,0.62,34.9
AHM01,Chandkheda,Ahmedabad,12-04-2025,55.62,102.54,62.16,4.38,0.82,25.53
AHM01,Chandkheda,Ahmedabad,13-04-2025,45.59,88.36,57.23,11.58,0.73,34.15
AHM01,Chandkheda,Ahmedabad,14-04-2025,53.61,106.4,46.07,3.36,0.57,34.32
AHM01,Chandkheda,Ahmedabad,15-04-2025,39.39,78.44,41.57,7.23,0.82,36.06
AHM01,Chandkheda,Ahmedabad,16-04-2025,49.23,92.2,47.44,5.48,1.03,41.97
AHM01,Chandkheda,Ahmedabad,17-04-2025,55.33,104.39,49.72,7.62,0.97,34.31
AHM01,Chandkheda,Ahmedabad,18-04-2025,45.21,87.43,46.19,9.57,0.69,35.71
AHM01,Chandkheda,Ahmedabad,19-04-2025,60.7,117.35,49.98,18.2,0.53,54.31
AHM01,Chandkheda,Ahmedabad,20-04-2025,58.73,109.41,47.94,10.81,0.67,46.18
AHM01,Chandkheda,Ahmedabad,21-04-2025,68.96,116.36,42.64,16.29,0.69,56.09
AHM01,Chandkheda,Ahmedabad,22-04-2025,79.32,165.14,57.4,9.48,0.56,59.7
AHM01,Chandkheda,Ahmedabad,23-04-2025,84.71,212.35,82.96,23.77,1.26,44.44
AHM01,Chandkheda,Ahmedabad,24-04-2025,76.71,181.47,54.39,18.92,0.62,56.14
AHM01,Chandkheda,Ahmedabad,25-04-2025,53.88,135.36,45.58,23.05,0.55,65.1
AHM01,Chandkheda,Ahmedabad,26-04-2025,60.55,159.8,48.83,15.27,0.81,56.59
AHM01,Chandkheda,Ahmedabad,27-04-2025,69.98,186.05,52.1,17.87,0.85,46.41
AHM01,Chandkheda,Ahmedabad,28-04-2025,75.56,188.09,44.2,20.43,0.79,57.99
AHM01,Chandkheda,Ahmedabad,29-04-2025,52.4,91.86,50.9,14.83,0.81,46.94
AHM01,Chandkheda,Ahmedabad,30-04-2025,67.05,184.56,73.83,6.84,0.88,48.6
AHM01,Chandkheda,Ahmedabad,01-05-2025,53.75,146.17,59.47,12.93,0.71,46.58
AHM01,Chandkheda,Ahmedabad,02-05-2025,49.27,134.66,52.8,10.07,0.6,47.72
AHM01,Chandkheda,Ahmedabad,03-05-2025,51.44,137.67,53.26,8.13,0.75,45.47
AHM01,Chandkheda,Ahmedabad,04-05-2025,53.64,160,59.21,3.1,1.04,33.58
AHM01,Chandkheda,Ahmedabad,05-05-2025,66.79,119.1,54.98,6.04,0.83,32.79
AHM01,Chandkheda,Ahmedabad,06-05-2025,30.9,64.72,61.91,4.66,0.55,47.03
AHM01,Chandkheda,Ahmedabad,07-05-2025,37.47,74.11,70.48,4.63,0.46,36.92
AHM01,Chandkheda,Ahmedabad,08-05-2025,65.52,130.23,84.69,5.85,0.32,41.99
AHM01,Chandkheda,Ahmedabad,09-05-2025,32.82,66.81,55.95,5.38,0.18,51.75
AHM01,Chandkheda,Ahmedabad,10-05-2025,71.53,131.07,69.86,5.87,0.24,49.67
AHM01,Chandkheda,Ahmedabad,11-05-2025,53.71,112.25,67.18,6.06,0.12,38.39
AHM01,Chandkheda,Ahmedabad,12-05-2025,56.76,117.74,65.66,6.02,0.05,38.09
AHM01,Chandkheda,Ahmedabad,13-05-2025,65.86,129.7,56.84,7.06,0.2,35.39
AHM01,Chandkheda,Ahmedabad,14-05-2025,73.01,150.63,70.42,7.68,0.39,38.06
AHM01,Chandkheda,Ahmedabad,15-05-2025,66.21,150.85,74.26,7.06,0.44,33.77
AHM01,Chandkheda,Ahmedabad,16-05-2025,47.49,114.39,73.81,7.19,0.44,33.42
AHM01,Chandkheda,Ahmedabad,17-05-2025,45.78,105.25,74.7,6.25,0.45,27.3
AHM01,Chandkheda,Ahmedabad,18-05-2025,51.65,122.47,82.7,7.11,0.42,31.14
AHM01,Chandkheda,Ahmedabad,19-05-2025,60.81,140.38,83.55,6.78,0.42,30.1
AHM01,Chandkheda,Ahmedabad,20-05-2025,50.49,109.05,91.93,7.62,0.42,31.26
AHM01,Chandkheda,Ahmedabad,21-05-2025,40.44,72.13,71.89,6.25,0.43,47.32
AHM01,Chandkheda,Ahmedabad,22-05-2025,44.09,111.88,57.23,9.92,0.78,45.29
AHM01,Chandkheda,Ahmedabad,23-05-2025,58.19,119.4,47.73,13.68,0.66,45.21
AHM01,Chandkheda,Ahmedabad,24-05-2025,49.16,108.11,43.97,10.73,0.21,44.99
AHM01,Chandkheda,Ahmedabad,25-05-2025,76.31,140.37,51.86,10.06,0.33,33.86
AHM01,Chandkheda,Ahmedabad,26-05-2025,52.38,120.27,40.42,13.48,0.52,31.78
AHM01,Chandkheda,Ahmedabad,27-05-2025,85.45,194.05,49.55,10.27,1.09,17.94
AHM01,Chandkheda,Ahmedabad,28-05-2025,54.87,134.62,53.58,11.33,0.9,23.33
AHM01,Chandkheda,Ahmedabad,29-05-2025,41.28,99.27,55.11,12.39,0.87,27.87
AHM01,Chandkheda,Ahmedabad,30-05-2025,55.92,119.69,55.82,12.84,0.9,25.85
AHM01,Chandkheda,Ahmedabad,31-05-2025,49.38,102.44,70.1,12.68,0.71,25.85
AHM01,Chandkheda,Ahmedabad,01-06-2025,70.01,138.56,68.78,12.83,0.68,24.67
AHM01,Chandkheda,Ahmedabad,02-06-2025,38.65,73.65,73.12,12.8,0.75,23.3
AHM01,Chandkheda,Ahmedabad,03-06-2025,39.12,90.64,85.43,9.77,0.67,25.03
AHM01,Chandkheda,Ahmedabad,04-06-2025,43.42,92.09,279.91,5.07,0.73,35.62
AHM01,Chandkheda,Ahmedabad,05-06-2025,61.74,135.64,NaN,7.79,1,30.17
AHM01,Chandkheda,Ahmedabad,06-06-2025,46.63,109.56,NaN,9.51,0.92,23.1
AHM01,Chandkheda,Ahmedabad,07-06-2025,38.51,91.95,50.03,9.1,0.72,23.02
AHM01,Chandkheda,Ahmedabad,08-06-2025,41.1,97.69,62.15,12.39,0.97,22.98
AHM01,Chandkheda,Ahmedabad,09-06-2025,39.27,100.3,58.21,11.59,0.95,20.97
AHM01,Chandkheda,Ahmedabad,10-06-2025,30.4,76.49,45.08,10.37,0.57,20.49
AHM01,Chandkheda,Ahmedabad,11-06-2025,29.33,72.38,48.74,10.29,0.45,17.47
AHM01,Chandkheda,Ahmedabad,12-06-2025,35.62,91.54,15.85,11.23,0.38,23.6
AHM01,Chandkheda,Ahmedabad,13-06-2025,38.06,92.28,10.41,9.18,0.52,26.33
AHM01,Chandkheda,Ahmedabad,14-06-2025,42.17,117.77,9.19,7.98,0.58,37.04
AHM01,Chandkheda,Ahmedabad,15-06-2025,18.1,41.13,7.57,8.34,0.58,65.72
AHM01,Chandkheda,Ahmedabad,16-06-2025,19.39,46.87,8.4,7.66,0.64,41
AHM01,Chandkheda,Ahmedabad,17-06-2025,19.7,40.82,57.37,6.94,0.94,17.85
AHM01,Chandkheda,Ahmedabad,18-06-2025,48.6,74.98,104.29,10.59,0.99,23.38
AHM01,Chandkheda,Ahmedabad,19-06-2025,37.52,68.11,81.18,2.98,0.48,23.31
AHM01,Chandkheda,Ahmedabad,20-06-2025,22.7,70.67,107.29,4,0.15,22.91
AHM01,Chandkheda,Ahmedabad,21-06-2025,26.86,63.12,86.08,4.29,0.11,20.99
AHM01,Chandkheda,Ahmedabad,22-06-2025,24.43,64.47,69.64,6.31,0.04,23.07
AHM01,Chandkheda,Ahmedabad,23-06-2025,20.78,51.24,60.39,7.26,0.68,22.56
AHM01,Chandkheda,Ahmedabad,24-06-2025,22.67,63.03,49.18,7.7,0.88,21.29
AHM01,Chandkheda,Ahmedabad,25-06-2025,23.72,66.22,45.4,5.67,0.86,21.22
AHM01,Chandkheda,Ahmedabad,26-06-2025,23.91,55.83,50.31,3.96,0.81,17.5
AHM01,Chandkheda,Ahmedabad,27-06-2025,19.33,50.17,55.95,5.55,0.84,16.39
AHM01,Chandkheda,Ahmedabad,28-06-2025,16.34,47.21,49.42,7.88,0.78,22.56
AHM01,Chandkheda,Ahmedabad,29-06-2025,13.36,31.92,NaN,9.68,0.86,19.79
AHM01,Chandkheda,Ahmedabad,30-06-2025,14.04,41.98,12.01,8,0.7,17.8
AHM01,Chandkheda,Ahmedabad,01-07-2025,12.31,47.29,35.11,4.43,0.6,17.81
AHM01,Chandkheda,Ahmedabad,02-07-2025,14.79,57.71,47.96,3.41,0.33,13.45
AHM01,Chandkheda,Ahmedabad,03-07-2025,16.1,48.4,43.8,4.4,0.27,14.98
AHM01,Chandkheda,Ahmedabad,04-07-2025,7.66,35,40.63,5.09,0.35,15.94
AHM01,Chandkheda,Ahmedabad,05-07-2025,11.95,38.65,57.03,7.21,0.65,14.89
AHM01,Chandkheda,Ahmedabad,06-07-2025,16.81,47.66,48.21,8.33,0.7,14.13
AHM01,Chandkheda,Ahmedabad,07-07-2025,19.55,51.83,46.37,7.74,0.7,14.96
AHM01,Chandkheda,Ahmedabad,08-07-2025,23.69,71.91,54.23,6.74,0.96,17.94
AHM01,Chandkheda,Ahmedabad,09-07-2025,23.47,80.48,59.76,8.74,0.88,21.35
AHM01,Chandkheda,Ahmedabad,10-07-2025,19.25,71.13,62.84,9.78,0.95,15.79
AHM01,Chandkheda,Ahmedabad,11-07-2025,17.89,62.42,57.61,7.86,1.02,18.88
AHM01,Chandkheda,Ahmedabad,12-07-2025,15.36,52.88,79.11,8.89,1.09,19.17
AHM01,Chandkheda,Ahmedabad,13-07-2025,12.24,57.86,76.69,10.3,1.13,22.45
AHM01,Chandkheda,Ahmedabad,14-07-2025,11.98,52.13,49.46,10.5,1.03,13.84
AHM01,Chandkheda,Ahmedabad,15-07-2025,19.29,76.94,14.93,5.93,0.57,18.78
AHM01,Chandkheda,Ahmedabad,16-07-2025,19.91,91.64,11.33,8.14,0.51,20.74
AHM01,Chandkheda,Ahmedabad,17-07-2025,21.65,102.69,6.93,12.48,0.92,21.24
AHM01,Chandkheda,Ahmedabad,18-07-2025,21.99,92.4,4.99,16.38,1.26,19.28
AHM01,Chandkheda,Ahmedabad,19-07-2025,14.87,37.08,7.36,16.38,0.41,11.87
AHM01,Chandkheda,Ahmedabad,20-07-2025,12.38,30.78,14.81,17.01,0.47,16.53
AHM01,Chandkheda,Ahmedabad,21-07-2025,15.39,38.26,15.97,17.14,0.85,13.05
AHM01,Chandkheda,Ahmedabad,22-07-2025,17.91,44.53,13,18.27,0.53,18.41
AHM01,Chandkheda,Ahmedabad,23-07-2025,13.37,43.08,14.38,15.46,0.54,20.9
AHM01,Chandkheda,Ahmedabad,24-07-2025,10.63,45.64,13.36,8.66,0.78,22.76
AHM01,Chandkheda,Ahmedabad,25-07-2025,11.31,40.82,16.36,6.07,0.85,18.61
AHM01,Chandkheda,Ahmedabad,26-07-2025,14.74,55.38,18.66,6.66,0.65,14.09
AHM01,Chandkheda,Ahmedabad,27-07-2025,14.33,28.14,15.17,9.58,0.45,11.94
AHM01,Chandkheda,Ahmedabad,28-07-2025,12.06,29.04,22.04,11.42,0.54,8.62
AHM01,Chandkheda,Ahmedabad,29-07-2025,14.23,43.42,30.06,13.81,0.28,9.75
AHM01,Chandkheda,Ahmedabad,30-07-2025,18.68,59.88,26.47,13.98,0.31,11.52
AHM01,Chandkheda,Ahmedabad,31-07-2025,22.11,63.91,28.41,14.38,0.4,12.5
AHM01,Chandkheda,Ahmedabad,01-08-2025,17.91,57.51,19.72,13.1,0.37,12.5
AHM01,Chandkheda,Ahmedabad,02-08-2025,20.02,54.65,28.02,13.88,0.41,8.45
AHM01,Chandkheda,Ahmedabad,03-08-2025,13.69,35.25,9.02,16.54,0.27,12.38
AHM01,Chandkheda,Ahmedabad,04-08-2025,10.53,36.46,9.76,18.41,0.33,11.47
AHM01,Chandkheda,Ahmedabad,05-08-2025,14.04,38.82,12.9,17.33,0.37,12.94
AHM01,Chandkheda,Ahmedabad,06-08-2025,14.17,42.49,9,15.64,0.5,13.64
AHM01,Chandkheda,Ahmedabad,07-08-2025,18.64,51.67,4.45,7.38,0.7,20.39
AHM01,Chandkheda,Ahmedabad,08-08-2025,21.77,55.13,5.06,8.08,0.65,21.66
AHM01,Chandkheda,Ahmedabad,09-08-2025,18.84,48.64,4.32,13.22,0.47,22.31
AHM01,Chandkheda,Ahmedabad,10-08-2025,20.05,51.93,4.17,12.45,0.48,25.48
AHM01,Chandkheda,Ahmedabad,11-08-2025,11.61,40.46,4.14,11.17,0.43,27.82
AHM01,Chandkheda,Ahmedabad,12-08-2025,11.77,36.17,4.3,10.89,0.43,25.8
AHM01,Chandkheda,Ahmedabad,13-08-2025,9.74,33.34,4.48,8.17,0.42,24.79
AHM01,Chandkheda,Ahmedabad,14-08-2025,22.43,50.09,7.91,9.88,0.66,23.05
AHM01,Chandkheda,Ahmedabad,15-08-2025,19.3,40.03,5.58,9.19,0.65,26.27
AHM01,Chandkheda,Ahmedabad,16-08-2025,15.83,27.4,4.9,8.28,0.83,17.85
AHM01,Chandkheda,Ahmedabad,17-08-2025,17.39,27.35,5.42,7.73,0.74,27.62
AHM01,Chandkheda,Ahmedabad,18-08-2025,12.79,31.41,11.57,7.94,0.72,24.5
AHM01,Chandkheda,Ahmedabad,19-08-2025,18.43,31.44,4.67,5.46,0.75,16.25
AHM01,Chandkheda,Ahmedabad,20-08-2025,8.92,21.97,2.82,4.04,0.78,17.59
AHM01,Chandkheda,Ahmedabad,21-08-2025,3.56,14.78,3.85,5.64,0.7,12.52
AHM01,Chandkheda,Ahmedabad,22-08-2025,4.09,16.26,4.7,6.05,0.54,13.42
AHM01,Chandkheda,Ahmedabad,23-08-2025,4.95,16.16,5.55,14.88,0.36,14.54
AHM01,Chandkheda,Ahmedabad,24-08-2025,4.33,12.79,5.01,75.61,0.25,11.99
AHM01,Chandkheda,Ahmedabad,25-08-2025,7.97,31.32,5.52,7.17,0.39,13.23
AHM01,Chandkheda,Ahmedabad,26-08-2025,14.75,35.86,5.87,7.54,0.43,11.77
AHM01,Chandkheda,Ahmedabad,27-08-2025,20.76,49.67,6.48,9.04,0.45,11.97
AHM01,Chandkheda,Ahmedabad,28-08-2025,19.43,52.59,6.35,9.58,0.47,11.99
AHM01,Chandkheda,Ahmedabad,29-08-2025,21.58,43.56,7.01,11.22,1.14,4.58
AHM01,Chandkheda,Ahmedabad,30-08-2025,22.11,55.86,6.26,12.29,0.75,7.82
AHM01,Chandkheda,Ahmedabad,31-08-2025,18.93,40.27,3.12,11.73,0.67,10.23
AHM01,Chandkheda,Ahmedabad,01-09-2025,14.04,44.97,2.66,8.68,0.69,13.11
AHM01,Chandkheda,Ahmedabad,02-09-2025,18.85,59.08,2.93,7.27,0.86,14.39
AHM01,Chandkheda,Ahmedabad,03-09-2025,21.55,69.69,2.87,2.83,0.76,17.65
AHM01,Chandkheda,Ahmedabad,04-09-2025,16.02,45.35,3.64,2.35,1.11,12.48
AHM01,Chandkheda,Ahmedabad,05-09-2025,15.38,41.4,2.22,3.3,0.9,25.59
AHM01,Chandkheda,Ahmedabad,06-09-2025,8.81,21.07,2.93,2.66,0.43,21.75
AHM01,Chandkheda,Ahmedabad,07-09-2025,6.37,21.84,1.75,5.59,0.27,24.04
AHM01,Chandkheda,Ahmedabad,08-09-2025,14.86,46.67,3.75,7.42,0.28,12.9
AHM01,Chandkheda,Ahmedabad,09-09-2025,12.16,48.72,5.85,6.61,0.57,9.03
AHM01,Chandkheda,Ahmedabad,10-09-2025,21.8,61.71,11.84,10.54,0.93,9.58
AHM01,Chandkheda,Ahmedabad,11-09-2025,18.8,48.41,19.26,8.95,0.57,7.55
AHM01,Chandkheda,Ahmedabad,12-09-2025,19.1,53.59,13.03,10.83,0.57,6.36
AHM01,Chandkheda,Ahmedabad,13-09-2025,22.2,56.61,13.52,5.89,0.75,11.04
AHM01,Chandkheda,Ahmedabad,14-09-2025,25.28,56.73,11.8,5.67,0.48,19.14
AHM01,Chandkheda,Ahmedabad,15-09-2025,16.51,45.26,11.56,4.37,0.46,15.72
AHM01,Chandkheda,Ahmedabad,16-09-2025,16.21,43.91,11.43,4.81,0.38,19.75
AHM01,Chandkheda,Ahmedabad,17-09-2025,13.5,45.67,11.55,4.7,0.39,21.08
AHM01,Chandkheda,Ahmedabad,18-09-2025,23.76,58.73,14.76,7.05,0.48,24.9
AHM01,Chandkheda,Ahmedabad,19-09-2025,24.93,63.73,17.08,5.34,0.64,21.67
AHM01,Chandkheda,Ahmedabad,20-09-2025,23.86,48.53,19.79,9.29,1.3,11.58
AHM01,Chandkheda,Ahmedabad,21-09-2025,22.24,50.8,16.71,8.62,1.16,10.74
AHM01,Chandkheda,Ahmedabad,22-09-2025,20.08,53.57,15.58,9.33,0.85,10.93
AHM01,Chandkheda,Ahmedabad,23-09-2025,15.94,49.42,11.87,7.77,0.63,14.39
AHM01,Chandkheda,Ahmedabad,24-09-2025,13.86,48.38,11.67,8.01,0.51,21.35
AHM01,Chandkheda,Ahmedabad,25-09-2025,16.88,45.63,15.04,9.32,0.59,21.58
AHM01,Chandkheda,Ahmedabad,26-09-2025,21.66,60.41,17.57,8.04,0.64,26.51
AHM01,Chandkheda,Ahmedabad,27-09-2025,21.31,65.04,20.62,7.77,0.58,36.69
AHM01,Chandkheda,Ahmedabad,28-09-2025,23.18,57.54,16.36,7.29,1.07,26.94
AHM01,Chandkheda,Ahmedabad,29-09-2025,8.34,15.14,9.36,4.88,0.34,24.44
AHM01,Chandkheda,Ahmedabad,30-09-2025,12.78,25.65,26.08,14.47,0.22,9.76
AHM01,Chandkheda,Ahmedabad,01-10-2025,13.57,31.97,23.84,28.12,0.25,11.61
AHM01,Chandkheda,Ahmedabad,02-10-2025,14.3,44.69,20.04,22.56,0.34,12.84
AHM01,Chandkheda,Ahmedabad,03-10-2025,15.63,35.68,18.42,15.16,0.39,15.55
AHM01,Chandkheda,Ahmedabad,04-10-2025,14.56,38.5,11.13,7.03,0.5,12.98
AHM01,Chandkheda,Ahmedabad,05-10-2025,10.62,38.62,9.03,8.46,0.49,12.9
AHM01,Chandkheda,Ahmedabad,06-10-2025,9.54,32.6,10.93,9.13,0.63,11.49
AHM01,Chandkheda,Ahmedabad,07-10-2025,16.26,58.74,18.37,8.57,0.83,9.74
AHM01,Chandkheda,Ahmedabad,08-10-2025,34.77,110.97,20.34,13.42,0.7,14.94
AHM01,Chandkheda,Ahmedabad,09-10-2025,54.17,159.58,30.06,12.24,0.51,17.37
AHM01,Chandkheda,Ahmedabad,10-10-2025,58.31,123.66,38.21,10.86,0.87,20.56
AHM01,Chandkheda,Ahmedabad,11-10-2025,59.29,132.49,38.38,7.89,1.01,23.07
AHM01,Chandkheda,Ahmedabad,12-10-2025,54.56,138.22,41.65,11.07,0.96,24.23
AHM01,Chandkheda,Ahmedabad,13-10-2025,51.04,149.17,43.01,11.61,0.89,22.15
AHM01,Chandkheda,Ahmedabad,14-10-2025,44.23,103.41,43.03,7.82,0.6,25.17
AHM01,Chandkheda,Ahmedabad,15-10-2025,46.87,103.24,47.89,6.22,0.83,27.59
AHM01,Chandkheda,Ahmedabad,16-10-2025,59.19,135.57,47.33,6.12,0.98,28.67
AHM01,Chandkheda,Ahmedabad,17-10-2025,53.69,108.86,36.16,6.75,1.15,27.18
AHM01,Chandkheda,Ahmedabad,18-10-2025,68.08,166.28,47.5,14.13,1.13,25.21
AHM01,Chandkheda,Ahmedabad,19-10-2025,69.06,125.69,37.46,19.33,1.02,27.75
AHM01,Chandkheda,Ahmedabad,20-10-2025,103.35,171.64,34.67,27.12,1.27,27.28
AHM01,Chandkheda,Ahmedabad,21-10-2025,158.43,188.91,30.65,57.06,1.08,33.61
AHM01,Chandkheda,Ahmedabad,22-10-2025,78.09,183.89,25.08,49.53,0.89,45.94
AHM01,Chandkheda,Ahmedabad,23-10-2025,56.7,127.74,18.51,37.57,0.74,54.21
AHM01,Chandkheda,Ahmedabad,24-10-2025,54.84,127.26,18.38,38.06,0.81,49.06
AHM01,Chandkheda,Ahmedabad,25-10-2025,53.81,118.83,14.47,24.84,0.71,52.52
AHM01,Chandkheda,Ahmedabad,26-10-2025,28.56,61.81,10.66,10.88,0.72,27.04
AHM01,Chandkheda,Ahmedabad,27-10-2025,25,53.37,14.07,36.71,5.69,12.73
AHM01,Chandkheda,Ahmedabad,28-10-2025,NaN,NaN,NaN,NaN,NaN,NaN
AHM01,Chandkheda,Ahmedabad,29-10-2025,53.58,84.42,12.96,4.61,0.05,23.03
AHM01,Chandkheda,Ahmedabad,30-10-2025,26.96,47.72,12.33,5.41,0.42,17.76
AHM01,Chandkheda,Ahmedabad,31-10-2025,7.44,22.98,10.83,9.06,0.25,15.93
AHM01,Chandkheda,Ahmedabad,01-11-2025,10.45,37.11,13.75,9.05,0.67,10.64
AHM01,Chandkheda,Ahmedabad,02-11-2025,23.01,71.78,25.82,13.33,0.9,9.88
AHM01,Chandkheda,Ahmedabad,03-11-2025,10.5,45.37,10.82,10.6,0.18,15.32
AHM01,Chandkheda,Ahmedabad,04-11-2025,18.35,83.69,15.76,10.96,0.8,15.97
AHM01,Chandkheda,Ahmedabad,05-11-2025,45.29,163.23,33.55,12.92,1.5,16.74
AHM01,Chandkheda,Ahmedabad,06-11-2025,60.78,197.29,32.48,9.67,1.25,20.95
AHM01,Chandkheda,Ahmedabad,07-11-2025,43.76,190.71,39.13,5.95,1.14,24.98
AHM01,Chandkheda,Ahmedabad,08-11-2025,39.79,157.09,43.27,4.97,0.99,22.57
AHM01,Chandkheda,Ahmedabad,09-11-2025,43.66,170.18,43.7,3.34,1.3,21.68
AHM01,Chandkheda,Ahmedabad,10-11-2025,49.84,213.21,46.27,3.92,1.75,21.62
AHM01,Chandkheda,Ahmedabad,11-11-2025,51.58,190.25,49.85,9.94,1.74,22.67
AHM01,Chandkheda,Ahmedabad,12-11-2025,53.08,186.48,54.97,8.87,1.48,22.53
AHM01,Chandkheda,Ahmedabad,13-11-2025,48.85,178.63,42.97,8.07,1.22,28.13
AHM01,Chandkheda,Ahmedabad,14-11-2025,43.99,151.13,37.81,6.77,0.97,29.59
AHM01,Chandkheda,Ahmedabad,15-11-2025,37.41,150.41,34.23,2.89,1.01,30.4
AHM01,Chandkheda,Ahmedabad,16-11-2025,35.75,135.97,32.85,5.47,0.88,36.05
AHM01,Chandkheda,Ahmedabad,17-11-2025,51.54,143.33,35.38,1.95,0.88,35.95
AHM01,Chandkheda,Ahmedabad,18-11-2025,59.11,156,44.02,4.2,1.07,34.1
AHM01,Chandkheda,Ahmedabad,19-11-2025,60.69,158.07,39.33,10.14,1.32,35.96
AHM01,Chandkheda,Ahmedabad,20-11-2025,69.54,178.9,194.9,11.4,1.36,55.09
AHM01,Chandkheda,Ahmedabad,21-11-2025,74.29,176.64,138.26,12.23,1.21,69.94
AHM01,Chandkheda,Ahmedabad,22-11-2025,74.62,187.15,160.78,12.47,1.43,52.83
AHM01,Chandkheda,Ahmedabad,23-11-2025,71.11,173.79,159.92,14.27,0.97,64.86
AHM01,Chandkheda,Ahmedabad,24-11-2025,68,181.87,145.01,13.81,0.85,75.77
AHM01,Chandkheda,Ahmedabad,25-11-2025,77.76,165.59,109.4,12.28,0.61,75.81
AHM01,Chandkheda,Ahmedabad,26-11-2025,65.24,151.83,96.61,12.78,0.88,82.84
AHM01,Chandkheda,Ahmedabad,27-11-2025,70.53,169.47,114.4,13.83,1.52,75.93
AHM01,Chandkheda,Ahmedabad,28-11-2025,76.63,179.64,126.34,14.36,1.54,57.1
AHM01,Chandkheda,Ahmedabad,29-11-2025,61.38,142.17,112.08,11.41,0.96,51.88
AHM01,Chandkheda,Ahmedabad,30-11-2025,45.93,137.77,162.24,12.33,1.13,53.65
AHM01,Chandkheda,Ahmedabad,01-12-2025,53.54,146.04,190.94,10.1,1.13,NaN
AHM01,Chandkheda,Ahmedabad,02-12-2025,50.18,164.42,126.66,8.45,1.18,NaN
AHM01,Chandkheda,Ahmedabad,03-12-2025,54.61,157.16,38.91,2.37,0.84,NaN
AHM01,Chandkheda,Ahmedabad,04-12-2025,46.98,133.6,31.42,4.9,0.68,NaN
AHM01,Chandkheda,Ahmedabad,05-12-2025,47.27,132.05,27.6,3.81,0.61,NaN
AHM01,Chandkheda,Ahmedabad,06-12-2025,44.59,128.31,28.34,5.33,0.59,61.5
AHM01,Chandkheda,Ahmedabad,07-12-2025,48.46,142.64,39.75,7.48,0.65,68.27
AHM01,Chandkheda,Ahmedabad,08-12-2025,35.74,122.04,37.89,4.25,0.67,59.19
AHM01,Chandkheda,Ahmedabad,09-12-2025,44.95,138.21,50.67,7.54,1.03,53.89
AHM01,Chandkheda,Ahmedabad,10-12-2025,43.99,132.67,39.07,5.18,0.78,48.31
AHM01,Chandkheda,Ahmedabad,11-12-2025,45.29,176.32,NaN,6.49,NaN,18.26
AHM01,Chandkheda,Ahmedabad,12-12-2025,58.02,226.1,84.4,7.98,1.3,19.39
AHM01,Chandkheda,Ahmedabad,13-12-2025,61.98,181.48,59.91,6.07,1.14,20.27
AHM01,Chandkheda,Ahmedabad,14-12-2025,52.95,160.23,49.61,6.37,0.98,24.6
AHM01,Chandkheda,Ahmedabad,15-12-2025,40.31,130.59,39.16,9.44,0.8,29.16
AHM01,Chandkheda,Ahmedabad,16-12-2025,52.4,131.16,27.54,7.34,0.77,39.07
AHM01,Chandkheda,Ahmedabad,17-12-2025,55.72,133.43,29.34,6.22,0.73,40.42
AHM01,Chandkheda,Ahmedabad,18-12-2025,46.76,125,39.93,7.96,0.5,26.82
AHM01,Chandkheda,Ahmedabad,19-12-2025,48.78,172.56,47.51,6.42,1.5,23.29
AHM01,Chandkheda,Ahmedabad,20-12-2025,72.22,201.91,63.84,9.21,1.56,19.91
AHM01,Chandkheda,Ahmedabad,21-12-2025,49.67,135.11,44.11,6.26,0.86,22.65
AHM01,Chandkheda,Ahmedabad,22-12-2025,45.39,123.06,38.66,6.65,0.69,26.54
AHM01,Chandkheda,Ahmedabad,23-12-2025,55.2,159.73,44.06,8.67,1.11,19.32
AHM01,Chandkheda,Ahmedabad,24-12-2025,48.35,125.67,40.65,6.9,0.65,20.36
AHM01,Chandkheda,Ahmedabad,25-12-2025,45.93,130.11,41.01,9.81,0.54,23.74
AHM01,Chandkheda,Ahmedabad,26-12-2025,47.68,125.93,32.76,8.03,0.38,30.28
AHM01,Chandkheda,Ahmedabad,27-12-2025,42.16,116.53,34.56,8.02,0.62,31.33
AHM01,Chandkheda,Ahmedabad,28-12-2025,44.86,126.42,35.97,8.54,0.73,32.09
AHM01,Chandkheda,Ahmedabad,29-12-2025,65.55,173.67,47.28,13.61,0.87,31.72
AHM01,Chandkheda,Ahmedabad,30-12-2025,76.67,181.26,53.91,11.48,1,24.89
AHM01,Chandkheda,Ahmedabad,31-12-2025,123.65,274.73,87.71,10.86,1.43,7.59
AHM02,Gyaspur,Ahmedabad,01-01-2023,NaN,NaN,NaN,NaN,NaN,NaN
AHM02,Gyaspur,Ahmedabad,02-01-2023,NaN,NaN,NaN,NaN,NaN,NaN
AHM02,Gyaspur,Ahmedabad,03-01-2023,NaN,NaN,NaN,NaN,NaN,NaN
AHM02,Gyaspur,Ahmedabad,04-01-2023,NaN,NaN,NaN,NaN,NaN,NaN
AHM02,Gyaspur,Ahmedabad,05-01-2023,NaN,NaN,NaN,NaN,NaN,NaN
AHM02,Gyaspur,Ahmedabad,06-01-2023,NaN,NaN,NaN,NaN,NaN,NaN
AHM02,Gyaspur,Ahmedabad,07-01-2023,NaN,NaN,NaN,NaN,NaN,NaN
AHM02,Gyaspur,Ahmedabad,08-01-2023,NaN,NaN,NaN,NaN,NaN,NaN
AHM02,Gyaspur,Ahmedabad,09-01-2023,NaN,NaN,NaN,NaN,NaN,NaN
AHM02,Gyaspur,Ahmedabad,10-01-2023,NaN,NaN,NaN,NaN,NaN,NaN
AHM02,Gyaspur,Ahmedabad,11-01-2023,NaN,NaN,NaN,NaN,NaN,NaN
AHM02,Gyaspur,Ahmedabad,12-01-2023,NaN,NaN,NaN,NaN,NaN,NaN
AHM02,Gyaspur,Ahmedabad,13-01-2023,NaN,NaN,NaN,NaN,NaN,NaN
AHM02,Gyaspur,Ahmedabad,14-01-2023,NaN,NaN,NaN,NaN,NaN,NaN
AHM02,Gyaspur,Ahmedabad,15-01-2023,NaN,NaN,NaN,NaN,NaN,NaN
AHM02,Gyaspur,Ahmedabad,16-01-2023,NaN,NaN,NaN,NaN,NaN,NaN
AHM02,Gyaspur,Ahmedabad,17-01-2023,NaN,NaN,NaN,NaN,NaN,NaN
AHM02,Gyaspur,Ahmedabad,18-01-2023,NaN,NaN,NaN,NaN,NaN,NaN
AHM02,Gyaspur,Ahmedabad,19-01-2023,NaN,NaN,NaN,NaN,NaN,NaN
AHM02,Gyaspur,Ahmedabad,20-01-2023,NaN,NaN,NaN,NaN,NaN,NaN
AHM02,Gyaspur,Ahmedabad,21-01-2023,NaN,NaN,NaN,NaN,NaN,NaN
AHM02,Gyaspur,Ahmedabad,22-01-2023,NaN,NaN,NaN,NaN,NaN,NaN
AHM02,Gyaspur,Ahmedabad,23-01-2023,NaN,NaN,NaN,NaN,NaN,NaN
AHM02,Gyaspur,Ahmedabad,24-01-2023,NaN,NaN,NaN,NaN,NaN,NaN
AHM02,Gyaspur,Ahmedabad,25-01-2023,NaN,NaN,NaN,NaN,NaN,NaN
AHM02,Gyaspur,Ahmedabad,26-01-2023,NaN,NaN,NaN,NaN,NaN,NaN
AHM02,Gyaspur,Ahmedabad,27-01-2023,NaN,NaN,NaN,NaN,NaN,NaN
AHM02,Gyaspur,Ahmedabad,28-01-2023,NaN,NaN,NaN,NaN,NaN,NaN
AHM02,Gyaspur,Ahmedabad,29-01-2023,NaN,NaN,NaN,NaN,NaN,NaN
AHM02,Gyaspur,Ahmedabad,30-01-2023,NaN,NaN,NaN,NaN,NaN,NaN
AHM02,Gyaspur,Ahmedabad,31-01-2023,NaN,NaN,NaN,NaN,NaN,NaN
AHM02,Gyaspur,Ahmedabad,01-02-2023,NaN,NaN,NaN,NaN,NaN,NaN
AHM02,Gyaspur,Ahmedabad,02-02-2023,NaN,NaN,NaN,NaN,NaN,NaN
AHM02,Gyaspur,Ahmedabad,03-02-2023,NaN,NaN,NaN,NaN,NaN,NaN
AHM02,Gyaspur,Ahmedabad,04-02-2023,NaN,NaN,NaN,NaN,NaN,NaN
AHM02,Gyaspur,Ahmedabad,05-02-2023,NaN,NaN,NaN,NaN,NaN,NaN
AHM02,Gyaspur,Ahmedabad,06-02-2023,NaN,NaN,NaN,NaN,NaN,NaN
AHM02,Gyaspur,Ahmedabad,07-02-2023,NaN,NaN,NaN,NaN,NaN,NaN
AHM02,Gyaspur,Ahmedabad,08-02-2023,NaN,NaN,NaN,NaN,NaN,NaN
AHM02,Gyaspur,Ahmedabad,09-02-2023,NaN,NaN,NaN,NaN,NaN,NaN
AHM02,Gyaspur,Ahmedabad,10-02-2023,NaN,NaN,NaN,NaN,NaN,NaN
AHM02,Gyaspur,Ahmedabad,11-02-2023,NaN,NaN,NaN,NaN,NaN,NaN
AHM02,Gyaspur,Ahmedabad,12-02-2023,NaN,NaN,NaN,NaN,NaN,NaN
AHM02,Gyaspur,Ahmedabad,13-02-2023,NaN,NaN,NaN,NaN,NaN,NaN
AHM02,Gyaspur,Ahmedabad,14-02-2023,NaN,NaN,NaN,NaN,NaN,NaN
AHM02,Gyaspur,Ahmedabad,15-02-2023,NaN,NaN,NaN,NaN,NaN,NaN
AHM02,Gyaspur,Ahmedabad,16-02-2023,NaN,NaN,NaN,NaN,NaN,NaN
AHM02,Gyaspur,Ahmedabad,17-02-2023,NaN,NaN,NaN,NaN,NaN,NaN
AHM02,Gyaspur,Ahmedabad,18-02-2023,NaN,NaN,NaN,NaN,NaN,NaN
AHM02,Gyaspur,Ahmedabad,19-02-2023,NaN,NaN,NaN,NaN,NaN,NaN
AHM02,Gyaspur,Ahmedabad,20-02-2023,NaN,NaN,NaN,NaN,NaN,NaN
AHM02,Gyaspur,Ahmedabad,21-02-2023,NaN,NaN,NaN,NaN,NaN,NaN
AHM02,Gyaspur,Ahmedabad,22-02-2023,NaN,NaN,NaN,NaN,NaN,NaN
AHM02,Gyaspur,Ahmedabad,23-02-2023,NaN,NaN,NaN,NaN,NaN,NaN
AHM02,Gyaspur,Ahmedabad,24-02-2023,NaN,NaN,NaN,NaN,NaN,NaN
AHM02,Gyaspur,Ahmedabad,25-02-2023,NaN,NaN,NaN,NaN,NaN,NaN
AHM02,Gyaspur,Ahmedabad,26-02-2023,NaN,NaN,NaN,NaN,NaN,NaN
AHM02,Gyaspur,Ahmedabad,27-02-2023,NaN,NaN,NaN,NaN,NaN,NaN
AHM02,Gyaspur,Ahmedabad,28-02-2023,NaN,NaN,NaN,NaN,NaN,NaN
AHM02,Gyaspur,Ahmedabad,01-03-2023,NaN,NaN,NaN,NaN,NaN,NaN
AHM02,Gyaspur,Ahmedabad,02-03-2023,NaN,NaN,NaN,NaN,NaN,NaN
AHM02,Gyaspur,Ahmedabad,03-03-2023,NaN,NaN,NaN,NaN,NaN,NaN
AHM02,Gyaspur,Ahmedabad,04-03-2023,NaN,NaN,NaN,NaN,NaN,NaN
AHM02,Gyaspur,Ahmedabad,05-03-2023,NaN,NaN,NaN,NaN,NaN,NaN
AHM02,Gyaspur,Ahmedabad,06-03-2023,NaN,NaN,NaN,NaN,NaN,NaN
AHM02,Gyaspur,Ahmedabad,07-03-2023,NaN,NaN,NaN,NaN,NaN,NaN
AHM02,Gyaspur,Ahmedabad,08-03-2023,NaN,NaN,NaN,NaN,NaN,NaN
AHM02,Gyaspur,Ahmedabad,09-03-2023,NaN,NaN,NaN,NaN,NaN,NaN
AHM02,Gyaspur,Ahmedabad,10-03-2023,NaN,NaN,NaN,NaN,NaN,NaN
AHM02,Gyaspur,Ahmedabad,11-03-2023,NaN,NaN,NaN,NaN,NaN,NaN
AHM02,Gyaspur,Ahmedabad,12-03-2023,NaN,NaN,NaN,NaN,NaN,NaN
AHM02,Gyaspur,Ahmedabad,13-03-2023,NaN,NaN,NaN,NaN,NaN,NaN
AHM02,Gyaspur,Ahmedabad,14-03-2023,NaN,NaN,NaN,NaN,NaN,NaN
AHM02,Gyaspur,Ahmedabad,15-03-2023,NaN,NaN,NaN,NaN,NaN,NaN
AHM02,Gyaspur,Ahmedabad,16-03-2023,NaN,NaN,NaN,NaN,NaN,NaN
AHM02,Gyaspur,Ahmedabad,17-03-2023,NaN,NaN,NaN,NaN,NaN,NaN
AHM02,Gyaspur,Ahmedabad,18-03-2023,NaN,NaN,NaN,NaN,NaN,NaN
AHM02,Gyaspur,Ahmedabad,19-03-2023,NaN,NaN,NaN,NaN,NaN,NaN
AHM02,Gyaspur,Ahmedabad,20-03-2023,NaN,NaN,NaN,NaN,NaN,NaN
AHM02,Gyaspur,Ahmedabad,21-03-2023,NaN,NaN,NaN,NaN,NaN,NaN
AHM02,Gyaspur,Ahmedabad,22-03-2023,NaN,NaN,NaN,NaN,NaN,NaN
AHM02,Gyaspur,Ahmedabad,23-03-2023,NaN,NaN,NaN,NaN,NaN,NaN
AHM02,Gyaspur,Ahmedabad,24-03-2023,NaN,NaN,NaN,NaN,NaN,NaN
AHM02,Gyaspur,Ahmedabad,25-03-2023,NaN,NaN,NaN,NaN,NaN,NaN
AHM02,Gyaspur,Ahmedabad,26-03-2023,NaN,NaN,NaN,NaN,NaN,NaN
AHM02,Gyaspur,Ahmedabad,27-03-2023,NaN,NaN,NaN,NaN,NaN,NaN
AHM02,Gyaspur,Ahmedabad,28-03-2023,NaN,NaN,NaN,NaN,NaN,NaN
AHM02,Gyaspur,Ahmedabad,29-03-2023,NaN,NaN,NaN,NaN,NaN,NaN
AHM02,Gyaspur,Ahmedabad,30-03-2023,NaN,NaN,NaN,NaN,NaN,NaN
AHM02,Gyaspur,Ahmedabad,31-03-2023,NaN,NaN,NaN,NaN,NaN,NaN
AHM02,Gyaspur,Ahmedabad,01-04-2023,NaN,NaN,NaN,NaN,NaN,NaN
AHM02,Gyaspur,Ahmedabad,02-04-2023,NaN,NaN,NaN,NaN,NaN,NaN
AHM02,Gyaspur,Ahmedabad,03-04-2023,NaN,NaN,NaN,NaN,NaN,NaN
AHM02,Gyaspur,Ahmedabad,04-04-2023,NaN,NaN,NaN,NaN,NaN,NaN
AHM02,Gyaspur,Ahmedabad,05-04-2023,NaN,NaN,NaN,NaN,NaN,NaN
AHM02,Gyaspur,Ahmedabad,06-04-2023,NaN,NaN,NaN,NaN,NaN,NaN
AHM02,Gyaspur,Ahmedabad,07-04-2023,NaN,NaN,NaN,NaN,NaN,NaN
AHM02,Gyaspur,Ahmedabad,08-04-2023,NaN,NaN,NaN,NaN,NaN,NaN
AHM02,Gyaspur,Ahmedabad,09-04-2023,NaN,NaN,NaN,NaN,NaN,NaN
AHM02,Gyaspur,Ahmedabad,10-04-2023,NaN,NaN,NaN,NaN,NaN,NaN
AHM02,Gyaspur,Ahmedabad,11-04-2023,NaN,NaN,NaN,NaN,NaN,NaN
AHM02,Gyaspur,Ahmedabad,12-04-2023,NaN,NaN,NaN,NaN,NaN,NaN
AHM02,Gyaspur,Ahmedabad,13-04-2023,NaN,NaN,NaN,NaN,NaN,NaN
AHM02,Gyaspur,Ahmedabad,14-04-2023,NaN,NaN,NaN,NaN,NaN,NaN
AHM02,Gyaspur,Ahmedabad,15-04-2023,NaN,NaN,NaN,NaN,NaN,NaN
AHM02,Gyaspur,Ahmedabad,16-04-2023,NaN,NaN,NaN,NaN,NaN,NaN
AHM02,Gyaspur,Ahmedabad,17-04-2023,NaN,NaN,NaN,NaN,NaN,NaN
AHM02,Gyaspur,Ahmedabad,18-04-2023,NaN,NaN,NaN,NaN,NaN,NaN
AHM02,Gyaspur,Ahmedabad,19-04-2023,NaN,NaN,NaN,NaN,NaN,NaN
AHM02,Gyaspur,Ahmedabad,20-04-2023,NaN,NaN,NaN,NaN,NaN,NaN
AHM02,Gyaspur,Ahmedabad,21-04-2023,NaN,NaN,NaN,NaN,NaN,NaN
AHM02,Gyaspur,Ahmedabad,22-04-2023,NaN,NaN,NaN,NaN,NaN,NaN
AHM02,Gyaspur,Ahmedabad,23-04-2023,NaN,NaN,NaN,NaN,NaN,NaN
AHM02,Gyaspur,Ahmedabad,24-04-2023,NaN,NaN,NaN,NaN,NaN,NaN
AHM02,Gyaspur,Ahmedabad,25-04-2023,NaN,NaN,NaN,NaN,NaN,NaN
AHM02,Gyaspur,Ahmedabad,26-04-2023,NaN,NaN,NaN,NaN,NaN,NaN
AHM02,Gyaspur,Ahmedabad,27-04-2023,NaN,NaN,NaN,NaN,NaN,NaN
AHM02,Gyaspur,Ahmedabad,28-04-2023,NaN,NaN,NaN,NaN,NaN,NaN
AHM02,Gyaspur,Ahmedabad,29-04-2023,NaN,NaN,NaN,NaN,NaN,NaN
AHM02,Gyaspur,Ahmedabad,30-04-2023,NaN,NaN,NaN,NaN,NaN,NaN
AHM02,Gyaspur,Ahmedabad,01-05-2023,NaN,NaN,NaN,NaN,NaN,NaN
AHM02,Gyaspur,Ahmedabad,02-05-2023,NaN,NaN,NaN,NaN,NaN,NaN
AHM02,Gyaspur,Ahmedabad,03-05-2023,NaN,NaN,NaN,NaN,NaN,NaN
AHM02,Gyaspur,Ahmedabad,04-05-2023,NaN,NaN,NaN,NaN,NaN,NaN
AHM02,Gyaspur,Ahmedabad,05-05-2023,NaN,NaN,NaN,NaN,NaN,NaN
AHM02,Gyaspur,Ahmedabad,06-05-2023,NaN,NaN,NaN,NaN,NaN,NaN
AHM02,Gyaspur,Ahmedabad,07-05-2023,NaN,NaN,NaN,NaN,NaN,NaN
AHM02,Gyaspur,Ahmedabad,08-05-2023,NaN,NaN,NaN,NaN,NaN,NaN
AHM02,Gyaspur,Ahmedabad,09-05-2023,NaN,NaN,NaN,NaN,NaN,NaN
AHM02,Gyaspur,Ahmedabad,10-05-2023,NaN,NaN,NaN,NaN,NaN,NaN
AHM02,Gyaspur,Ahmedabad,11-05-2023,NaN,NaN,NaN,NaN,NaN,NaN
AHM02,Gyaspur,Ahmedabad,12-05-2023,NaN,NaN,NaN,NaN,NaN,NaN
AHM02,Gyaspur,Ahmedabad,13-05-2023,NaN,NaN,NaN,NaN,NaN,NaN
AHM02,Gyaspur,Ahmedabad,14-05-2023,NaN,NaN,NaN,NaN,NaN,NaN
AHM02,Gyaspur,Ahmedabad,15-05-2023,NaN,NaN,NaN,NaN,NaN,NaN
AHM02,Gyaspur,Ahmedabad,16-05-2023,NaN,NaN,NaN,NaN,NaN,NaN
AHM02,Gyaspur,Ahmedabad,17-05-2023,NaN,NaN,NaN,NaN,NaN,NaN
AHM02,Gyaspur,Ahmedabad,18-05-2023,NaN,NaN,NaN,NaN,NaN,NaN
AHM02,Gyaspur,Ahmedabad,19-05-2023,NaN,NaN,NaN,NaN,NaN,NaN
AHM02,Gyaspur,Ahmedabad,20-05-2023,NaN,NaN,NaN,NaN,NaN,NaN
AHM02,Gyaspur,Ahmedabad,21-05-2023,NaN,NaN,NaN,NaN,NaN,NaN
AHM02,Gyaspur,Ahmedabad,22-05-2023,NaN,NaN,NaN,NaN,NaN,NaN
AHM02,Gyaspur,Ahmedabad,23-05-2023,NaN,NaN,NaN,NaN,NaN,NaN
AHM02,Gyaspur,Ahmedabad,24-05-2023,NaN,NaN,NaN,NaN,NaN,NaN
AHM02,Gyaspur,Ahmedabad,25-05-2023,NaN,NaN,NaN,NaN,NaN,NaN
AHM02,Gyaspur,Ahmedabad,26-05-2023,NaN,NaN,NaN,NaN,NaN,NaN
AHM02,Gyaspur,Ahmedabad,27-05-2023,NaN,NaN,NaN,NaN,NaN,NaN
AHM02,Gyaspur,Ahmedabad,28-05-2023,NaN,NaN,NaN,NaN,NaN,NaN
AHM02,Gyaspur,Ahmedabad,29-05-2023,NaN,NaN,NaN,NaN,NaN,NaN
AHM02,Gyaspur,Ahmedabad,30-05-2023,NaN,NaN,NaN,NaN,NaN,NaN
AHM02,Gyaspur,Ahmedabad,31-05-2023,NaN,NaN,NaN,NaN,NaN,NaN
AHM02,Gyaspur,Ahmedabad,01-06-2023,NaN,NaN,NaN,NaN,NaN,NaN
AHM02,Gyaspur,Ahmedabad,02-06-2023,NaN,NaN,NaN,NaN,NaN,NaN
AHM02,Gyaspur,Ahmedabad,03-06-2023,NaN,NaN,NaN,NaN,NaN,NaN
AHM02,Gyaspur,Ahmedabad,04-06-2023,NaN,NaN,NaN,NaN,NaN,NaN
AHM02,Gyaspur,Ahmedabad,05-06-2023,NaN,NaN,NaN,NaN,NaN,NaN
AHM02,Gyaspur,Ahmedabad,06-06-2023,NaN,NaN,NaN,NaN,NaN,NaN
AHM02,Gyaspur,Ahmedabad,07-06-2023,NaN,NaN,NaN,NaN,NaN,NaN
AHM02,Gyaspur,Ahmedabad,08-06-2023,NaN,NaN,NaN,NaN,NaN,NaN
AHM02,Gyaspur,Ahmedabad,09-06-2023,NaN,NaN,NaN,NaN,NaN,NaN
AHM02,Gyaspur,Ahmedabad,10-06-2023,NaN,NaN,NaN,NaN,NaN,NaN
AHM02,Gyaspur,Ahmedabad,11-06-2023,NaN,NaN,NaN,NaN,NaN,NaN
AHM02,Gyaspur,Ahmedabad,12-06-2023,NaN,NaN,NaN,NaN,NaN,NaN
AHM02,Gyaspur,Ahmedabad,13-06-2023,NaN,NaN,NaN,NaN,NaN,NaN
AHM02,Gyaspur,Ahmedabad,14-06-2023,NaN,NaN,NaN,NaN,NaN,NaN
AHM02,Gyaspur,Ahmedabad,15-06-2023,NaN,NaN,NaN,NaN,NaN,NaN
AHM02,Gyaspur,Ahmedabad,16-06-2023,NaN,NaN,NaN,NaN,NaN,NaN
AHM02,Gyaspur,Ahmedabad,17-06-2023,NaN,NaN,NaN,NaN,NaN,NaN
AHM02,Gyaspur,Ahmedabad,18-06-2023,NaN,NaN,NaN,NaN,NaN,NaN
AHM02,Gyaspur,Ahmedabad,19-06-2023,NaN,NaN,NaN,NaN,NaN,NaN
AHM02,Gyaspur,Ahmedabad,20-06-2023,NaN,NaN,NaN,NaN,NaN,NaN
AHM02,Gyaspur,Ahmedabad,21-06-2023,NaN,NaN,NaN,NaN,NaN,NaN
AHM02,Gyaspur,Ahmedabad,22-06-2023,NaN,NaN,NaN,NaN,NaN,NaN
AHM02,Gyaspur,Ahmedabad,23-06-2023,NaN,NaN,NaN,NaN,NaN,NaN
AHM02,Gyaspur,Ahmedabad,24-06-2023,NaN,NaN,NaN,NaN,NaN,NaN
AHM02,Gyaspur,Ahmedabad,25-06-2023,NaN,NaN,NaN,NaN,NaN,NaN
AHM02,Gyaspur,Ahmedabad,26-06-2023,NaN,NaN,NaN,NaN,NaN,NaN
AHM02,Gyaspur,Ahmedabad,27-06-2023,NaN,NaN,NaN,NaN,NaN,NaN
AHM02,Gyaspur,Ahmedabad,28-06-2023,NaN,NaN,NaN,NaN,NaN,NaN
AHM02,Gyaspur,Ahmedabad,29-06-2023,NaN,NaN,NaN,NaN,NaN,NaN
AHM02,Gyaspur,Ahmedabad,30-06-2023,NaN,NaN,NaN,NaN,NaN,NaN
AHM02,Gyaspur,Ahmedabad,01-07-2023,NaN,NaN,NaN,NaN,NaN,NaN
AHM02,Gyaspur,Ahmedabad,02-07-2023,NaN,NaN,NaN,NaN,NaN,NaN
AHM02,Gyaspur,Ahmedabad,03-07-2023,NaN,NaN,NaN,NaN,NaN,NaN
AHM02,Gyaspur,Ahmedabad,04-07-2023,NaN,NaN,NaN,NaN,NaN,NaN
AHM02,Gyaspur,Ahmedabad,05-07-2023,NaN,NaN,NaN,NaN,NaN,NaN
AHM02,Gyaspur,Ahmedabad,06-07-2023,NaN,NaN,NaN,NaN,NaN,NaN
AHM02,Gyaspur,Ahmedabad,07-07-2023,NaN,NaN,NaN,NaN,NaN,NaN
AHM02,Gyaspur,Ahmedabad,08-07-2023,NaN,NaN,NaN,NaN,NaN,NaN
AHM02,Gyaspur,Ahmedabad,09-07-2023,NaN,NaN,NaN,NaN,NaN,NaN
AHM02,Gyaspur,Ahmedabad,10-07-2023,NaN,NaN,NaN,NaN,NaN,NaN
AHM02,Gyaspur,Ahmedabad,11-07-2023,NaN,NaN,NaN,NaN,NaN,NaN
AHM02,Gyaspur,Ahmedabad,12-07-2023,NaN,NaN,NaN,NaN,NaN,NaN
AHM02,Gyaspur,Ahmedabad,13-07-2023,NaN,NaN,NaN,NaN,NaN,NaN
AHM02,Gyaspur,Ahmedabad,14-07-2023,NaN,NaN,NaN,NaN,NaN,NaN
AHM02,Gyaspur,Ahmedabad,15-07-2023,NaN,NaN,NaN,NaN,NaN,NaN
AHM02,Gyaspur,Ahmedabad,16-07-2023,NaN,NaN,NaN,NaN,NaN,NaN
AHM02,Gyaspur,Ahmedabad,17-07-2023,NaN,NaN,NaN,NaN,NaN,NaN
AHM02,Gyaspur,Ahmedabad,18-07-2023,NaN,NaN,NaN,NaN,NaN,NaN
AHM02,Gyaspur,Ahmedabad,19-07-2023,NaN,NaN,NaN,NaN,NaN,NaN
AHM02,Gyaspur,Ahmedabad,20-07-2023,NaN,NaN,NaN,NaN,NaN,NaN
AHM02,Gyaspur,Ahmedabad,21-07-2023,NaN,NaN,NaN,NaN,NaN,NaN
AHM02,Gyaspur,Ahmedabad,22-07-2023,NaN,NaN,NaN,NaN,NaN,NaN
AHM02,Gyaspur,Ahmedabad,23-07-2023,NaN,NaN,NaN,NaN,NaN,NaN
AHM02,Gyaspur,Ahmedabad,24-07-2023,NaN,NaN,NaN,NaN,NaN,NaN
AHM02,Gyaspur,Ahmedabad,25-07-2023,NaN,NaN,NaN,NaN,NaN,NaN
AHM02,Gyaspur,Ahmedabad,26-07-2023,NaN,NaN,NaN,NaN,NaN,NaN
AHM02,Gyaspur,Ahmedabad,27-07-2023,NaN,NaN,NaN,NaN,NaN,NaN
AHM02,Gyaspur,Ahmedabad,28-07-2023,NaN,NaN,NaN,NaN,NaN,NaN
AHM02,Gyaspur,Ahmedabad,29-07-2023,NaN,NaN,NaN,NaN,NaN,NaN
AHM02,Gyaspur,Ahmedabad,30-07-2023,NaN,NaN,NaN,NaN,NaN,NaN
AHM02,Gyaspur,Ahmedabad,31-07-2023,NaN,NaN,NaN,NaN,NaN,NaN
AHM02,Gyaspur,Ahmedabad,01-08-2023,NaN,NaN,NaN,NaN,NaN,NaN
AHM02,Gyaspur,Ahmedabad,02-08-2023,NaN,NaN,NaN,NaN,NaN,NaN
AHM02,Gyaspur,Ahmedabad,03-08-2023,NaN,NaN,NaN,NaN,NaN,NaN
AHM02,Gyaspur,Ahmedabad,04-08-2023,NaN,NaN,NaN,NaN,NaN,NaN
AHM02,Gyaspur,Ahmedabad,05-08-2023,NaN,NaN,NaN,NaN,NaN,NaN
AHM02,Gyaspur,Ahmedabad,06-08-2023,NaN,NaN,NaN,NaN,NaN,NaN
AHM02,Gyaspur,Ahmedabad,07-08-2023,NaN,NaN,NaN,NaN,NaN,NaN
AHM02,Gyaspur,Ahmedabad,08-08-2023,NaN,NaN,NaN,NaN,NaN,NaN
AHM02,Gyaspur,Ahmedabad,09-08-2023,NaN,NaN,NaN,NaN,NaN,NaN
AHM02,Gyaspur,Ahmedabad,10-08-2023,NaN,NaN,NaN,NaN,NaN,NaN
AHM02,Gyaspur,Ahmedabad,11-08-2023,NaN,NaN,NaN,NaN,NaN,NaN
AHM02,Gyaspur,Ahmedabad,12-08-2023,NaN,NaN,NaN,NaN,NaN,NaN
AHM02,Gyaspur,Ahmedabad,13-08-2023,NaN,NaN,NaN,NaN,NaN,NaN
AHM02,Gyaspur,Ahmedabad,14-08-2023,NaN,NaN,NaN,NaN,NaN,NaN
AHM02,Gyaspur,Ahmedabad,15-08-2023,NaN,NaN,NaN,NaN,NaN,NaN
AHM02,Gyaspur,Ahmedabad,16-08-2023,NaN,NaN,NaN,NaN,NaN,NaN
AHM02,Gyaspur,Ahmedabad,17-08-2023,NaN,NaN,NaN,NaN,NaN,NaN
AHM02,Gyaspur,Ahmedabad,18-08-2023,NaN,NaN,NaN,NaN,NaN,NaN
AHM02,Gyaspur,Ahmedabad,19-08-2023,NaN,NaN,NaN,NaN,NaN,NaN
AHM02,Gyaspur,Ahmedabad,20-08-2023,NaN,NaN,NaN,NaN,NaN,NaN
AHM02,Gyaspur,Ahmedabad,21-08-2023,NaN,NaN,NaN,NaN,NaN,NaN
AHM02,Gyaspur,Ahmedabad,22-08-2023,NaN,NaN,NaN,NaN,NaN,NaN
AHM02,Gyaspur,Ahmedabad,23-08-2023,NaN,NaN,NaN,NaN,NaN,NaN
AHM02,Gyaspur,Ahmedabad,24-08-2023,NaN,NaN,NaN,NaN,NaN,NaN
AHM02,Gyaspur,Ahmedabad,25-08-2023,NaN,NaN,NaN,NaN,NaN,NaN
AHM02,Gyaspur,Ahmedabad,26-08-2023,NaN,NaN,NaN,NaN,NaN,NaN
AHM02,Gyaspur,Ahmedabad,27-08-2023,NaN,NaN,NaN,NaN,NaN,NaN
AHM02,Gyaspur,Ahmedabad,28-08-2023,NaN,NaN,NaN,NaN,NaN,NaN
AHM02,Gyaspur,Ahmedabad,29-08-2023,NaN,NaN,NaN,NaN,NaN,NaN
AHM02,Gyaspur,Ahmedabad,30-08-2023,39.99,72.68,32.4,NaN,1.26,57.64
AHM02,Gyaspur,Ahmedabad,31-08-2023,42.95,77.62,32.55,NaN,1.15,57.64
AHM02,Gyaspur,Ahmedabad,01-09-2023,54.67,96.46,32.53,NaN,1.23,29.4
AHM02,Gyaspur,Ahmedabad,02-09-2023,45.52,82.37,32.4,NaN,1.35,57.63
AHM02,Gyaspur,Ahmedabad,03-09-2023,43.52,78,32.52,NaN,1.18,29.4
AHM02,Gyaspur,Ahmedabad,04-09-2023,44.48,79.15,32.44,NaN,1.34,57.64
AHM02,Gyaspur,Ahmedabad,05-09-2023,36.5,65.23,32.44,NaN,1.34,57.64
AHM02,Gyaspur,Ahmedabad,06-09-2023,42.44,79.69,32.48,NaN,1.17,29.41
AHM02,Gyaspur,Ahmedabad,07-09-2023,36.52,67.51,32.57,NaN,1.44,56.73
AHM02,Gyaspur,Ahmedabad,08-09-2023,24.46,45.62,32.45,NaN,1.41,30.3
AHM02,Gyaspur,Ahmedabad,09-09-2023,28.26,49.95,32.61,NaN,1.37,29.41
AHM02,Gyaspur,Ahmedabad,10-09-2023,25.82,47.2,32.53,NaN,1.38,57.64
AHM02,Gyaspur,Ahmedabad,11-09-2023,27.25,50.09,20.87,13.84,1.18,47.92
AHM02,Gyaspur,Ahmedabad,12-09-2023,25.56,46.29,8.41,0.98,1.33,38.27
AHM02,Gyaspur,Ahmedabad,13-09-2023,27.56,50.83,8.41,0.37,1.19,19.45
AHM02,Gyaspur,Ahmedabad,14-09-2023,33.71,61.48,8.39,1.12,1.39,19.38
AHM02,Gyaspur,Ahmedabad,15-09-2023,34.38,63.16,8.41,0.62,1.22,19.39
AHM02,Gyaspur,Ahmedabad,16-09-2023,29.38,53.77,8.39,1.95,1.37,37.6
AHM02,Gyaspur,Ahmedabad,17-09-2023,13.91,24.84,8.4,2.94,1.13,38.31
AHM02,Gyaspur,Ahmedabad,18-09-2023,8.28,15.56,8.4,2.41,1.3,38.24
AHM02,Gyaspur,Ahmedabad,19-09-2023,15.69,30.41,8.39,0.75,1.11,38.14
AHM02,Gyaspur,Ahmedabad,20-09-2023,27.6,50.72,8.4,3.07,1.33,37.99
AHM02,Gyaspur,Ahmedabad,21-09-2023,34.38,62.87,8.4,0.91,1.36,37.87
AHM02,Gyaspur,Ahmedabad,22-09-2023,34.03,61.95,8.42,0.82,1.21,19.25
AHM02,Gyaspur,Ahmedabad,23-09-2023,35.06,64.75,8.39,3.2,1.36,37.55
AHM02,Gyaspur,Ahmedabad,24-09-2023,31.11,57.01,8.4,2.34,1.34,37.46
AHM02,Gyaspur,Ahmedabad,25-09-2023,39.73,72.53,8.4,1.09,1.2,19.13
AHM02,Gyaspur,Ahmedabad,26-09-2023,51.91,95.27,8.4,2.14,1.4,37.41
AHM02,Gyaspur,Ahmedabad,27-09-2023,62.36,118.86,8.4,1.36,1.27,19.02
AHM02,Gyaspur,Ahmedabad,28-09-2023,61.72,115.77,8.41,3.13,1.22,18.95
AHM02,Gyaspur,Ahmedabad,29-09-2023,62.81,117.4,8.4,2.3,1.52,37.09
AHM02,Gyaspur,Ahmedabad,30-09-2023,74.51,140.27,8.4,2.45,1.36,37
AHM02,Gyaspur,Ahmedabad,01-10-2023,69.87,129.6,8.4,1.02,1.22,18.8
AHM02,Gyaspur,Ahmedabad,02-10-2023,81.82,150.6,8.4,1.76,1.41,36.8
AHM02,Gyaspur,Ahmedabad,03-10-2023,89.59,165.44,8.4,1.26,1.22,18.76
AHM02,Gyaspur,Ahmedabad,04-10-2023,78.43,142.9,8.4,3.72,1.25,36.82
AHM02,Gyaspur,Ahmedabad,05-10-2023,55.94,101.86,8.38,19.1,0.97,28.77
AHM02,Gyaspur,Ahmedabad,06-10-2023,58.54,104.83,8.4,16.35,1.04,16.59
AHM02,Gyaspur,Ahmedabad,07-10-2023,57.42,104.19,8.4,20.35,1.07,58.37
AHM02,Gyaspur,Ahmedabad,08-10-2023,55.28,100.09,8.4,17.88,1.03,18.29
AHM02,Gyaspur,Ahmedabad,09-10-2023,51.18,92.69,8.41,54.2,0.99,60.24
AHM02,Gyaspur,Ahmedabad,10-10-2023,47.57,86.81,8.41,14.1,1.08,58.65
AHM02,Gyaspur,Ahmedabad,11-10-2023,55.82,102.97,8.41,74.45,1.17,57.32
AHM02,Gyaspur,Ahmedabad,12-10-2023,72.5,133.54,8.4,6.17,1.06,36.35
AHM02,Gyaspur,Ahmedabad,13-10-2023,109.32,200.56,8.41,9.57,1.07,24.65
AHM02,Gyaspur,Ahmedabad,14-10-2023,102.46,187.68,8.39,9.62,1.01,30.11
AHM02,Gyaspur,Ahmedabad,15-10-2023,59.95,111.67,8.37,17.68,0.85,36.19
AHM02,Gyaspur,Ahmedabad,16-10-2023,63.6,118,8.38,5.59,0.83,26.73
AHM02,Gyaspur,Ahmedabad,17-10-2023,54.08,101.18,8.42,5.79,0.77,26.64
AHM02,Gyaspur,Ahmedabad,18-10-2023,75.66,139.47,8.4,5.87,0.73,26.67
AHM02,Gyaspur,Ahmedabad,19-10-2023,114.2,190.31,8.4,4.95,0.75,26.77
AHM02,Gyaspur,Ahmedabad,20-10-2023,80.93,154.71,8.39,4.78,0.82,27.98
AHM02,Gyaspur,Ahmedabad,21-10-2023,107.07,199.35,8.41,6.92,0.86,31.92
AHM02,Gyaspur,Ahmedabad,22-10-2023,88.89,166.22,8.4,8.93,0.83,36.89
AHM02,Gyaspur,Ahmedabad,23-10-2023,83.5,158.26,8.4,8.6,0.77,35.52
AHM02,Gyaspur,Ahmedabad,24-10-2023,110.4,205.87,8.39,9.66,0.73,32.62
AHM02,Gyaspur,Ahmedabad,25-10-2023,121.28,222.18,8.41,9.6,0.85,32.64
AHM02,Gyaspur,Ahmedabad,26-10-2023,89.37,166.95,8.42,10.35,0.72,32.71
AHM02,Gyaspur,Ahmedabad,27-10-2023,77.29,144.67,8.4,9.21,0.64,32.6
AHM02,Gyaspur,Ahmedabad,28-10-2023,87.92,163.05,8.4,9.68,0.67,32.61
AHM02,Gyaspur,Ahmedabad,29-10-2023,71.31,133.91,8.41,8.82,0.62,32.78
AHM02,Gyaspur,Ahmedabad,30-10-2023,78.58,148.11,8.42,10.25,0.7,32.67
AHM02,Gyaspur,Ahmedabad,31-10-2023,81.95,154.21,8.4,9.14,0.71,32.72
AHM02,Gyaspur,Ahmedabad,01-11-2023,79.87,150.16,8.4,9,0.69,34.21
AHM02,Gyaspur,Ahmedabad,02-11-2023,79.99,151.53,8.4,9.25,0.7,32.76
AHM02,Gyaspur,Ahmedabad,03-11-2023,93.5,173.3,8.41,11.42,0.72,34.13
AHM02,Gyaspur,Ahmedabad,04-11-2023,85.54,160.69,8.41,8.55,0.81,32.81
AHM02,Gyaspur,Ahmedabad,05-11-2023,89.81,165.43,8.4,9.25,0.73,33.97
AHM02,Gyaspur,Ahmedabad,06-11-2023,83.56,155.1,8.4,8.98,0.66,31.54
AHM02,Gyaspur,Ahmedabad,07-11-2023,93.71,172.05,8.4,9.67,0.55,32.46
AHM02,Gyaspur,Ahmedabad,08-11-2023,95.63,175.7,8.42,7.87,0.56,31.08
AHM02,Gyaspur,Ahmedabad,09-11-2023,86.6,155.67,8.4,6.61,0.66,34.31
AHM02,Gyaspur,Ahmedabad,10-11-2023,100.29,181.03,8.4,6.74,0.66,25.37
AHM02,Gyaspur,Ahmedabad,11-11-2023,50.65,97.5,8.39,6.34,0.38,17.27
AHM02,Gyaspur,Ahmedabad,12-11-2023,66.4,129.58,8.4,6.61,0.25,15.86
AHM02,Gyaspur,Ahmedabad,13-11-2023,132.92,240.66,8.39,8.79,0.29,15.55
AHM02,Gyaspur,Ahmedabad,14-11-2023,89.75,169.55,8.4,8.68,0.3,15.75
AHM02,Gyaspur,Ahmedabad,15-11-2023,60.16,116.8,8.4,8.71,0.2,17.26
AHM02,Gyaspur,Ahmedabad,16-11-2023,69.53,133.51,8.4,9.04,0.17,18.75
AHM02,Gyaspur,Ahmedabad,17-11-2023,92.55,168.98,8.4,8.95,0.21,23.06
AHM02,Gyaspur,Ahmedabad,18-11-2023,84.4,158.64,8.41,8.84,0.26,31.48
AHM02,Gyaspur,Ahmedabad,19-11-2023,86.41,166.54,8.39,8.89,0.25,31.41
AHM02,Gyaspur,Ahmedabad,20-11-2023,92.12,176.29,8.39,8.88,0.22,33.06
AHM02,Gyaspur,Ahmedabad,21-11-2023,98.36,185.34,8.39,9.05,0.21,31.51
AHM02,Gyaspur,Ahmedabad,22-11-2023,122.11,221.84,8.4,8.84,0.4,31.37
AHM02,Gyaspur,Ahmedabad,23-11-2023,120.03,220.64,8.39,8.87,0.38,31.33
AHM02,Gyaspur,Ahmedabad,24-11-2023,94.66,184.34,8.4,10.75,0.3,30.73
AHM02,Gyaspur,Ahmedabad,25-11-2023,90.27,169.44,8.39,12.32,0.14,26.85
AHM02,Gyaspur,Ahmedabad,26-11-2023,51.48,92.76,8.4,7.69,0.4,15.4
AHM02,Gyaspur,Ahmedabad,27-11-2023,23.75,46.03,7.78,8.73,0.64,17.71
AHM02,Gyaspur,Ahmedabad,28-11-2023,46.44,89.95,7.3,28.73,0.59,20.43
AHM02,Gyaspur,Ahmedabad,29-11-2023,40.61,79.36,9.46,5.21,0.62,20.4
AHM02,Gyaspur,Ahmedabad,30-11-2023,39.59,78.65,11.21,4.89,0.67,20.4
AHM02,Gyaspur,Ahmedabad,01-12-2023,28.42,58.83,11.21,36.6,0.62,20.41
AHM02,Gyaspur,Ahmedabad,02-12-2023,31.17,61.39,11.2,4.1,0.6,20.36
AHM02,Gyaspur,Ahmedabad,03-12-2023,38.34,69.94,11.19,4.26,0.57,20.37
AHM02,Gyaspur,Ahmedabad,04-12-2023,33.69,66.02,11.2,3.51,0.5,20.42
AHM02,Gyaspur,Ahmedabad,05-12-2023,40.31,77.69,11.19,3.01,0.57,20.38
AHM02,Gyaspur,Ahmedabad,06-12-2023,47.63,93.98,11.37,4.1,0.6,20.37
AHM02,Gyaspur,Ahmedabad,07-12-2023,48.04,94.03,11.69,4.59,0.57,20.38
AHM02,Gyaspur,Ahmedabad,08-12-2023,50.77,97.25,11.7,4.59,0.57,20.37
AHM02,Gyaspur,Ahmedabad,09-12-2023,46.88,91.19,11.69,4.61,0.57,20.4
AHM02,Gyaspur,Ahmedabad,10-12-2023,44.83,86.34,11.7,4.6,0.57,20.38
AHM02,Gyaspur,Ahmedabad,11-12-2023,63.88,123.43,11.44,4.56,0.57,20.31
AHM02,Gyaspur,Ahmedabad,12-12-2023,68.72,136.72,7.53,4.49,0.57,20.18
AHM02,Gyaspur,Ahmedabad,13-12-2023,67.12,127.05,1.04,4.6,0.57,20.39
AHM02,Gyaspur,Ahmedabad,14-12-2023,67.42,125.88,1.28,4.6,0.57,20.4
AHM02,Gyaspur,Ahmedabad,15-12-2023,64.74,121.78,0.96,4.63,0.57,20.45
AHM02,Gyaspur,Ahmedabad,16-12-2023,60.08,113.94,0.95,4.59,0.57,20.38
AHM02,Gyaspur,Ahmedabad,17-12-2023,59.34,113.2,0.69,4.59,0.57,20.38
AHM02,Gyaspur,Ahmedabad,18-12-2023,78.27,148.08,1.62,4.59,0.57,20.37
AHM02,Gyaspur,Ahmedabad,19-12-2023,71.25,131.27,1.56,5.1,0.57,19.83
AHM02,Gyaspur,Ahmedabad,20-12-2023,92.12,172.64,1.65,0.56,0.57,20.37
AHM02,Gyaspur,Ahmedabad,21-12-2023,96.71,181.55,2.25,0.47,0.57,20.39
AHM02,Gyaspur,Ahmedabad,22-12-2023,90.37,169.54,1.63,0.51,0.57,20.84
AHM02,Gyaspur,Ahmedabad,23-12-2023,97.94,186.65,1.37,0.61,0.58,21.03
AHM02,Gyaspur,Ahmedabad,24-12-2023,99.5,187.62,1.13,0.73,0.6,20.37
AHM02,Gyaspur,Ahmedabad,25-12-2023,102.75,188.05,0.92,0.65,0.6,20.36
AHM02,Gyaspur,Ahmedabad,26-12-2023,106.58,193.73,3.32,0.84,0.6,20.37
AHM02,Gyaspur,Ahmedabad,27-12-2023,87.7,163.3,5.88,0.46,0.6,20.4
AHM02,Gyaspur,Ahmedabad,28-12-2023,92.17,169.84,5.91,0.72,0.74,20.42
AHM02,Gyaspur,Ahmedabad,29-12-2023,67.04,123.01,5.9,0.77,0.98,20.39
AHM02,Gyaspur,Ahmedabad,30-12-2023,68.48,127.54,5.89,0.96,0.98,20.39
AHM02,Gyaspur,Ahmedabad,31-12-2023,67.03,122.47,5.87,0.59,0.97,20.35
AHM02,Gyaspur,Ahmedabad,01-01-2024,72.54,129.62,5.9,0.69,0.98,20.37
AHM02,Gyaspur,Ahmedabad,02-01-2024,72.95,128.66,5.89,0.79,0.96,20.41
AHM02,Gyaspur,Ahmedabad,03-01-2024,74.95,131.13,5.9,67.12,0.77,20.38
AHM02,Gyaspur,Ahmedabad,04-01-2024,74.81,134,5.89,1.31,0.85,20.37
AHM02,Gyaspur,Ahmedabad,05-01-2024,86.82,156.24,5.9,2.09,0.88,20.4
AHM02,Gyaspur,Ahmedabad,06-01-2024,77.81,141.58,5.89,2.67,0.85,17.21
AHM02,Gyaspur,Ahmedabad,07-01-2024,74.03,133.96,6.31,2.83,0.78,15.05
AHM02,Gyaspur,Ahmedabad,08-01-2024,68.98,124.22,11.21,4.09,0.74,11.12
AHM02,Gyaspur,Ahmedabad,09-01-2024,72.38,137.3,12.69,5.51,0.61,13.51
AHM02,Gyaspur,Ahmedabad,10-01-2024,78.55,139.33,13.33,6.54,0.49,15.98
AHM02,Gyaspur,Ahmedabad,11-01-2024,76.48,140.54,11.38,6.54,0.53,15.55
AHM02,Gyaspur,Ahmedabad,12-01-2024,75.05,138.15,9.28,6.74,0.53,20.13
AHM02,Gyaspur,Ahmedabad,13-01-2024,76.46,137.6,9.25,6.69,0.4,20.97
AHM02,Gyaspur,Ahmedabad,14-01-2024,74.62,138.98,9.29,6.31,0.3,20.41
AHM02,Gyaspur,Ahmedabad,15-01-2024,64.04,113.98,8.69,6.13,0.3,19.78
AHM02,Gyaspur,Ahmedabad,16-01-2024,77.29,139.26,8.53,6.58,0.35,21.16
AHM02,Gyaspur,Ahmedabad,17-01-2024,124.9,219.38,10.17,6.64,0.51,20.28
AHM02,Gyaspur,Ahmedabad,18-01-2024,61.97,117.23,11.33,6.4,0.36,18.88
AHM02,Gyaspur,Ahmedabad,19-01-2024,63.99,117.8,11.26,6.51,0.3,18.43
AHM02,Gyaspur,Ahmedabad,20-01-2024,56.34,106.03,9.16,4.56,0.23,10.02
AHM02,Gyaspur,Ahmedabad,21-01-2024,94.67,174.44,9.16,4.67,0.25,11.85
AHM02,Gyaspur,Ahmedabad,22-01-2024,84.54,152.71,9.13,4.51,0.38,11.55
AHM02,Gyaspur,Ahmedabad,23-01-2024,121.6,217.96,9.39,5.93,0.37,11.32
AHM02,Gyaspur,Ahmedabad,24-01-2024,102.81,183.01,10.15,6.74,0.3,10.9
AHM02,Gyaspur,Ahmedabad,25-01-2024,71.14,128.48,9.66,8.05,0.3,4.71
AHM02,Gyaspur,Ahmedabad,26-01-2024,59.96,110.07,10.83,8.93,0.17,9.07
AHM02,Gyaspur,Ahmedabad,27-01-2024,64.52,117.13,15.95,10.52,0.18,11.75
AHM02,Gyaspur,Ahmedabad,28-01-2024,68.62,124.5,16.75,13.63,0.23,12.52
AHM02,Gyaspur,Ahmedabad,29-01-2024,50.79,92.07,14.77,19.14,0.23,9.86
AHM02,Gyaspur,Ahmedabad,30-01-2024,87.11,156.04,13.05,20.62,0.48,12.4
AHM02,Gyaspur,Ahmedabad,31-01-2024,61.69,108.72,9.77,20.95,0.47,14.48
AHM02,Gyaspur,Ahmedabad,01-02-2024,46.2,81.41,11.65,22.79,0.63,14.25
AHM02,Gyaspur,Ahmedabad,02-02-2024,114.43,198.93,16.26,20.66,1.32,14.72
AHM02,Gyaspur,Ahmedabad,03-02-2024,123.12,216.41,14.97,16.19,1.37,11.25
AHM02,Gyaspur,Ahmedabad,04-02-2024,99.43,174,14.33,15.77,1.25,17.78
AHM02,Gyaspur,Ahmedabad,05-02-2024,44.54,81.99,11.62,13.55,0.78,11.67
AHM02,Gyaspur,Ahmedabad,06-02-2024,72.4,131.86,14.83,14.5,0.89,13.65
AHM02,Gyaspur,Ahmedabad,07-02-2024,68.3,127.21,16.66,9.48,0.9,14.39
AHM02,Gyaspur,Ahmedabad,08-02-2024,72.07,139.69,8.12,5.2,0.85,18.96
AHM02,Gyaspur,Ahmedabad,09-02-2024,85.35,162.41,9.33,4.07,0.73,20.77
AHM02,Gyaspur,Ahmedabad,10-02-2024,78,151.69,8.16,2.46,0.55,16.39
AHM02,Gyaspur,Ahmedabad,11-02-2024,64.9,131.47,8.16,2.76,0.39,27.45
AHM02,Gyaspur,Ahmedabad,12-02-2024,72.9,148.15,13.22,2.41,0.49,21.21
AHM02,Gyaspur,Ahmedabad,13-02-2024,76.57,151.96,18.17,2.99,0.49,23.99
AHM02,Gyaspur,Ahmedabad,14-02-2024,41.01,79.6,17.24,2.95,0.57,19.97
AHM02,Gyaspur,Ahmedabad,15-02-2024,63.87,123.35,17.23,3.33,0.57,20.04
AHM02,Gyaspur,Ahmedabad,16-02-2024,91.87,176.66,17.27,3.29,0.57,20.01
AHM02,Gyaspur,Ahmedabad,17-02-2024,92.35,176.3,17.23,3.93,0.57,19.58
AHM02,Gyaspur,Ahmedabad,18-02-2024,98.59,185.13,17.18,8.22,0.57,9.73
AHM02,Gyaspur,Ahmedabad,19-02-2024,37.92,69.43,17.24,4.11,0.57,11
AHM02,Gyaspur,Ahmedabad,20-02-2024,29.49,52.81,17.2,4,0.57,8.61
AHM02,Gyaspur,Ahmedabad,21-02-2024,23.74,43.67,16.91,3.06,0.59,10.62
AHM02,Gyaspur,Ahmedabad,22-02-2024,30.68,55.44,14.46,3.45,0.74,3.13
AHM02,Gyaspur,Ahmedabad,23-02-2024,31.92,58.72,15.87,3.62,0.61,15.04
AHM02,Gyaspur,Ahmedabad,24-02-2024,18.36,34.59,17.25,2.68,0.6,12.94
AHM02,Gyaspur,Ahmedabad,25-02-2024,16.13,30.31,17.27,2.67,0.63,13.41
AHM02,Gyaspur,Ahmedabad,26-02-2024,21.89,42.74,17.24,3.02,0.56,20.05
AHM02,Gyaspur,Ahmedabad,27-02-2024,NaN,NaN,17.24,3.72,0.49,27.36
AHM02,Gyaspur,Ahmedabad,28-02-2024,NaN,NaN,17.21,3.07,0.49,26.36
AHM02,Gyaspur,Ahmedabad,29-02-2024,46.35,86.3,17.22,11.51,0.49,25.45
AHM02,Gyaspur,Ahmedabad,01-03-2024,46.55,85.81,17.19,7.64,0.49,13.53
AHM02,Gyaspur,Ahmedabad,02-03-2024,44.05,82.92,17.2,3.77,0.49,8.14
AHM02,Gyaspur,Ahmedabad,03-03-2024,35.51,69.11,17.21,2.7,0.49,20.17
AHM02,Gyaspur,Ahmedabad,04-03-2024,47.95,88.4,17.25,2.99,0.49,20.83
AHM02,Gyaspur,Ahmedabad,05-03-2024,54.27,107.57,17.2,2.94,0.48,27.96
AHM02,Gyaspur,Ahmedabad,06-03-2024,51.19,99.81,17.23,3.26,0.49,28.08
AHM02,Gyaspur,Ahmedabad,07-03-2024,68.27,127.86,17.64,3.11,0.57,21.54
AHM02,Gyaspur,Ahmedabad,08-03-2024,88,167.64,17.23,3.46,0.49,24.72
AHM02,Gyaspur,Ahmedabad,09-03-2024,66.57,128.24,17.22,3.46,0.49,31.96
AHM02,Gyaspur,Ahmedabad,10-03-2024,78.95,151.91,17.24,5.43,0.49,30.57
AHM02,Gyaspur,Ahmedabad,11-03-2024,68.86,131.7,17.17,3.98,0.49,29.87
AHM02,Gyaspur,Ahmedabad,12-03-2024,77.37,145.27,17.16,3.87,0.49,26.67
AHM02,Gyaspur,Ahmedabad,13-03-2024,84.79,162.16,17.24,3.54,0.49,18.46
AHM02,Gyaspur,Ahmedabad,14-03-2024,170.28,326.02,29.89,6.45,0.64,23.64
AHM02,Gyaspur,Ahmedabad,15-03-2024,183.35,347.22,64.13,8.99,0.78,28.05
AHM02,Gyaspur,Ahmedabad,16-03-2024,194.18,360.1,80.44,8.9,0.96,27.89
AHM02,Gyaspur,Ahmedabad,17-03-2024,85.54,189.47,39.62,11.17,0.63,34.18
AHM02,Gyaspur,Ahmedabad,18-03-2024,59.95,128.42,41.63,14.48,0.58,30.9
AHM02,Gyaspur,Ahmedabad,19-03-2024,78.14,150.52,48.31,11.81,0.64,31.62
AHM02,Gyaspur,Ahmedabad,20-03-2024,100.09,188.5,40.9,11.8,0.84,21.33
AHM02,Gyaspur,Ahmedabad,21-03-2024,153.99,244.58,29.08,15.1,0.86,30.37
AHM02,Gyaspur,Ahmedabad,22-03-2024,80.11,153.61,27.9,3.46,0.79,22.29
AHM02,Gyaspur,Ahmedabad,23-03-2024,70.94,131.48,32.13,4.49,0.55,14.31
AHM02,Gyaspur,Ahmedabad,24-03-2024,67.1,121.71,29.92,3.53,0.6,13.98
AHM02,Gyaspur,Ahmedabad,25-03-2024,56.25,104.96,27.44,3.55,0.58,16.32
AHM02,Gyaspur,Ahmedabad,26-03-2024,69.79,129.17,27.45,3.22,0.7,13.42
AHM02,Gyaspur,Ahmedabad,27-03-2024,108.16,201.83,26.63,3.84,0.71,15.37
AHM02,Gyaspur,Ahmedabad,28-03-2024,97.34,184.84,23.82,3.42,0.59,10.98
AHM02,Gyaspur,Ahmedabad,29-03-2024,86.87,157.96,33.16,3.28,0.51,14.43
AHM02,Gyaspur,Ahmedabad,30-03-2024,93.84,175.84,25.43,4.18,0.55,12.48
AHM02,Gyaspur,Ahmedabad,31-03-2024,81.66,149.15,19.19,3.6,0.48,14.29
AHM02,Gyaspur,Ahmedabad,01-04-2024,125.58,233.15,23.62,3.4,0.56,15.42
AHM02,Gyaspur,Ahmedabad,02-04-2024,88.03,164.49,32.43,3.94,0.36,15.05
AHM02,Gyaspur,Ahmedabad,03-04-2024,89.36,166.51,38.4,3.4,0.34,14.51
AHM02,Gyaspur,Ahmedabad,04-04-2024,60.76,110.41,37.54,3.15,0.31,11.69
AHM02,Gyaspur,Ahmedabad,05-04-2024,67.19,124.59,45.9,2.86,0.35,5.03
AHM02,Gyaspur,Ahmedabad,06-04-2024,62.49,117.51,34.07,3.46,0.25,14.28
AHM02,Gyaspur,Ahmedabad,07-04-2024,47.95,89.8,29.17,3.46,0.21,13.4
AHM02,Gyaspur,Ahmedabad,08-04-2024,75.09,139.93,31.51,4.11,0.33,14.31
AHM02,Gyaspur,Ahmedabad,09-04-2024,148.7,292.21,30.65,4.22,0.51,18.72
AHM02,Gyaspur,Ahmedabad,10-04-2024,86.12,163.96,26.9,3.85,0.29,13.84
AHM02,Gyaspur,Ahmedabad,11-04-2024,84.65,161.98,31,3.39,0.26,11.79
AHM02,Gyaspur,Ahmedabad,12-04-2024,63.42,124.34,71.79,7.24,0.04,4.96
AHM02,Gyaspur,Ahmedabad,13-04-2024,53.32,101.34,54.3,5.33,0.09,6.14
AHM02,Gyaspur,Ahmedabad,14-04-2024,61.29,119.21,32.31,3.27,0.15,6.07
AHM02,Gyaspur,Ahmedabad,15-04-2024,46.83,90,29.17,3,0.2,12.28
AHM02,Gyaspur,Ahmedabad,16-04-2024,38.94,79.6,28.46,3.23,0.12,15.39
AHM02,Gyaspur,Ahmedabad,17-04-2024,59.24,115.79,28.85,3.11,0.2,21.9
AHM02,Gyaspur,Ahmedabad,18-04-2024,39.47,74.19,28.48,3.53,0.46,15.06
AHM02,Gyaspur,Ahmedabad,19-04-2024,51.46,95.84,61.65,3.52,1.02,21.56
AHM02,Gyaspur,Ahmedabad,20-04-2024,35.62,66.66,54.7,3.82,0.92,25.27
AHM02,Gyaspur,Ahmedabad,21-04-2024,45.91,86.74,41.87,7.66,0.94,11.7
AHM02,Gyaspur,Ahmedabad,22-04-2024,40.31,75.45,33.6,6.96,0.85,22.78
AHM02,Gyaspur,Ahmedabad,23-04-2024,103.3,188.85,41.99,8.54,0.97,16.12
AHM02,Gyaspur,Ahmedabad,24-04-2024,61.15,112.95,45.25,8.35,0.97,18.91
AHM02,Gyaspur,Ahmedabad,25-04-2024,71.28,133.87,33.85,9.91,0.9,14.88
AHM02,Gyaspur,Ahmedabad,26-04-2024,53.81,99.19,3.36,8.98,0.6,12.24
AHM02,Gyaspur,Ahmedabad,27-04-2024,77.19,143.25,8.22,10.68,0.67,10.41
AHM02,Gyaspur,Ahmedabad,28-04-2024,92.69,176.04,8.12,10.81,0.7,16.22
AHM02,Gyaspur,Ahmedabad,29-04-2024,66.69,123.71,10.64,12.71,0.61,15.43
AHM02,Gyaspur,Ahmedabad,30-04-2024,77.78,148.32,15.94,8.24,0.58,26.1
AHM02,Gyaspur,Ahmedabad,01-05-2024,68.06,129.53,15.04,13.8,0.51,36.12
AHM02,Gyaspur,Ahmedabad,02-05-2024,89.13,167.98,13.87,12.95,0.67,40.42
AHM02,Gyaspur,Ahmedabad,03-05-2024,85.52,162.42,NaN,9.65,0.66,26.44
AHM02,Gyaspur,Ahmedabad,04-05-2024,60.92,116.63,16.69,9.05,0.69,7.23
AHM02,Gyaspur,Ahmedabad,05-05-2024,46.37,87.53,16.41,15.3,0.47,9.7
AHM02,Gyaspur,Ahmedabad,06-05-2024,49.04,92.67,24.11,8.53,0.65,20.05
AHM02,Gyaspur,Ahmedabad,07-05-2024,74.48,141.21,33.32,3.85,0.92,55.13
AHM02,Gyaspur,Ahmedabad,08-05-2024,80.8,151.48,22.16,2.23,0.79,64.66
AHM02,Gyaspur,Ahmedabad,09-05-2024,74.88,140.02,19.63,7.16,0.94,69.1
AHM02,Gyaspur,Ahmedabad,10-05-2024,50.79,93.86,36.37,38.47,0.84,65.28
AHM02,Gyaspur,Ahmedabad,11-05-2024,64.04,119.4,37.46,38.96,0.88,72.31
AHM02,Gyaspur,Ahmedabad,12-05-2024,43.63,80.95,36.93,29.74,0.99,56.84
AHM02,Gyaspur,Ahmedabad,13-05-2024,53.5,117.72,37.48,19.49,0.87,70.79
AHM02,Gyaspur,Ahmedabad,14-05-2024,35.26,68,37.15,19.84,0.97,63.78
AHM02,Gyaspur,Ahmedabad,15-05-2024,76.57,140.41,37.24,20.37,1.2,66.8
AHM02,Gyaspur,Ahmedabad,16-05-2024,47.09,90.24,37.55,19.24,0.98,89.52
AHM02,Gyaspur,Ahmedabad,17-05-2024,60.72,118.34,36.11,18.33,0.87,67.58
AHM02,Gyaspur,Ahmedabad,18-05-2024,74.67,140.6,36.8,19.23,1.07,93.3
AHM02,Gyaspur,Ahmedabad,19-05-2024,68.89,131.33,37.71,17.43,0.81,56.76
AHM02,Gyaspur,Ahmedabad,20-05-2024,61.23,121.45,36.1,19.22,0.77,71.8
AHM02,Gyaspur,Ahmedabad,21-05-2024,80.25,149.97,36.99,19.16,0.66,NaN
AHM02,Gyaspur,Ahmedabad,22-05-2024,86.78,161.28,36.93,19.11,0.62,NaN
AHM02,Gyaspur,Ahmedabad,23-05-2024,85.91,160.43,36.91,18.83,NaN,NaN
AHM02,Gyaspur,Ahmedabad,24-05-2024,89.35,164.99,37.49,19.02,0.76,54.29
AHM02,Gyaspur,Ahmedabad,25-05-2024,81.81,149.52,36.66,19.33,0.63,54.45
AHM02,Gyaspur,Ahmedabad,26-05-2024,80.36,146.63,37.42,19.32,0.72,85.97
AHM02,Gyaspur,Ahmedabad,27-05-2024,82.34,153.53,37.2,19.14,0.73,95.2
AHM02,Gyaspur,Ahmedabad,28-05-2024,79.76,149.53,36.64,19.43,0.72,109.04
AHM02,Gyaspur,Ahmedabad,29-05-2024,94.28,175.9,35.82,20.63,0.72,109.86
AHM02,Gyaspur,Ahmedabad,30-05-2024,83.81,152.59,36.57,21.89,0.59,94.99
AHM02,Gyaspur,Ahmedabad,31-05-2024,79.14,146.11,36.25,22.13,0.61,31.3
AHM02,Gyaspur,Ahmedabad,01-06-2024,78.81,146.48,36.8,22.12,0.68,20.1
AHM02,Gyaspur,Ahmedabad,02-06-2024,80.41,147.06,37.42,22.06,0.67,19.89
AHM02,Gyaspur,Ahmedabad,03-06-2024,96.01,175.42,36.18,21.67,0.95,28.61
AHM02,Gyaspur,Ahmedabad,04-06-2024,61.63,111.82,36.09,16.09,1.63,58.96
AHM02,Gyaspur,Ahmedabad,05-06-2024,59.79,109.94,37.05,16.15,1.68,112.53
AHM02,Gyaspur,Ahmedabad,06-06-2024,41.09,138.27,35.46,15.95,1.72,97.54
AHM02,Gyaspur,Ahmedabad,07-06-2024,51.28,131.42,36.04,15.78,1.59,75
AHM02,Gyaspur,Ahmedabad,08-06-2024,44.43,170.03,36.31,16.25,1.56,62.45
AHM02,Gyaspur,Ahmedabad,09-06-2024,33.34,109.08,36.07,16.25,1.82,52.28
AHM02,Gyaspur,Ahmedabad,10-06-2024,30.21,100.01,34.73,16.08,1.01,46.91
AHM02,Gyaspur,Ahmedabad,11-06-2024,27.81,90.03,36.09,18.37,0.97,50.66
AHM02,Gyaspur,Ahmedabad,12-06-2024,34.88,112.86,35.99,18.71,0.7,56.59
AHM02,Gyaspur,Ahmedabad,13-06-2024,35.6,87.63,35.8,2.78,0.75,76.85
AHM02,Gyaspur,Ahmedabad,14-06-2024,56.17,101.55,35.53,2.85,0.79,43.82
AHM02,Gyaspur,Ahmedabad,15-06-2024,44.18,78.89,35.48,2.65,0.95,33.92
AHM02,Gyaspur,Ahmedabad,16-06-2024,59.59,105.63,34.53,3.5,0.97,31.62
AHM02,Gyaspur,Ahmedabad,17-06-2024,50.81,90.95,33.78,11.29,1.01,36.97
AHM02,Gyaspur,Ahmedabad,18-06-2024,43.8,79.02,33.68,13.31,1.05,44.58
AHM02,Gyaspur,Ahmedabad,19-06-2024,52.36,94.5,35.92,13.14,0.93,30.4
AHM02,Gyaspur,Ahmedabad,20-06-2024,77.25,140.3,35.47,13.25,0.9,41.44
AHM02,Gyaspur,Ahmedabad,21-06-2024,67.28,120.73,34.96,13.21,0.85,51.19
AHM02,Gyaspur,Ahmedabad,22-06-2024,67.63,121.32,34.55,13.88,0.9,18.22
AHM02,Gyaspur,Ahmedabad,23-06-2024,77.58,137.97,37.2,17.15,0.57,24.7
AHM02,Gyaspur,Ahmedabad,24-06-2024,21.98,57.86,NaN,38.8,0.4,29.08
AHM02,Gyaspur,Ahmedabad,25-06-2024,6.06,12.83,NaN,11.34,0.9,27.9
AHM02,Gyaspur,Ahmedabad,26-06-2024,NaN,NaN,NaN,12.17,1.22,43.2
AHM02,Gyaspur,Ahmedabad,27-06-2024,64.58,108.59,NaN,12.79,1.54,29.72
AHM02,Gyaspur,Ahmedabad,28-06-2024,58.55,93.04,NaN,12.94,1.68,23.31
AHM02,Gyaspur,Ahmedabad,29-06-2024,67.06,100.04,NaN,13.2,1.78,22.03
AHM02,Gyaspur,Ahmedabad,30-06-2024,67.28,99.98,NaN,13.08,1.87,21.98
AHM02,Gyaspur,Ahmedabad,01-07-2024,53.69,79.19,NaN,13.11,2.16,26.57
AHM02,Gyaspur,Ahmedabad,02-07-2024,17.79,29.1,NaN,13.49,1.41,19.13
AHM02,Gyaspur,Ahmedabad,03-07-2024,22.56,40.97,NaN,12.56,0.38,26.07
AHM02,Gyaspur,Ahmedabad,04-07-2024,18.31,32.87,NaN,13.01,0.48,19.48
AHM02,Gyaspur,Ahmedabad,05-07-2024,15.39,29.6,NaN,13.11,0.42,17.5
AHM02,Gyaspur,Ahmedabad,06-07-2024,16.97,33.85,NaN,12.95,0.47,17.23
AHM02,Gyaspur,Ahmedabad,07-07-2024,20.43,39.94,NaN,12.99,0.49,22.78
AHM02,Gyaspur,Ahmedabad,08-07-2024,18.54,36.09,NaN,13.01,0.47,20.89
AHM02,Gyaspur,Ahmedabad,09-07-2024,22.68,43.53,NaN,12.91,0.31,29.6
AHM02,Gyaspur,Ahmedabad,10-07-2024,30.96,60.14,NaN,12.93,0.34,39.73
AHM02,Gyaspur,Ahmedabad,11-07-2024,29.96,57.26,NaN,13.28,0.42,31.69
AHM02,Gyaspur,Ahmedabad,12-07-2024,30.62,58.96,NaN,13.2,0.39,28.88
AHM02,Gyaspur,Ahmedabad,13-07-2024,36.22,69.59,NaN,12.82,0.48,26.13
AHM02,Gyaspur,Ahmedabad,14-07-2024,46.56,90.22,NaN,12.94,0.41,25.59
AHM02,Gyaspur,Ahmedabad,15-07-2024,37.95,75.86,NaN,13.11,0.45,21.22
AHM02,Gyaspur,Ahmedabad,16-07-2024,50.83,88.92,NaN,12.87,0.4,20.79
AHM02,Gyaspur,Ahmedabad,17-07-2024,62.63,96.56,NaN,13.03,0.35,20.91
AHM02,Gyaspur,Ahmedabad,18-07-2024,58.44,89.02,8.75,13.04,0.38,25.52
AHM02,Gyaspur,Ahmedabad,19-07-2024,52.9,80.14,5.75,13.2,0.44,25.88
AHM02,Gyaspur,Ahmedabad,20-07-2024,52.77,77.5,10.5,13.02,0.41,23.54
AHM02,Gyaspur,Ahmedabad,21-07-2024,46.59,74.58,6.34,13.35,0.39,22.62
AHM02,Gyaspur,Ahmedabad,22-07-2024,44.79,66.84,20.87,13.03,0.39,22.2
AHM02,Gyaspur,Ahmedabad,23-07-2024,35.06,54.97,8.87,13.44,0.38,17.14
AHM02,Gyaspur,Ahmedabad,24-07-2024,23.61,43.4,12.29,13.57,0.37,16.69
AHM02,Gyaspur,Ahmedabad,25-07-2024,47.22,73.73,7.94,14.65,0.38,16.61
AHM02,Gyaspur,Ahmedabad,26-07-2024,44.36,62.49,7.44,16.17,0.41,18.37
AHM02,Gyaspur,Ahmedabad,27-07-2024,54.56,67.43,3.45,13.02,0.48,19.02
AHM02,Gyaspur,Ahmedabad,28-07-2024,55.85,69.19,3.04,13.04,0.43,22.23
AHM02,Gyaspur,Ahmedabad,29-07-2024,30.28,42.62,7.61,12.98,0.42,17.22
AHM02,Gyaspur,Ahmedabad,30-07-2024,33.67,42.23,8.28,13.38,0.45,20.78
AHM02,Gyaspur,Ahmedabad,31-07-2024,43.59,55.16,6.47,14.83,0.45,20.22
AHM02,Gyaspur,Ahmedabad,01-08-2024,25.89,33.37,14.73,15.65,0.47,17.6
AHM02,Gyaspur,Ahmedabad,02-08-2024,28.71,36.11,33.05,15.81,NaN,22.18
AHM02,Gyaspur,Ahmedabad,03-08-2024,16.4,21.28,30.81,15.82,0.36,18.06
AHM02,Gyaspur,Ahmedabad,04-08-2024,20.93,35.27,29.16,15.83,0.4,20.65
AHM02,Gyaspur,Ahmedabad,05-08-2024,20.55,27.68,25.84,15.54,0.35,21.6
AHM02,Gyaspur,Ahmedabad,06-08-2024,34.63,45.73,23.05,15.69,0.36,23.46
AHM02,Gyaspur,Ahmedabad,07-08-2024,49.38,64.53,49.77,15.86,0.4,23.21
AHM02,Gyaspur,Ahmedabad,08-08-2024,50.46,64.26,27.89,17.3,0.45,23.89
AHM02,Gyaspur,Ahmedabad,09-08-2024,39.97,51.95,26.18,25.59,0.43,32.47
AHM02,Gyaspur,Ahmedabad,10-08-2024,27.26,34.97,21.42,4.52,0.37,21.06
AHM02,Gyaspur,Ahmedabad,11-08-2024,28.4,36.12,21.82,4.82,0.4,20.71
AHM02,Gyaspur,Ahmedabad,12-08-2024,37.41,47.75,22.47,5.33,0.45,20.35
AHM02,Gyaspur,Ahmedabad,13-08-2024,39.84,51.09,22.18,10.72,0.42,19.92
AHM02,Gyaspur,Ahmedabad,14-08-2024,68.62,86.05,23.45,13.16,0.42,20.42
AHM02,Gyaspur,Ahmedabad,15-08-2024,39.61,49.3,26.26,13.21,0.44,22.08
AHM02,Gyaspur,Ahmedabad,16-08-2024,46.65,58.69,27.93,12.97,0.48,14.69
AHM02,Gyaspur,Ahmedabad,17-08-2024,68.91,87.38,23.94,12.46,0.48,14.18
AHM02,Gyaspur,Ahmedabad,18-08-2024,47.11,59.31,24.26,13.24,0.53,14.5
AHM02,Gyaspur,Ahmedabad,19-08-2024,43.07,54.29,56.9,13.33,0.58,23.35
AHM02,Gyaspur,Ahmedabad,20-08-2024,52.24,65.17,26.62,13.23,0.49,22.09
AHM02,Gyaspur,Ahmedabad,21-08-2024,85.98,105.26,29.04,13.92,0.56,18.11
AHM02,Gyaspur,Ahmedabad,22-08-2024,70.27,86.85,28.76,13.09,0.55,13.88
AHM02,Gyaspur,Ahmedabad,23-08-2024,45.32,69.75,30.04,13.4,0.39,12.17
AHM02,Gyaspur,Ahmedabad,24-08-2024,9.45,30.53,25.82,12.93,0.16,21.99
AHM02,Gyaspur,Ahmedabad,25-08-2024,5.87,20.76,25.33,13.11,0.15,9.26
AHM02,Gyaspur,Ahmedabad,26-08-2024,2.44,10.27,27.38,13.37,0.23,12.1
AHM02,Gyaspur,Ahmedabad,27-08-2024,31.91,61.88,24.68,12.85,0.52,8.1
AHM02,Gyaspur,Ahmedabad,28-08-2024,15.97,29.15,23.82,13.23,0.97,11.24
AHM02,Gyaspur,Ahmedabad,29-08-2024,17.26,30.9,23.62,13.52,1.29,16.34
AHM02,Gyaspur,Ahmedabad,30-08-2024,42.78,71.3,30.62,12.26,0.9,15.52
AHM02,Gyaspur,Ahmedabad,31-08-2024,52.52,85.61,29.13,11.51,0.83,18.54
AHM02,Gyaspur,Ahmedabad,01-09-2024,38.5,64.07,26.16,12.01,0.73,14.67
AHM02,Gyaspur,Ahmedabad,02-09-2024,24.85,45.08,25.27,10.86,0.73,10.6
AHM02,Gyaspur,Ahmedabad,03-09-2024,6.58,16.67,28.24,10.56,0.62,15.75
AHM02,Gyaspur,Ahmedabad,04-09-2024,16.94,39.6,24.24,10.86,0.61,18.11
AHM02,Gyaspur,Ahmedabad,05-09-2024,23.21,50.27,24.73,10.77,0.6,17.49
AHM02,Gyaspur,Ahmedabad,06-09-2024,23.9,50.9,25.77,10.87,0.59,16.23
AHM02,Gyaspur,Ahmedabad,07-09-2024,32.81,70.19,25.55,10.81,0.59,16.6
AHM02,Gyaspur,Ahmedabad,08-09-2024,30.28,64.96,24.94,10.62,0.6,16.35
AHM02,Gyaspur,Ahmedabad,09-09-2024,29.79,63.5,27.75,9.27,0.57,14.93
AHM02,Gyaspur,Ahmedabad,10-09-2024,28.81,61.32,25.49,7.31,0.56,18.11
AHM02,Gyaspur,Ahmedabad,11-09-2024,30.43,65.52,24.58,7.5,0.54,21.07
AHM02,Gyaspur,Ahmedabad,12-09-2024,36.56,77.61,28.86,7.2,0.63,18.89
AHM02,Gyaspur,Ahmedabad,13-09-2024,34.87,74.8,42.4,7.34,0.56,15.89
AHM02,Gyaspur,Ahmedabad,14-09-2024,26.16,56.76,29.39,7.37,0.56,18.5
AHM02,Gyaspur,Ahmedabad,15-09-2024,31.78,66.97,26.64,7.27,0.64,20.14
AHM02,Gyaspur,Ahmedabad,16-09-2024,26.1,67.77,26.25,7.3,0.57,22.44
AHM02,Gyaspur,Ahmedabad,17-09-2024,20.93,66.59,27.9,8.8,0.54,25.31
AHM02,Gyaspur,Ahmedabad,18-09-2024,22.22,69.88,27.68,13.39,0.62,19.18
AHM02,Gyaspur,Ahmedabad,19-09-2024,24.07,96.31,27.62,13.6,0.63,17.88
AHM02,Gyaspur,Ahmedabad,20-09-2024,19.88,97.66,28.54,11.57,0.54,21.83
AHM02,Gyaspur,Ahmedabad,21-09-2024,73.83,94.19,22.24,19.56,0.65,23.72
AHM02,Gyaspur,Ahmedabad,22-09-2024,60.86,75.94,5.15,8.69,0.6,18.94
AHM02,Gyaspur,Ahmedabad,23-09-2024,54.22,67.97,4.77,7.98,0.6,27.9
AHM02,Gyaspur,Ahmedabad,24-09-2024,67.24,83.27,5.6,9.63,0.49,28
AHM02,Gyaspur,Ahmedabad,25-09-2024,51.45,70.21,7.47,5.84,0.38,23.51
AHM02,Gyaspur,Ahmedabad,26-09-2024,58.22,78.39,5.62,5.62,0.48,27.53
AHM02,Gyaspur,Ahmedabad,27-09-2024,18.61,22.92,4.9,10.06,0.4,19.03
AHM02,Gyaspur,Ahmedabad,28-09-2024,NaN,NaN,NaN,NaN,NaN,NaN
AHM02,Gyaspur,Ahmedabad,29-09-2024,95.94,125.65,NaN,8.6,0.78,19.75
AHM02,Gyaspur,Ahmedabad,30-09-2024,66.39,86.67,NaN,7.41,1.04,23.6
AHM02,Gyaspur,Ahmedabad,01-10-2024,48.52,61.25,38.05,6.88,0.68,26.41
AHM02,Gyaspur,Ahmedabad,02-10-2024,64.34,81.33,20,7.02,0.51,19.92
AHM02,Gyaspur,Ahmedabad,03-10-2024,59.67,75.36,14.83,6.79,0.55,12.83
AHM02,Gyaspur,Ahmedabad,04-10-2024,55.41,70.62,11.46,7.39,0.66,19.65
AHM02,Gyaspur,Ahmedabad,05-10-2024,54.39,68.28,15.5,7.13,0.67,22.2
AHM02,Gyaspur,Ahmedabad,06-10-2024,78.32,99.27,32.13,7.55,0.72,30.91
AHM02,Gyaspur,Ahmedabad,07-10-2024,69.24,94.29,17.63,8.14,0.68,30.86
AHM02,Gyaspur,Ahmedabad,08-10-2024,95.19,126.04,19.54,7.35,0.81,36.99
AHM02,Gyaspur,Ahmedabad,09-10-2024,95.53,130.11,23.07,7.1,0.71,35.41
AHM02,Gyaspur,Ahmedabad,10-10-2024,102.64,136.97,16.64,7.4,0.73,23.73
AHM02,Gyaspur,Ahmedabad,11-10-2024,74.79,103.54,8.81,6.95,0.78,28.77
AHM02,Gyaspur,Ahmedabad,12-10-2024,53.5,73.55,3.35,7.69,0.75,25.04
AHM02,Gyaspur,Ahmedabad,13-10-2024,48.54,74.3,4.32,7.82,0.65,33.69
AHM02,Gyaspur,Ahmedabad,14-10-2024,52.04,68.17,10.53,8.64,0.76,34.45
AHM02,Gyaspur,Ahmedabad,15-10-2024,38.36,54.17,10.42,8.18,0.81,32.55
AHM02,Gyaspur,Ahmedabad,16-10-2024,68.17,92.2,16.06,8.19,0.74,27.84
AHM02,Gyaspur,Ahmedabad,17-10-2024,92.48,126.19,26.7,7.71,0.72,35.07
AHM02,Gyaspur,Ahmedabad,18-10-2024,104.34,142.22,14,8.77,0.88,48.84
AHM02,Gyaspur,Ahmedabad,19-10-2024,86.82,115.52,15.93,7.54,0.76,29.1
AHM02,Gyaspur,Ahmedabad,20-10-2024,69.04,89.8,13.52,11.57,0.84,33.88
AHM02,Gyaspur,Ahmedabad,21-10-2024,48.36,80.98,6.21,8.23,0.85,38.47
AHM02,Gyaspur,Ahmedabad,22-10-2024,41.69,84.2,6.49,6.92,0.71,39.43
AHM02,Gyaspur,Ahmedabad,23-10-2024,57.28,110.3,15.19,10.22,0.91,44.86
AHM02,Gyaspur,Ahmedabad,24-10-2024,60.88,120.98,13.4,6.87,0.75,37.01
AHM02,Gyaspur,Ahmedabad,25-10-2024,108.71,213.3,32.44,12.19,0.66,44.65
AHM02,Gyaspur,Ahmedabad,26-10-2024,112.53,208.44,43.98,12.89,0.78,36.93
AHM02,Gyaspur,Ahmedabad,27-10-2024,65.23,120.14,18.92,11.03,0.73,23.75
AHM02,Gyaspur,Ahmedabad,28-10-2024,72.19,131.08,17.82,10.76,0.79,18.67
AHM02,Gyaspur,Ahmedabad,29-10-2024,80.53,145.34,20.88,7.73,0.8,22.49
AHM02,Gyaspur,Ahmedabad,30-10-2024,54.55,99.58,20.5,13.09,0.77,25.94
AHM02,Gyaspur,Ahmedabad,31-10-2024,70.21,127.18,21.34,10.15,0.8,29.57
AHM02,Gyaspur,Ahmedabad,01-11-2024,122.11,214.77,21.23,9.45,0.67,21.5
AHM02,Gyaspur,Ahmedabad,02-11-2024,87.3,154.78,18.99,9.13,0.79,27.24
AHM02,Gyaspur,Ahmedabad,03-11-2024,83.93,149.18,22.49,10.5,0.7,30.97
AHM02,Gyaspur,Ahmedabad,04-11-2024,49.78,96.36,22.44,9.56,0.66,27.06
AHM02,Gyaspur,Ahmedabad,05-11-2024,58.82,108.75,25.06,9.79,0.8,35.21
AHM02,Gyaspur,Ahmedabad,06-11-2024,62.54,117.99,27.04,9.81,0.68,31
AHM02,Gyaspur,Ahmedabad,07-11-2024,83.92,154.31,30.75,17.28,0.86,34.28
AHM02,Gyaspur,Ahmedabad,08-11-2024,71.12,128.96,28.22,9.43,0.87,31.89
AHM02,Gyaspur,Ahmedabad,09-11-2024,66.22,123.95,28.16,9.26,0.77,32.82
AHM02,Gyaspur,Ahmedabad,10-11-2024,67.52,124.19,27.71,10.34,0.7,26.01
AHM02,Gyaspur,Ahmedabad,11-11-2024,67.47,123.87,29.27,12.16,0.72,31.8
AHM02,Gyaspur,Ahmedabad,12-11-2024,82.57,149.66,32.62,10.55,0.75,30.41
AHM02,Gyaspur,Ahmedabad,13-11-2024,123.54,218.19,33.82,12.07,0.8,21.71
AHM02,Gyaspur,Ahmedabad,14-11-2024,100.82,183.86,35.89,9.85,0.86,34.35
AHM02,Gyaspur,Ahmedabad,15-11-2024,92.62,168.03,36.64,16.79,0.82,30.34
AHM02,Gyaspur,Ahmedabad,16-11-2024,101.34,189.25,33.39,17.1,0.84,21.77
AHM02,Gyaspur,Ahmedabad,17-11-2024,86.31,157.46,33.86,13.78,0.8,25.73
AHM02,Gyaspur,Ahmedabad,18-11-2024,89.09,163.72,30.95,10.1,0.72,28.74
AHM02,Gyaspur,Ahmedabad,19-11-2024,73.75,138.37,30.7,12.09,0.92,31.91
AHM02,Gyaspur,Ahmedabad,20-11-2024,77.57,148.77,30.69,12.43,1.2,40.89
AHM02,Gyaspur,Ahmedabad,21-11-2024,91.79,143.67,33.51,10.58,1.13,46.33
AHM02,Gyaspur,Ahmedabad,22-11-2024,104.43,134.42,32.06,12.25,0.97,61.41
AHM02,Gyaspur,Ahmedabad,23-11-2024,120.91,157.78,35.14,12.22,1.18,47.22
AHM02,Gyaspur,Ahmedabad,24-11-2024,129.52,166.01,34.93,13.03,1.2,51.33
AHM02,Gyaspur,Ahmedabad,25-11-2024,130.81,167.15,33.99,13.98,1.17,47.75
AHM02,Gyaspur,Ahmedabad,26-11-2024,116.31,147.29,35.15,14.24,1.06,41.77
AHM02,Gyaspur,Ahmedabad,27-11-2024,138.58,174.05,35.95,15.81,1.19,27
AHM02,Gyaspur,Ahmedabad,28-11-2024,138.91,174.01,35.66,12.51,0.93,31.95
AHM02,Gyaspur,Ahmedabad,29-11-2024,118.89,153.15,26.61,12.44,0.59,60.47
AHM02,Gyaspur,Ahmedabad,30-11-2024,129.62,167.17,27.9,13.19,0.6,70.63
AHM02,Gyaspur,Ahmedabad,01-12-2024,140.56,178.1,26.87,14.74,0.52,62.58
AHM02,Gyaspur,Ahmedabad,02-12-2024,113.27,148.33,28.86,13,0.46,73.48
AHM02,Gyaspur,Ahmedabad,03-12-2024,101.63,133.38,28.65,13.9,0.5,69.01
AHM02,Gyaspur,Ahmedabad,04-12-2024,89.89,121.85,29.41,14.08,0.38,69.37
AHM02,Gyaspur,Ahmedabad,05-12-2024,91.29,121.22,31.15,14.08,0.34,48.21
AHM02,Gyaspur,Ahmedabad,06-12-2024,65.13,86.7,32.16,15.42,0.3,37.73
AHM02,Gyaspur,Ahmedabad,07-12-2024,33.64,43.09,28.96,15.72,0.49,25.4
AHM02,Gyaspur,Ahmedabad,08-12-2024,83.23,111.09,28.52,17.11,0.62,31.01
AHM02,Gyaspur,Ahmedabad,09-12-2024,111.31,159.75,26.49,14.95,0.61,35.11
AHM02,Gyaspur,Ahmedabad,10-12-2024,110.58,152.64,33.01,16.42,0.9,56.31
AHM02,Gyaspur,Ahmedabad,11-12-2024,101.04,134.42,27.63,14.73,0.92,58.23
AHM02,Gyaspur,Ahmedabad,12-12-2024,82.82,111.74,33.99,15.72,0.93,43.65
AHM02,Gyaspur,Ahmedabad,13-12-2024,115.61,158.08,31.04,16.75,0.84,64.39
AHM02,Gyaspur,Ahmedabad,14-12-2024,121.98,159.18,33.86,15.99,0.9,52.91
AHM02,Gyaspur,Ahmedabad,15-12-2024,104.59,136.06,31.6,16.09,0.98,53.35
AHM02,Gyaspur,Ahmedabad,16-12-2024,106.42,141.32,33.71,17.8,1.05,46.09
AHM02,Gyaspur,Ahmedabad,17-12-2024,91.88,124.1,35.67,15.15,0.94,34.19
AHM02,Gyaspur,Ahmedabad,18-12-2024,125.2,162.48,39.44,9.46,1.24,46.16
AHM02,Gyaspur,Ahmedabad,19-12-2024,129.49,170.3,45.15,9.94,1.26,26.34
AHM02,Gyaspur,Ahmedabad,20-12-2024,112.59,152.02,33.3,8.45,1,37.82
AHM02,Gyaspur,Ahmedabad,21-12-2024,151.43,195.23,39.29,9.36,1.14,49.89
AHM02,Gyaspur,Ahmedabad,22-12-2024,152.83,189.65,33.52,11.96,0.87,35.17
AHM02,Gyaspur,Ahmedabad,23-12-2024,115.3,145.86,26.97,7.2,0.75,26.51
AHM02,Gyaspur,Ahmedabad,24-12-2024,137.92,180.03,34.01,16.63,0.46,34.75
AHM02,Gyaspur,Ahmedabad,25-12-2024,136.05,177.73,29.29,21.31,0.51,51.78
AHM02,Gyaspur,Ahmedabad,26-12-2024,116.57,166.99,29.71,23.65,0.51,31.95
AHM02,Gyaspur,Ahmedabad,27-12-2024,73.2,140.11,26.81,12.62,0.39,11.63
AHM02,Gyaspur,Ahmedabad,28-12-2024,69.74,134.96,29.24,19.76,0.41,17.41
AHM02,Gyaspur,Ahmedabad,29-12-2024,59.59,116.45,25.54,18.32,0.52,44.97
AHM02,Gyaspur,Ahmedabad,30-12-2024,48.76,93.94,25.26,20.45,0.63,35.26
AHM02,Gyaspur,Ahmedabad,31-12-2024,51.47,98.01,30.84,20.7,0.61,14.84
AHM02,Gyaspur,Ahmedabad,01-01-2025,50.46,96.29,29.86,14.56,0.66,30
AHM02,Gyaspur,Ahmedabad,02-01-2025,54.24,103.44,31.44,26.06,0.75,34.57
AHM02,Gyaspur,Ahmedabad,03-01-2025,73,138.23,43.07,38.55,0.89,39.51
AHM02,Gyaspur,Ahmedabad,04-01-2025,68.71,128.75,42.94,38.73,0.68,33.29
AHM02,Gyaspur,Ahmedabad,05-01-2025,55.86,108.18,24.84,26.53,0.45,24.39
AHM02,Gyaspur,Ahmedabad,06-01-2025,44.56,89.85,25.93,31.32,0.35,33.33
AHM02,Gyaspur,Ahmedabad,07-01-2025,54.32,108.7,28.66,28.89,0.49,35.48
AHM02,Gyaspur,Ahmedabad,08-01-2025,64.47,128.35,33.87,17.49,0.63,26.85
AHM02,Gyaspur,Ahmedabad,09-01-2025,69.79,132.96,38.23,36.44,0.64,31.06
AHM02,Gyaspur,Ahmedabad,10-01-2025,74.03,142.47,39.61,37.81,0.77,23.77
AHM02,Gyaspur,Ahmedabad,11-01-2025,97.85,186.63,37.92,8.45,0.76,17.19
AHM02,Gyaspur,Ahmedabad,12-01-2025,19.82,40.68,30.05,6.96,0.46,24.76
AHM02,Gyaspur,Ahmedabad,13-01-2025,46.57,94.31,32.83,10.41,0.49,30.99
AHM02,Gyaspur,Ahmedabad,14-01-2025,40.63,80.79,21.06,7.75,0.47,34.54
AHM02,Gyaspur,Ahmedabad,15-01-2025,38.11,74.55,16.55,7.76,0.41,37.25
AHM02,Gyaspur,Ahmedabad,16-01-2025,65.39,119.34,31.03,25.81,0.66,37.5
AHM02,Gyaspur,Ahmedabad,17-01-2025,68.36,131.46,24.4,19.02,0.78,55.12
AHM02,Gyaspur,Ahmedabad,18-01-2025,94.12,168.3,32.69,49.75,0.95,35.32
AHM02,Gyaspur,Ahmedabad,19-01-2025,103.5,186.27,40.47,32.21,1,29.18
AHM02,Gyaspur,Ahmedabad,20-01-2025,97.46,178.71,46.12,41.28,1.21,36.11
AHM02,Gyaspur,Ahmedabad,21-01-2025,79.85,150.6,37.18,29.93,0.86,35.76
AHM02,Gyaspur,Ahmedabad,22-01-2025,63.91,116.5,31.48,24.23,0.85,20.57
AHM02,Gyaspur,Ahmedabad,23-01-2025,48.31,92.8,37,31.56,0.65,34.61
AHM02,Gyaspur,Ahmedabad,24-01-2025,71.38,141.94,47.8,38.47,0.63,40.6
AHM02,Gyaspur,Ahmedabad,25-01-2025,56.64,107.82,44.14,38.23,0.69,45.65
AHM02,Gyaspur,Ahmedabad,26-01-2025,59.04,111.78,46.71,36.29,0.77,34.86
AHM02,Gyaspur,Ahmedabad,27-01-2025,62.75,119.62,53.51,33.86,0.7,30.77
AHM02,Gyaspur,Ahmedabad,28-01-2025,76.29,141.33,54.6,26.66,0.88,33.26
AHM02,Gyaspur,Ahmedabad,29-01-2025,170.98,305.63,69.49,45.41,1.24,17.04
AHM02,Gyaspur,Ahmedabad,30-01-2025,75.31,133.62,43.61,23.3,0.56,14.34
AHM02,Gyaspur,Ahmedabad,31-01-2025,104,183.76,47.95,22.19,0.56,10.89
AHM02,Gyaspur,Ahmedabad,01-02-2025,61.67,108.28,37.41,24.61,0.67,22.19
AHM02,Gyaspur,Ahmedabad,02-02-2025,74.67,131.7,48.74,34.76,0.78,34.27
AHM02,Gyaspur,Ahmedabad,03-02-2025,90.73,166.71,57.14,40.21,0.75,30.05
AHM02,Gyaspur,Ahmedabad,04-02-2025,56.28,107.23,38.65,23.41,0.49,46.71
AHM02,Gyaspur,Ahmedabad,05-02-2025,61.07,113.18,48.42,28.55,0.68,39.18
AHM02,Gyaspur,Ahmedabad,06-02-2025,82.24,159.46,47.02,31.36,0.52,59.86
AHM02,Gyaspur,Ahmedabad,07-02-2025,71.99,138.95,47.82,39.97,0.35,66.06
AHM02,Gyaspur,Ahmedabad,08-02-2025,89.35,166.73,51.16,41.48,0.72,54.5
AHM02,Gyaspur,Ahmedabad,09-02-2025,86.5,166.67,59.22,31.19,0.65,42.42
AHM02,Gyaspur,Ahmedabad,10-02-2025,114.69,202.88,58.72,25.61,0.91,28.58
AHM02,Gyaspur,Ahmedabad,11-02-2025,101.21,178.29,48.07,23.7,0.56,15.01
AHM02,Gyaspur,Ahmedabad,12-02-2025,60.35,108.51,42,19.53,0.42,15.24
AHM02,Gyaspur,Ahmedabad,13-02-2025,73.22,131.32,50.72,31.35,0.5,36.46
AHM02,Gyaspur,Ahmedabad,14-02-2025,123.01,219.93,67.5,80.81,0.79,39.12
AHM02,Gyaspur,Ahmedabad,15-02-2025,124.64,221.63,56.19,66.12,0.43,11.53
AHM02,Gyaspur,Ahmedabad,16-02-2025,84.65,147,45.52,35.36,0.46,7.31
AHM02,Gyaspur,Ahmedabad,17-02-2025,85.11,150.8,44.25,29.31,0.58,7.4
AHM02,Gyaspur,Ahmedabad,18-02-2025,84.18,152.95,42.49,41.01,0.41,8.12
AHM02,Gyaspur,Ahmedabad,19-02-2025,78.99,151.03,44.99,33.97,0.55,16.86
AHM02,Gyaspur,Ahmedabad,20-02-2025,76.93,136.47,53.8,30.79,0.6,4.95
AHM02,Gyaspur,Ahmedabad,21-02-2025,95.78,171.94,71.55,57.25,0.55,14.44
AHM02,Gyaspur,Ahmedabad,22-02-2025,136.72,242.63,87.7,110.71,0.96,21.1
AHM02,Gyaspur,Ahmedabad,23-02-2025,100.95,178.85,85.33,105.85,0.67,23.32
AHM02,Gyaspur,Ahmedabad,24-02-2025,102.43,186.17,84.99,101.59,0.88,27.29
AHM02,Gyaspur,Ahmedabad,25-02-2025,100.1,180.71,84.77,120.04,0.68,35.45
AHM02,Gyaspur,Ahmedabad,26-02-2025,105.01,189.68,87.62,125.41,0.77,32
AHM02,Gyaspur,Ahmedabad,27-02-2025,111.57,201.87,96.66,108.43,0.7,24.19
AHM02,Gyaspur,Ahmedabad,28-02-2025,99.94,182.9,71.39,68.62,0.51,7.43
AHM02,Gyaspur,Ahmedabad,01-03-2025,83.77,150.57,52.57,50.93,0.34,5.83
AHM02,Gyaspur,Ahmedabad,02-03-2025,83.79,148.22,54.7,30.6,0.3,14.48
AHM02,Gyaspur,Ahmedabad,03-03-2025,67.72,122.37,50.83,33.72,0.42,17.47
AHM02,Gyaspur,Ahmedabad,04-03-2025,69.72,133.44,49.31,35.15,0.47,30.58
AHM02,Gyaspur,Ahmedabad,05-03-2025,103.14,200.1,73.85,58.37,0.56,48.34
AHM02,Gyaspur,Ahmedabad,06-03-2025,89.4,163.65,99.62,57.66,0.69,41.92
AHM02,Gyaspur,Ahmedabad,07-03-2025,119.12,212.39,98.81,69.28,1.11,30.22
AHM02,Gyaspur,Ahmedabad,08-03-2025,113.12,200,86.48,66.84,0.9,19.07
AHM02,Gyaspur,Ahmedabad,09-03-2025,136.93,243.22,90.73,89.2,0.93,24.46
AHM02,Gyaspur,Ahmedabad,10-03-2025,112.95,203.23,104.15,108.85,1.33,30.22
AHM02,Gyaspur,Ahmedabad,11-03-2025,119.02,220.52,112.6,100.08,1.21,31.8
AHM02,Gyaspur,Ahmedabad,12-03-2025,109.6,201.61,85.31,109.52,0.78,16.01
AHM02,Gyaspur,Ahmedabad,13-03-2025,68.77,125.32,65.44,57.01,0.48,15.02
AHM02,Gyaspur,Ahmedabad,14-03-2025,44.38,80.27,49.76,24.08,0.37,11.05
AHM02,Gyaspur,Ahmedabad,15-03-2025,43.68,79.41,53.24,20.79,0.64,10.76
AHM02,Gyaspur,Ahmedabad,16-03-2025,50.58,93.35,51.71,28.78,0.67,22.1
AHM02,Gyaspur,Ahmedabad,17-03-2025,52.46,96.57,67.25,24.92,0.57,32.06
AHM02,Gyaspur,Ahmedabad,18-03-2025,78.15,147.82,78.43,59.44,0.78,40.42
AHM02,Gyaspur,Ahmedabad,19-03-2025,65.32,121.98,72.94,43.36,0.56,35.98
AHM02,Gyaspur,Ahmedabad,20-03-2025,55.25,100.41,52.33,25.07,0.39,22.01
AHM02,Gyaspur,Ahmedabad,21-03-2025,55.91,103.24,62.74,28.3,0.71,27.52
AHM02,Gyaspur,Ahmedabad,22-03-2025,91.98,174.37,101.6,70.11,0.8,42.05
AHM02,Gyaspur,Ahmedabad,23-03-2025,137.34,256.95,119.82,121.07,0.89,39.48
AHM02,Gyaspur,Ahmedabad,24-03-2025,132.82,243.25,132.05,128.14,1.13,45.75
AHM02,Gyaspur,Ahmedabad,25-03-2025,118.81,221.08,127.49,126.76,0.68,46.01
AHM02,Gyaspur,Ahmedabad,26-03-2025,84.88,158.36,55.49,16.92,0.49,16.42
AHM02,Gyaspur,Ahmedabad,27-03-2025,83.37,151.12,29.52,19.27,0.58,11.66
AHM02,Gyaspur,Ahmedabad,28-03-2025,60.73,120.8,22.55,31.6,0.37,43.86
AHM02,Gyaspur,Ahmedabad,29-03-2025,77.8,162.47,41.78,42.21,0.49,52.79
AHM02,Gyaspur,Ahmedabad,30-03-2025,75.22,152.72,45.69,58.05,0.6,58.89
AHM02,Gyaspur,Ahmedabad,31-03-2025,56.27,117.95,34.27,39.34,0.42,60.63
AHM02,Gyaspur,Ahmedabad,01-04-2025,48.49,99.51,29.57,39.28,0.3,67.45
AHM02,Gyaspur,Ahmedabad,02-04-2025,109.22,206.71,52.8,47.69,0.63,51.82
AHM02,Gyaspur,Ahmedabad,03-04-2025,161.58,298.61,52.5,101.02,0.73,26.35
AHM02,Gyaspur,Ahmedabad,04-04-2025,98.69,177.81,38.73,46.94,0.48,10.71
AHM02,Gyaspur,Ahmedabad,05-04-2025,125.95,229.67,35.41,58.03,0.49,8.04
AHM02,Gyaspur,Ahmedabad,06-04-2025,94.38,172.61,29.03,51.38,0.28,9.93
AHM02,Gyaspur,Ahmedabad,07-04-2025,51.85,96.99,28.39,31.83,0.54,19.9
AHM02,Gyaspur,Ahmedabad,08-04-2025,74.3,145.02,33.24,42.31,0.72,64.45
AHM02,Gyaspur,Ahmedabad,09-04-2025,57.29,116.45,22.44,34.91,0.48,60.76
AHM02,Gyaspur,Ahmedabad,10-04-2025,47.56,94.1,17.04,34.2,0.65,36.87
AHM02,Gyaspur,Ahmedabad,11-04-2025,81.14,151.88,17,23.31,0.72,4.37
AHM02,Gyaspur,Ahmedabad,12-04-2025,156.16,287.87,26.1,20.98,1.38,28.74
AHM02,Gyaspur,Ahmedabad,13-04-2025,78.11,182.65,43.36,20.32,0.99,35.53
AHM02,Gyaspur,Ahmedabad,14-04-2025,69.24,138.92,36.69,15.22,0.79,40.92
AHM02,Gyaspur,Ahmedabad,15-04-2025,59.34,110.88,30.43,5.47,0.77,37.13
AHM02,Gyaspur,Ahmedabad,16-04-2025,73.6,139.43,29.77,6.49,0.6,39.07
AHM02,Gyaspur,Ahmedabad,17-04-2025,68.09,126.89,20.09,16.56,0.46,23.05
AHM02,Gyaspur,Ahmedabad,18-04-2025,84.13,154.46,23.13,37.95,0.4,26.8
AHM02,Gyaspur,Ahmedabad,19-04-2025,104.81,195.33,25.16,46.54,0.25,37.19
AHM02,Gyaspur,Ahmedabad,20-04-2025,100.54,184.57,21.27,38.36,0.26,64.85
AHM02,Gyaspur,Ahmedabad,21-04-2025,80.65,146.91,23.38,33.6,0.24,89.62
AHM02,Gyaspur,Ahmedabad,22-04-2025,59.49,110.18,32.69,41.24,0.24,35.92
AHM02,Gyaspur,Ahmedabad,23-04-2025,47.42,88.19,33.66,52.95,0.52,56.52
AHM02,Gyaspur,Ahmedabad,24-04-2025,112.99,207.03,36.07,60.55,0.47,12.83
AHM02,Gyaspur,Ahmedabad,25-04-2025,NaN,NaN,NaN,NaN,0.41,NaN
AHM02,Gyaspur,Ahmedabad,26-04-2025,76.05,142.97,22.06,14.33,0.49,35.2
AHM02,Gyaspur,Ahmedabad,27-04-2025,93.38,172.93,25.65,27.3,0.47,37.92
AHM02,Gyaspur,Ahmedabad,28-04-2025,76.45,141.37,19.59,32.47,0.41,26.88
AHM02,Gyaspur,Ahmedabad,29-04-2025,76.83,142.75,31.55,13.37,0.38,29.5
AHM02,Gyaspur,Ahmedabad,30-04-2025,82.48,152.26,32.72,16.89,0.44,41.26
AHM02,Gyaspur,Ahmedabad,01-05-2025,76.33,141.43,32.05,13.16,0.49,57.9
AHM02,Gyaspur,Ahmedabad,02-05-2025,71.58,133.16,33.89,8.51,0.37,67.29
AHM02,Gyaspur,Ahmedabad,03-05-2025,82.97,153.77,30.58,14.88,0.39,34.45
AHM02,Gyaspur,Ahmedabad,04-05-2025,88.01,165.86,28.4,5.8,0.49,38.61
AHM02,Gyaspur,Ahmedabad,05-05-2025,93.86,186.97,32.06,14.67,0.44,31.5
AHM02,Gyaspur,Ahmedabad,06-05-2025,30.04,54.01,42.72,28.74,0.27,10.79
AHM02,Gyaspur,Ahmedabad,07-05-2025,16.45,28.74,49.18,19.61,0.29,12.58
AHM02,Gyaspur,Ahmedabad,08-05-2025,27.81,51.8,73.33,9.45,0.52,28.39
AHM02,Gyaspur,Ahmedabad,09-05-2025,22.94,44.73,60.46,7.06,0.46,45.58
AHM02,Gyaspur,Ahmedabad,10-05-2025,40.98,77.01,53.75,8.66,0.51,39.3
AHM02,Gyaspur,Ahmedabad,11-05-2025,44.46,81.57,43.82,9.73,0.38,24.03
AHM02,Gyaspur,Ahmedabad,12-05-2025,44.06,82.55,40.15,6.71,0.31,25.66
AHM02,Gyaspur,Ahmedabad,13-05-2025,51.29,94.1,33.09,5.22,0.24,28.28
AHM02,Gyaspur,Ahmedabad,14-05-2025,57.7,105.5,30.19,11.05,0.21,20.61
AHM02,Gyaspur,Ahmedabad,15-05-2025,64.68,118.29,33.19,19.35,0.22,27.28
AHM02,Gyaspur,Ahmedabad,16-05-2025,51.37,94.22,24.94,21.82,0.2,16.79
AHM02,Gyaspur,Ahmedabad,17-05-2025,58.1,106.06,24.78,14.1,0.3,8.94
AHM02,Gyaspur,Ahmedabad,18-05-2025,52.57,96.21,33.77,11.18,0.25,9.69
AHM02,Gyaspur,Ahmedabad,19-05-2025,70.89,128.36,20.3,14.91,0.23,9.84
AHM02,Gyaspur,Ahmedabad,20-05-2025,68.56,125.24,25.29,13.15,0.22,10.61
AHM02,Gyaspur,Ahmedabad,21-05-2025,54.5,99.89,24.5,7.13,0.29,NaN
AHM02,Gyaspur,Ahmedabad,22-05-2025,59.18,107.84,25.58,13.85,0.25,40.51
AHM02,Gyaspur,Ahmedabad,23-05-2025,61.93,122.68,38.14,13.5,0.33,32.26
AHM02,Gyaspur,Ahmedabad,24-05-2025,54.4,103.12,26.49,13.87,0.49,18.67
AHM02,Gyaspur,Ahmedabad,25-05-2025,58.4,108.6,27.93,11.98,0.27,7.19
AHM02,Gyaspur,Ahmedabad,26-05-2025,72.57,132.15,44.99,11.89,0.37,49.87
AHM02,Gyaspur,Ahmedabad,27-05-2025,76.89,143.02,50.23,19.39,0.19,39.43
AHM02,Gyaspur,Ahmedabad,28-05-2025,63.67,97.81,54.4,13.19,0.39,9.65
AHM02,Gyaspur,Ahmedabad,29-05-2025,62.1,77.8,NaN,15.71,0.32,5.79
AHM02,Gyaspur,Ahmedabad,30-05-2025,94.01,116.92,78.05,13.18,0.31,2.49
AHM02,Gyaspur,Ahmedabad,31-05-2025,94.26,123.3,75.07,10.79,0.22,4.23
AHM02,Gyaspur,Ahmedabad,01-06-2025,109.02,136.93,61.51,16.37,0.24,11.88
AHM02,Gyaspur,Ahmedabad,02-06-2025,106.01,134.45,54.04,11.92,0.28,36.62
AHM02,Gyaspur,Ahmedabad,03-06-2025,101.23,127.86,58.19,11.57,0.23,44.8
AHM02,Gyaspur,Ahmedabad,04-06-2025,102.86,129.54,62.51,14.14,0.18,30.11
AHM02,Gyaspur,Ahmedabad,05-06-2025,110.07,138.97,55.77,15.32,0.52,17.51
AHM02,Gyaspur,Ahmedabad,06-06-2025,88.76,112.14,71.55,13.69,0.72,21.72
AHM02,Gyaspur,Ahmedabad,07-06-2025,71.35,91.7,59.08,9.52,0.59,27.84
AHM02,Gyaspur,Ahmedabad,08-06-2025,67.87,87.14,46.02,6.05,0.48,27.67
AHM02,Gyaspur,Ahmedabad,09-06-2025,58.73,75.8,46.67,5.22,0.51,15.9
AHM02,Gyaspur,Ahmedabad,10-06-2025,47,61.26,45.3,6.55,0.32,17.9
AHM02,Gyaspur,Ahmedabad,11-06-2025,40.14,53.64,39.69,7.15,0.26,NaN
AHM02,Gyaspur,Ahmedabad,12-06-2025,54.73,71.14,36.03,11.3,0.18,14.76
AHM02,Gyaspur,Ahmedabad,13-06-2025,78.77,100.82,19.32,11.75,0.36,9.13
AHM02,Gyaspur,Ahmedabad,14-06-2025,79.08,114.01,18.63,12.21,0.44,4.8
AHM02,Gyaspur,Ahmedabad,15-06-2025,36.38,47.94,22.55,16.17,NaN,4.13
AHM02,Gyaspur,Ahmedabad,16-06-2025,40.29,55.02,27.48,23.42,0.72,3.71
AHM02,Gyaspur,Ahmedabad,17-06-2025,13.02,17.15,31.45,24.11,0.55,2.91
AHM02,Gyaspur,Ahmedabad,18-06-2025,33.81,42.73,26.17,12.79,0.52,3.37
AHM02,Gyaspur,Ahmedabad,19-06-2025,22.61,27.7,21.59,12.56,0.6,3.16
AHM02,Gyaspur,Ahmedabad,20-06-2025,31.98,40.43,32.22,11.9,0.63,3.19
AHM02,Gyaspur,Ahmedabad,21-06-2025,39.16,48.66,21.19,15.4,0.8,9.98
AHM02,Gyaspur,Ahmedabad,22-06-2025,31.22,39.22,23.92,12.61,0.77,88.66
AHM02,Gyaspur,Ahmedabad,23-06-2025,31.25,38.15,24.07,11.72,0.79,69.9
AHM02,Gyaspur,Ahmedabad,24-06-2025,35.68,44.23,28.98,10.59,0.84,37.84
AHM02,Gyaspur,Ahmedabad,25-06-2025,32.55,45.14,25.23,11.4,0.85,34.78
AHM02,Gyaspur,Ahmedabad,26-06-2025,28.58,35.23,24.59,16.52,0.84,42.26
AHM02,Gyaspur,Ahmedabad,27-06-2025,39.23,48.03,24.72,14.13,0.76,38.64
AHM02,Gyaspur,Ahmedabad,28-06-2025,35.66,43.41,34.21,4.31,0.75,29.94
AHM02,Gyaspur,Ahmedabad,29-06-2025,22.34,27.14,32.87,2.79,0.79,33.79
AHM02,Gyaspur,Ahmedabad,30-06-2025,31.21,38,19.89,6.2,0.77,28.1
AHM02,Gyaspur,Ahmedabad,01-07-2025,42.6,52.81,18.2,6.42,0.72,31.13
AHM02,Gyaspur,Ahmedabad,02-07-2025,140.35,160.66,19.56,8.72,0.56,35.85
AHM02,Gyaspur,Ahmedabad,03-07-2025,97.19,82.66,29.32,10.31,0.82,24.25
AHM02,Gyaspur,Ahmedabad,04-07-2025,25.71,37.64,33.03,8.64,0.95,21.13
AHM02,Gyaspur,Ahmedabad,05-07-2025,24.88,46.07,28.33,6.34,0.91,21.61
AHM02,Gyaspur,Ahmedabad,06-07-2025,22.59,41.68,37.88,7.23,1.07,12.48
AHM02,Gyaspur,Ahmedabad,07-07-2025,27.07,48.79,39.68,5.64,0.89,2.31
AHM02,Gyaspur,Ahmedabad,08-07-2025,41.39,74.4,41.05,6.22,0.98,11.2
AHM02,Gyaspur,Ahmedabad,09-07-2025,47.84,85.75,34.56,5.99,0.86,22.9
AHM02,Gyaspur,Ahmedabad,10-07-2025,47.9,86.12,35.04,6.17,0.9,7.99
AHM02,Gyaspur,Ahmedabad,11-07-2025,47.87,73.71,30,5.91,0.9,3.59
AHM02,Gyaspur,Ahmedabad,12-07-2025,37.44,47.36,28.69,6.47,1.2,4.41
AHM02,Gyaspur,Ahmedabad,13-07-2025,36.31,46.28,28.42,6.91,1.08,3.92
AHM02,Gyaspur,Ahmedabad,14-07-2025,35.03,44.44,27.67,6.75,1.32,3.83
AHM02,Gyaspur,Ahmedabad,15-07-2025,62.74,79.01,34.62,10.01,1.01,3.79
AHM02,Gyaspur,Ahmedabad,16-07-2025,71.53,105.93,32.38,12.17,0.85,5.43
AHM02,Gyaspur,Ahmedabad,17-07-2025,53.77,111.08,47.71,10.09,0.99,8.23
AHM02,Gyaspur,Ahmedabad,18-07-2025,47.73,98.06,80.32,10.84,1.1,15.62
AHM02,Gyaspur,Ahmedabad,19-07-2025,28.05,58.15,81.46,6.78,0.94,10.56
AHM02,Gyaspur,Ahmedabad,20-07-2025,27.68,55.45,76.75,9.32,0.54,14.82
AHM02,Gyaspur,Ahmedabad,21-07-2025,25.33,51.48,56.27,10.72,0.55,9.46
AHM02,Gyaspur,Ahmedabad,22-07-2025,35.42,72.07,44.58,11.78,0.39,9.04
AHM02,Gyaspur,Ahmedabad,23-07-2025,33.79,68.9,52.97,13.16,0.63,9.69
AHM02,Gyaspur,Ahmedabad,24-07-2025,46.24,94.8,38.17,17.52,0.74,10.8
AHM02,Gyaspur,Ahmedabad,25-07-2025,28.94,58.03,34.23,11.65,0.31,12.57
AHM02,Gyaspur,Ahmedabad,26-07-2025,37.21,75.46,47.71,11.8,0.44,15
AHM02,Gyaspur,Ahmedabad,27-07-2025,13.42,27.16,50.5,11.59,0.35,15.09
AHM02,Gyaspur,Ahmedabad,28-07-2025,19.19,39.63,41.67,11.99,0.25,9.69
AHM02,Gyaspur,Ahmedabad,29-07-2025,22.3,46.78,38.29,10.82,0.69,9.64
AHM02,Gyaspur,Ahmedabad,30-07-2025,46.56,94.2,57.58,11.88,1.06,8.42
AHM02,Gyaspur,Ahmedabad,31-07-2025,53.34,106.92,52.65,13.28,1.15,7.13
AHM02,Gyaspur,Ahmedabad,01-08-2025,39.34,80.43,39.13,11.14,0.82,3.99
AHM02,Gyaspur,Ahmedabad,02-08-2025,36.5,74.58,37.25,12.92,0.61,3.01
AHM02,Gyaspur,Ahmedabad,03-08-2025,23.87,49.48,30.61,12.58,0.05,39.17
AHM02,Gyaspur,Ahmedabad,04-08-2025,27.02,55.76,25.41,11.35,0.24,18.21
AHM02,Gyaspur,Ahmedabad,05-08-2025,32.68,66.5,26.44,12.52,0.42,17.71
AHM02,Gyaspur,Ahmedabad,06-08-2025,46.38,93.84,33.3,12.63,0.68,12.66
AHM02,Gyaspur,Ahmedabad,07-08-2025,40.1,78.91,35.23,12.73,1.24,15.61
AHM02,Gyaspur,Ahmedabad,08-08-2025,29.92,77.32,29.18,14.32,1.44,17.05
AHM02,Gyaspur,Ahmedabad,09-08-2025,25.87,61.91,16.65,13.14,1.12,22.8
AHM02,Gyaspur,Ahmedabad,10-08-2025,23.92,66.39,15.59,14.38,0.96,23.49
AHM02,Gyaspur,Ahmedabad,11-08-2025,27.13,58.25,14.66,13.52,1.24,19.96
AHM02,Gyaspur,Ahmedabad,12-08-2025,19.96,73.88,12.41,11.25,1.4,14.38
AHM02,Gyaspur,Ahmedabad,13-08-2025,12.91,56.68,10.07,11.25,1.56,14.32
AHM02,Gyaspur,Ahmedabad,14-08-2025,26.89,89.42,12.46,19.34,1.66,11.57
AHM02,Gyaspur,Ahmedabad,15-08-2025,28.56,64.65,23.02,8.64,1.75,15.05
AHM02,Gyaspur,Ahmedabad,16-08-2025,5.71,32.96,34.97,4.91,1.86,13.81
AHM02,Gyaspur,Ahmedabad,17-08-2025,0.58,42,22.09,7.6,1.29,20.71
AHM02,Gyaspur,Ahmedabad,18-08-2025,20.26,62.66,25.72,26.77,1.57,17.56
AHM02,Gyaspur,Ahmedabad,19-08-2025,16.66,62.97,35.09,12.8,1.21,17.93
AHM02,Gyaspur,Ahmedabad,20-08-2025,17.66,47.58,21.07,5.14,0.37,14.46
AHM02,Gyaspur,Ahmedabad,21-08-2025,3.91,26.41,22.38,5.25,0.16,12.7
AHM02,Gyaspur,Ahmedabad,22-08-2025,3.45,22.31,17.68,5.2,0.15,14.61
AHM02,Gyaspur,Ahmedabad,23-08-2025,2.61,28.69,17.76,5.32,0.14,16.32
AHM02,Gyaspur,Ahmedabad,24-08-2025,1.41,13.89,24.39,5.43,0.08,12.24
AHM02,Gyaspur,Ahmedabad,25-08-2025,5.33,33.97,29.5,8.07,0.23,11.17
AHM02,Gyaspur,Ahmedabad,26-08-2025,10.94,67.08,30.71,7.08,0.37,13.01
AHM02,Gyaspur,Ahmedabad,27-08-2025,18.1,76.73,33.33,6.85,0.3,16.64
AHM02,Gyaspur,Ahmedabad,28-08-2025,18.16,68.54,37.9,6.28,1.37,17.84
AHM02,Gyaspur,Ahmedabad,29-08-2025,18.15,60.43,40.41,6.77,2.62,17.56
AHM02,Gyaspur,Ahmedabad,30-08-2025,23.91,83.48,42.36,8.82,0.91,17.03
AHM02,Gyaspur,Ahmedabad,31-08-2025,13.2,53.96,40.32,8.51,0.68,16.78
AHM02,Gyaspur,Ahmedabad,01-09-2025,13.78,61.73,40.97,8.5,0.71,17.55
AHM02,Gyaspur,Ahmedabad,02-09-2025,19.06,100.44,51.12,8.47,0.57,19.79
AHM02,Gyaspur,Ahmedabad,03-09-2025,22.75,105.35,61.69,8.66,0.69,22.39
AHM02,Gyaspur,Ahmedabad,04-09-2025,18.67,55.44,61.97,8.79,0.79,22.61
AHM02,Gyaspur,Ahmedabad,05-09-2025,14.33,35.68,57.86,8.59,0.9,32.25
AHM02,Gyaspur,Ahmedabad,06-09-2025,3.66,17.06,66.11,6.82,0.83,19.99
AHM02,Gyaspur,Ahmedabad,07-09-2025,4.49,19.32,167.39,6.13,0.45,16.91
AHM02,Gyaspur,Ahmedabad,08-09-2025,17.7,58,54.6,5.67,0.58,5.91
AHM02,Gyaspur,Ahmedabad,09-09-2025,10.06,NaN,86.8,5.98,1.07,4.62
AHM02,Gyaspur,Ahmedabad,10-09-2025,16.49,92.34,80.81,6.05,1.12,4.35
AHM02,Gyaspur,Ahmedabad,11-09-2025,11.06,86.9,28.72,5.95,0.84,12.65
AHM02,Gyaspur,Ahmedabad,12-09-2025,17.91,85.75,5.66,19.55,0.6,5.23
AHM02,Gyaspur,Ahmedabad,13-09-2025,23.15,105.65,10.85,11.58,0.63,8.87
AHM02,Gyaspur,Ahmedabad,14-09-2025,13.04,73.82,10.81,8.75,0.51,14.54
AHM02,Gyaspur,Ahmedabad,15-09-2025,14.77,74.65,10.76,9,0.54,5.19
AHM02,Gyaspur,Ahmedabad,16-09-2025,19.12,85.61,9.89,8.18,0.81,7.97
AHM02,Gyaspur,Ahmedabad,17-09-2025,19.23,78.39,9.62,10.37,0.94,8.98
AHM02,Gyaspur,Ahmedabad,18-09-2025,23.81,94.44,14.45,11.59,0.88,17.14
AHM02,Gyaspur,Ahmedabad,19-09-2025,30.61,96.64,17.01,12.62,0.71,23.2
AHM02,Gyaspur,Ahmedabad,20-09-2025,25.82,66.8,33.9,11.17,0.81,85.22
AHM02,Gyaspur,Ahmedabad,21-09-2025,14.71,72.94,15.92,9.89,0.66,75.44
AHM02,Gyaspur,Ahmedabad,22-09-2025,16.05,78.43,7.22,10.17,0.78,36.33
AHM02,Gyaspur,Ahmedabad,23-09-2025,17.14,99.69,18,10.81,0.83,30.08
AHM02,Gyaspur,Ahmedabad,24-09-2025,21.4,89.33,29.59,10.67,0.83,27.4
AHM02,Gyaspur,Ahmedabad,25-09-2025,18.81,88.54,25.7,11.95,0.88,27.02
AHM02,Gyaspur,Ahmedabad,26-09-2025,18.06,87.66,47.76,7.72,1.09,14.58
AHM02,Gyaspur,Ahmedabad,27-09-2025,19.74,87.17,44.62,7.19,1.25,18.83
AHM02,Gyaspur,Ahmedabad,28-09-2025,25.8,75.04,36.76,6.47,1.28,23.25
AHM02,Gyaspur,Ahmedabad,29-09-2025,15.94,42.27,41.04,6.32,1.21,9.41
AHM02,Gyaspur,Ahmedabad,30-09-2025,17.48,45.06,40.89,43.76,1,13.15
AHM02,Gyaspur,Ahmedabad,01-10-2025,19.29,62.13,38.02,45.47,0.89,20.03
AHM02,Gyaspur,Ahmedabad,02-10-2025,18.2,65.55,25.98,28.42,0.97,19.19
AHM02,Gyaspur,Ahmedabad,03-10-2025,22.65,98.35,18.56,18.33,1.12,30.31
AHM02,Gyaspur,Ahmedabad,04-10-2025,23.12,89.9,14.01,5.53,0.98,63.65
AHM02,Gyaspur,Ahmedabad,05-10-2025,20.98,72.91,13.88,6.66,1.03,65.71
AHM02,Gyaspur,Ahmedabad,06-10-2025,11.32,62.18,13.89,9.7,1.16,61.97
AHM02,Gyaspur,Ahmedabad,07-10-2025,23.96,96.47,15.98,9.11,0.72,31.23
AHM02,Gyaspur,Ahmedabad,08-10-2025,44.36,166.8,18.67,12.48,0.38,15.12
AHM02,Gyaspur,Ahmedabad,09-10-2025,69.32,228.88,22.73,8.75,0.41,17.58
AHM02,Gyaspur,Ahmedabad,10-10-2025,96.13,288.97,26.12,17.53,0.6,18.56
AHM02,Gyaspur,Ahmedabad,11-10-2025,120.23,299.61,25.22,24.35,0.72,23.5
AHM02,Gyaspur,Ahmedabad,12-10-2025,96.38,235.49,26.65,31.76,0.79,22.52
AHM02,Gyaspur,Ahmedabad,13-10-2025,67.62,187.4,33.25,26.59,0.86,22.63
AHM02,Gyaspur,Ahmedabad,14-10-2025,82.24,213.88,37.3,32.85,0.95,26.17
AHM02,Gyaspur,Ahmedabad,15-10-2025,74.05,178.68,36.29,28.89,0.9,22.49
AHM02,Gyaspur,Ahmedabad,16-10-2025,60.85,159.31,38.49,28.69,0.92,31.8
AHM02,Gyaspur,Ahmedabad,17-10-2025,57.82,143.59,31.6,14.51,0.96,32.96
AHM02,Gyaspur,Ahmedabad,18-10-2025,65.11,170.9,31.63,24.03,1.4,27.65
AHM02,Gyaspur,Ahmedabad,19-10-2025,37.7,113.62,29.36,31.85,0.59,37.97
AHM02,Gyaspur,Ahmedabad,20-10-2025,47.06,134.62,26.57,38.38,0.59,28.93
AHM02,Gyaspur,Ahmedabad,21-10-2025,171.61,152.35,27,36.94,0.77,31.82
AHM02,Gyaspur,Ahmedabad,22-10-2025,55.51,131.62,35.02,32.55,0.46,39.79
AHM02,Gyaspur,Ahmedabad,23-10-2025,40.55,109.24,33.8,35.88,0.45,34.33
AHM02,Gyaspur,Ahmedabad,24-10-2025,45.28,106.27,30.52,24.47,0.49,31.79
AHM02,Gyaspur,Ahmedabad,25-10-2025,42.89,106.07,30.35,15.34,0.38,32.41
AHM02,Gyaspur,Ahmedabad,26-10-2025,18.6,61.94,26.97,14.07,0.29,20.26
AHM02,Gyaspur,Ahmedabad,27-10-2025,11.92,44.66,25.56,9.82,0.39,15.16
AHM02,Gyaspur,Ahmedabad,28-10-2025,8.04,34.96,25.41,6.91,0.54,22.23
AHM02,Gyaspur,Ahmedabad,29-10-2025,23.94,64.52,25.81,8.24,0.64,24.87
AHM02,Gyaspur,Ahmedabad,30-10-2025,31.64,77.53,36.59,15.24,0.63,18.13
AHM02,Gyaspur,Ahmedabad,31-10-2025,16.75,49.54,35.69,11.2,0.41,14.02
AHM02,Gyaspur,Ahmedabad,01-11-2025,25.04,62.86,40.5,22.83,0.35,10.48
AHM02,Gyaspur,Ahmedabad,02-11-2025,20.87,62.85,40.03,11.99,0.19,10.95
AHM02,Gyaspur,Ahmedabad,03-11-2025,23.77,46.77,31.59,12.42,0.21,13.74
AHM02,Gyaspur,Ahmedabad,04-11-2025,35.6,113.47,40.11,22.04,0.41,19.42
AHM02,Gyaspur,Ahmedabad,05-11-2025,47.92,132.6,40.84,18.85,0.75,23.78
AHM02,Gyaspur,Ahmedabad,06-11-2025,56.7,160.6,52.57,21.87,0.36,19.96
AHM02,Gyaspur,Ahmedabad,07-11-2025,71.79,181.69,70.51,16.86,0.63,17.42
AHM02,Gyaspur,Ahmedabad,08-11-2025,82.22,189.48,81.36,39.88,1.05,15
AHM02,Gyaspur,Ahmedabad,09-11-2025,83.16,195.87,80.57,37.45,1.04,13.43
AHM02,Gyaspur,Ahmedabad,10-11-2025,97.91,258.65,88.63,42.35,0.98,13.07
AHM02,Gyaspur,Ahmedabad,11-11-2025,108.2,310.61,93.62,58.78,1.68,14.8
AHM02,Gyaspur,Ahmedabad,12-11-2025,79.53,242.43,75.24,31.43,1.36,22.46
AHM02,Gyaspur,Ahmedabad,13-11-2025,85.8,292.37,81.42,36.81,1.97,14.03
AHM02,Gyaspur,Ahmedabad,14-11-2025,71.77,248.16,75.18,30.32,2.7,12.81
AHM02,Gyaspur,Ahmedabad,15-11-2025,62.77,171.34,76.32,20.92,2,15.92
AHM02,Gyaspur,Ahmedabad,16-11-2025,61.84,184.73,66.11,23.71,1.54,20.53
AHM02,Gyaspur,Ahmedabad,17-11-2025,64.64,201.12,72.6,22.1,0.9,23.03
AHM02,Gyaspur,Ahmedabad,18-11-2025,70.41,229.35,87.37,20.33,1.15,22.41
AHM02,Gyaspur,Ahmedabad,19-11-2025,84.93,261.62,82.03,32.28,1.2,22.11
AHM02,Gyaspur,Ahmedabad,20-11-2025,96.58,283.1,87.62,30.89,1.56,23.02
AHM02,Gyaspur,Ahmedabad,21-11-2025,95.67,283.44,88.72,30.87,1.85,25.49
AHM02,Gyaspur,Ahmedabad,22-11-2025,98.94,286.68,100.52,9.32,1.66,14.92
AHM02,Gyaspur,Ahmedabad,23-11-2025,86.66,260.07,81.46,24.43,0.22,21.84
AHM02,Gyaspur,Ahmedabad,24-11-2025,72.48,220.03,76.47,19.08,0.95,22.61
AHM02,Gyaspur,Ahmedabad,25-11-2025,70.16,276.23,77.25,27.74,1.7,26.56
AHM02,Gyaspur,Ahmedabad,26-11-2025,57.5,249.35,65.5,28.61,1.38,28.86
AHM02,Gyaspur,Ahmedabad,27-11-2025,71.38,256.64,62.52,28.68,1.52,27.02
AHM02,Gyaspur,Ahmedabad,28-11-2025,36.93,297.36,66.85,29.56,1.58,27.01
AHM02,Gyaspur,Ahmedabad,29-11-2025,69.28,240.76,65.01,28.68,0.96,23.13
AHM02,Gyaspur,Ahmedabad,30-11-2025,72.88,235.79,68.84,23.62,1.65,21.46
AHM02,Gyaspur,Ahmedabad,01-12-2025,112.23,331.83,94.07,35.08,1.09,18.46
AHM02,Gyaspur,Ahmedabad,02-12-2025,101.65,210.62,60.78,19.31,0.72,24.39
AHM02,Gyaspur,Ahmedabad,03-12-2025,79.19,203.45,36.46,22.42,0.89,25.28
AHM02,Gyaspur,Ahmedabad,04-12-2025,69.84,190.05,58.94,28.55,1.74,14.07
AHM02,Gyaspur,Ahmedabad,05-12-2025,69.76,181.59,63.68,26.4,1.55,16.56
AHM02,Gyaspur,Ahmedabad,06-12-2025,66.63,184.03,47.47,9.3,0.95,17.97
AHM02,Gyaspur,Ahmedabad,07-12-2025,71.71,177.84,79.1,39.33,1.36,17.21
AHM02,Gyaspur,Ahmedabad,08-12-2025,78.39,189.1,79.78,35.55,1.75,11.52
AHM02,Gyaspur,Ahmedabad,09-12-2025,73.43,189.47,73.24,48.07,1.86,9.44
AHM02,Gyaspur,Ahmedabad,10-12-2025,69.65,200.34,78.69,41.21,1.41,22.86
AHM02,Gyaspur,Ahmedabad,11-12-2025,71.33,219.52,66.06,27.27,0.89,32.46
AHM02,Gyaspur,Ahmedabad,12-12-2025,71.23,194.02,67.09,32.68,1.26,29.83
AHM02,Gyaspur,Ahmedabad,13-12-2025,71.1,167.67,66.67,32.4,2.05,21.36
AHM02,Gyaspur,Ahmedabad,14-12-2025,74.16,187.84,64.53,43.13,1.74,25.46
AHM02,Gyaspur,Ahmedabad,15-12-2025,66.39,176.47,63.19,58.59,1.41,23.65
AHM02,Gyaspur,Ahmedabad,16-12-2025,77.07,195.53,55.43,47.17,1.16,30.02
AHM02,Gyaspur,Ahmedabad,17-12-2025,91.51,203.41,69.05,52.75,1.19,27.74
AHM02,Gyaspur,Ahmedabad,18-12-2025,85.09,187.82,67.06,59.59,1.39,24.74
AHM02,Gyaspur,Ahmedabad,19-12-2025,84.04,194.38,68.45,54.9,1.76,43.61
AHM02,Gyaspur,Ahmedabad,20-12-2025,106.74,185.35,86.22,64.7,2.12,48.39
AHM02,Gyaspur,Ahmedabad,21-12-2025,94.6,195.98,68.17,60.51,1.13,44.58
AHM02,Gyaspur,Ahmedabad,22-12-2025,76.24,186.83,67.16,43.37,0.98,49.06
AHM02,Gyaspur,Ahmedabad,23-12-2025,81.13,180.74,58.33,29.13,1.68,45
AHM02,Gyaspur,Ahmedabad,24-12-2025,77.22,181.3,61.4,55.59,1.48,47.15
AHM02,Gyaspur,Ahmedabad,25-12-2025,62.3,176.87,56.65,33.8,1.25,50.48
AHM02,Gyaspur,Ahmedabad,26-12-2025,69.89,185.7,63.51,52.04,1.84,55.58
AHM02,Gyaspur,Ahmedabad,27-12-2025,66.03,191.69,56.69,80.46,1.87,56.61
AHM02,Gyaspur,Ahmedabad,28-12-2025,73.74,189.75,63.53,84.42,1.72,55.28
AHM02,Gyaspur,Ahmedabad,29-12-2025,81.31,187.03,73.31,97.19,2.43,47.01
AHM02,Gyaspur,Ahmedabad,30-12-2025,102.18,188.6,75.86,30.02,2.81,41.75
AHM02,Gyaspur,Ahmedabad,31-12-2025,204.51,NaN,76.24,25.78,3.74,39.73
AHM03,Maninagar,Ahmedabad,01-01-2023,65.3,115.5,117.97,17.83,1.96,26.74
AHM03,Maninagar,Ahmedabad,02-01-2023,68.43,115.5,94.96,5.85,1.75,27.17
AHM03,Maninagar,Ahmedabad,03-01-2023,60.28,115.5,75.19,21.05,1.31,28.59
AHM03,Maninagar,Ahmedabad,04-01-2023,55.47,115.5,50.3,25.6,1.22,27.75
AHM03,Maninagar,Ahmedabad,05-01-2023,59.18,117.12,53.34,23.73,1.2,27.38
AHM03,Maninagar,Ahmedabad,06-01-2023,50.74,93.91,55.63,24.86,1.25,31.48
AHM03,Maninagar,Ahmedabad,07-01-2023,46.38,107.91,76.47,29.86,1.49,32.01
AHM03,Maninagar,Ahmedabad,08-01-2023,49.59,121.3,88.18,33.65,2.46,30.46
AHM03,Maninagar,Ahmedabad,09-01-2023,68.07,177.45,110.89,30.89,2.66,31.85
AHM03,Maninagar,Ahmedabad,10-01-2023,61.59,170.64,121.96,35.14,2.39,30.53
AHM03,Maninagar,Ahmedabad,11-01-2023,55.62,149.14,106.74,26.59,1.57,30.99
AHM03,Maninagar,Ahmedabad,12-01-2023,40.18,112.7,45.28,23.95,0.89,39.86
AHM03,Maninagar,Ahmedabad,13-01-2023,71.4,235.66,54.82,26.63,1.03,64.17
AHM03,Maninagar,Ahmedabad,14-01-2023,61.24,122.79,67.29,31.02,1.17,45.8
AHM03,Maninagar,Ahmedabad,15-01-2023,56.34,138.64,71.51,34.79,1.37,40.68
AHM03,Maninagar,Ahmedabad,16-01-2023,56.49,119.76,86.71,24.72,1.58,39.4
AHM03,Maninagar,Ahmedabad,17-01-2023,62.16,136.28,93.56,36.08,1.66,48.57
AHM03,Maninagar,Ahmedabad,18-01-2023,65.62,102.86,86.49,17.99,1.4,51.13
AHM03,Maninagar,Ahmedabad,19-01-2023,58.31,133.29,86.75,23.92,1.81,55.68
AHM03,Maninagar,Ahmedabad,20-01-2023,73.46,140.44,92.51,26.75,1.26,32.35
AHM03,Maninagar,Ahmedabad,21-01-2023,65.7,133.42,78.91,28.78,1.32,36.68
AHM03,Maninagar,Ahmedabad,22-01-2023,48.75,91.42,63.57,40.49,0.98,39.6
AHM03,Maninagar,Ahmedabad,23-01-2023,76.93,157.18,99.36,28.99,1.4,34.49
AHM03,Maninagar,Ahmedabad,24-01-2023,23.99,147.04,66.72,24.23,1.4,32.67
AHM03,Maninagar,Ahmedabad,25-01-2023,1.92,125.33,76.11,32.79,1.41,33.78
AHM03,Maninagar,Ahmedabad,26-01-2023,15.14,121.35,87.91,34.11,1.13,34.64
AHM03,Maninagar,Ahmedabad,27-01-2023,61.26,144.66,65.04,18.64,1.04,34.34
AHM03,Maninagar,Ahmedabad,28-01-2023,52.54,120.17,63,21.35,1.31,38.77
AHM03,Maninagar,Ahmedabad,29-01-2023,53.75,135.91,81,24.14,1.75,50.97
AHM03,Maninagar,Ahmedabad,30-01-2023,32.65,109.1,79.29,24.3,1.45,46.34
AHM03,Maninagar,Ahmedabad,31-01-2023,22.84,100.89,53.75,21,1.03,34.99
AHM03,Maninagar,Ahmedabad,01-02-2023,16.26,89.6,68.39,22.77,1.48,36.45
AHM03,Maninagar,Ahmedabad,02-02-2023,16.2,105.84,83.27,20.25,1.2,40.38
AHM03,Maninagar,Ahmedabad,03-02-2023,20.92,105.55,95.89,22.91,1.6,41.68
AHM03,Maninagar,Ahmedabad,04-02-2023,33.73,171.26,121.56,28.21,2.09,32.31
AHM03,Maninagar,Ahmedabad,05-02-2023,87.87,170.16,130.21,34.57,1.63,38.41
AHM03,Maninagar,Ahmedabad,06-02-2023,35.95,145.05,108.75,26.68,1.5,34.7
AHM03,Maninagar,Ahmedabad,07-02-2023,NaN,111.47,101.47,35.99,1.31,39
AHM03,Maninagar,Ahmedabad,08-02-2023,NaN,141.67,160.13,44.42,2.91,32.56
AHM03,Maninagar,Ahmedabad,09-02-2023,106.95,239.48,217.62,34.04,2.44,32.73
AHM03,Maninagar,Ahmedabad,10-02-2023,69.39,143.68,145.33,28.88,2,33.9
AHM03,Maninagar,Ahmedabad,11-02-2023,46.59,113.02,98.23,19.4,1.69,35.58
AHM03,Maninagar,Ahmedabad,12-02-2023,50.7,130.15,108.62,31.71,1.1,39.13
AHM03,Maninagar,Ahmedabad,13-02-2023,50.35,144.3,128.77,32.15,1.89,35.08
AHM03,Maninagar,Ahmedabad,14-02-2023,66.9,164.82,184.17,27.96,1.93,35.87
AHM03,Maninagar,Ahmedabad,15-02-2023,75.73,183.61,206.17,24.8,1.75,35.19
AHM03,Maninagar,Ahmedabad,16-02-2023,67.72,148.16,181.85,35.39,2.64,35.95
AHM03,Maninagar,Ahmedabad,17-02-2023,74.76,178.61,184.23,30.36,3.06,32.55
AHM03,Maninagar,Ahmedabad,18-02-2023,74.62,188.18,167.39,26.61,2.54,31.58
AHM03,Maninagar,Ahmedabad,19-02-2023,96.28,197.43,120.37,25.35,1.72,NaN
AHM03,Maninagar,Ahmedabad,20-02-2023,132.28,251.55,125.66,31.92,1.19,NaN
AHM03,Maninagar,Ahmedabad,21-02-2023,73.23,171.72,68.89,25.44,1.26,NaN
AHM03,Maninagar,Ahmedabad,22-02-2023,72.99,167.27,64.51,37.41,1.11,77.22
AHM03,Maninagar,Ahmedabad,23-02-2023,65.94,143.17,67.61,22.97,1.4,76.96
AHM03,Maninagar,Ahmedabad,24-02-2023,121.17,238.95,120.73,35.25,1.7,77.89
AHM03,Maninagar,Ahmedabad,25-02-2023,67.51,148.18,89.3,25.26,1.41,75.55
AHM03,Maninagar,Ahmedabad,26-02-2023,46.04,101.62,87.27,28.62,1.31,80.15
AHM03,Maninagar,Ahmedabad,27-02-2023,46.43,105.58,88.49,24.67,1.41,29.76
AHM03,Maninagar,Ahmedabad,28-02-2023,37.53,86.8,90.59,31.87,1.18,28.93
AHM03,Maninagar,Ahmedabad,01-03-2023,64.63,130.28,98.46,31.57,1.49,28.93
AHM03,Maninagar,Ahmedabad,02-03-2023,63.42,132.36,99.06,33.14,1.76,28.93
AHM03,Maninagar,Ahmedabad,03-03-2023,69.54,143.4,125.45,25.07,1.53,27.53
AHM03,Maninagar,Ahmedabad,04-03-2023,48.11,111.02,85.52,24.46,1.26,NaN
AHM03,Maninagar,Ahmedabad,05-03-2023,29.56,75.2,60.44,22.19,1.28,NaN
AHM03,Maninagar,Ahmedabad,06-03-2023,56.22,120.36,75.43,27.76,1.58,30.12
AHM03,Maninagar,Ahmedabad,07-03-2023,26.49,62.05,94.09,20.99,1.93,20.77
AHM03,Maninagar,Ahmedabad,08-03-2023,27.53,57.83,76.37,20.42,0.86,4.66
AHM03,Maninagar,Ahmedabad,09-03-2023,17.73,45.12,86.83,21.7,1.84,4.77
AHM03,Maninagar,Ahmedabad,10-03-2023,25.03,60.18,126.28,21.75,1.76,5.91
AHM03,Maninagar,Ahmedabad,11-03-2023,37.01,87.4,109.11,20.98,1.99,8.23
AHM03,Maninagar,Ahmedabad,12-03-2023,32.04,74.6,148.17,23.97,2.82,12.31
AHM03,Maninagar,Ahmedabad,13-03-2023,47.45,104.27,174.24,22.92,1.27,8.72
AHM03,Maninagar,Ahmedabad,14-03-2023,48.47,107.14,159.37,20.47,1.68,9.67
AHM03,Maninagar,Ahmedabad,15-03-2023,47.71,107.92,100.97,19.68,1.41,5.63
AHM03,Maninagar,Ahmedabad,16-03-2023,39.39,72.49,70.86,22.75,1.44,6.38
AHM03,Maninagar,Ahmedabad,17-03-2023,83.94,165.54,111.5,18.99,1.49,4.77
AHM03,Maninagar,Ahmedabad,18-03-2023,45.24,56.75,41.42,15.67,0.56,16.99
AHM03,Maninagar,Ahmedabad,19-03-2023,26.9,47.92,57.34,27.47,1.46,7.66
AHM03,Maninagar,Ahmedabad,20-03-2023,45.93,77.47,65.12,NaN,1.31,3.32
AHM03,Maninagar,Ahmedabad,21-03-2023,31.33,57.56,49.51,NaN,1.08,4.09
AHM03,Maninagar,Ahmedabad,22-03-2023,22.49,40.31,39.21,21.05,1.15,2.36
AHM03,Maninagar,Ahmedabad,23-03-2023,19.2,46.1,35.51,20.61,0.65,2.44
AHM03,Maninagar,Ahmedabad,24-03-2023,24.45,49.78,53.36,23.29,0.94,2.72
AHM03,Maninagar,Ahmedabad,25-03-2023,18.2,48.13,44.47,21.11,1.28,3.47
AHM03,Maninagar,Ahmedabad,26-03-2023,29.57,70.49,59.65,21.75,1.37,4.93
AHM03,Maninagar,Ahmedabad,27-03-2023,30.43,81.58,70.97,21.05,1.45,4.86
AHM03,Maninagar,Ahmedabad,28-03-2023,32.26,77.48,74.53,25.8,1.52,6.2
AHM03,Maninagar,Ahmedabad,29-03-2023,31.3,82.25,59.6,25.57,1.18,5.48
AHM03,Maninagar,Ahmedabad,30-03-2023,31.77,67.32,51.04,23.1,1.02,2.47
AHM03,Maninagar,Ahmedabad,31-03-2023,28.74,59.99,47.34,23.84,1.14,2.49
AHM03,Maninagar,Ahmedabad,01-04-2023,27.58,69.18,45.9,20.69,0.93,2.29
AHM03,Maninagar,Ahmedabad,02-04-2023,36.82,102.94,76.68,31.11,1.94,4.68
AHM03,Maninagar,Ahmedabad,03-04-2023,27.27,61.39,45.27,26.27,0.92,2.87
AHM03,Maninagar,Ahmedabad,04-04-2023,37.38,93,55.43,24.38,1.68,2.68
AHM03,Maninagar,Ahmedabad,05-04-2023,28.35,82.09,50.44,31.67,2.32,2.68
AHM03,Maninagar,Ahmedabad,06-04-2023,27.6,88.96,55.74,29.91,1.29,4.93
AHM03,Maninagar,Ahmedabad,07-04-2023,38.67,111.6,81.46,31.49,1.69,4.18
AHM03,Maninagar,Ahmedabad,08-04-2023,58.92,142.77,94.29,32.62,2.26,3.19
AHM03,Maninagar,Ahmedabad,09-04-2023,70.2,178.26,88.8,35.96,1.77,3.81
AHM03,Maninagar,Ahmedabad,10-04-2023,61.37,159.98,91.56,39.39,2.11,3.96
AHM03,Maninagar,Ahmedabad,11-04-2023,46.73,119.55,58.62,27.11,1.68,4.24
AHM03,Maninagar,Ahmedabad,12-04-2023,24.46,67.73,31.72,30.15,0.81,2.85
AHM03,Maninagar,Ahmedabad,13-04-2023,36.42,175.88,48.21,28.37,1.51,2.53
AHM03,Maninagar,Ahmedabad,14-04-2023,57.7,208.85,69.53,37.12,2.07,2.33
AHM03,Maninagar,Ahmedabad,15-04-2023,59.37,252.15,49.58,41.19,1.17,2.33
AHM03,Maninagar,Ahmedabad,16-04-2023,69.41,285.78,59.1,39.78,1.4,2.46
AHM03,Maninagar,Ahmedabad,17-04-2023,44.81,405.99,60.28,36.84,1.35,7.91
AHM03,Maninagar,Ahmedabad,18-04-2023,41.23,138.75,59.01,33.23,1.38,4.36
AHM03,Maninagar,Ahmedabad,19-04-2023,48.91,208.01,44.78,39.45,1.21,5.32
AHM03,Maninagar,Ahmedabad,20-04-2023,28.73,71.76,39.77,32.87,1.77,8.96
AHM03,Maninagar,Ahmedabad,21-04-2023,44.62,144.44,39.97,32.96,1.27,8.92
AHM03,Maninagar,Ahmedabad,22-04-2023,41.79,109.46,43.26,31.54,1.53,8.93
AHM03,Maninagar,Ahmedabad,23-04-2023,35.4,127.28,41.28,37.75,1.1,20.2
AHM03,Maninagar,Ahmedabad,24-04-2023,42.9,142.95,49.52,32.16,1.06,53.29
AHM03,Maninagar,Ahmedabad,25-04-2023,63.46,183.08,91.9,41.6,1.82,46.15
AHM03,Maninagar,Ahmedabad,26-04-2023,80.64,234.17,71.82,45.82,2.02,38.25
AHM03,Maninagar,Ahmedabad,27-04-2023,57.11,196.66,73.49,35.6,1.39,17.54
AHM03,Maninagar,Ahmedabad,28-04-2023,56.99,181.99,71.88,40.89,1.4,17.81
AHM03,Maninagar,Ahmedabad,29-04-2023,50.67,115.49,67.36,25.61,1.22,17.6
AHM03,Maninagar,Ahmedabad,30-04-2023,58.84,127.63,73.08,41.01,0.81,17.59
AHM03,Maninagar,Ahmedabad,01-05-2023,53.97,120.4,76.49,42.86,1.32,17.62
AHM03,Maninagar,Ahmedabad,02-05-2023,NaN,NaN,71.41,33.33,1.34,18.48
AHM03,Maninagar,Ahmedabad,03-05-2023,58.46,166.97,94.66,36.84,1.21,39.83
AHM03,Maninagar,Ahmedabad,04-05-2023,36.11,105.94,64.23,37.57,1.8,46.86
AHM03,Maninagar,Ahmedabad,05-05-2023,50.21,123.47,75.13,44.23,1.33,45.76
AHM03,Maninagar,Ahmedabad,06-05-2023,29.32,91.62,57.1,36.03,1.52,45.44
AHM03,Maninagar,Ahmedabad,07-05-2023,32.84,60.53,48.9,41.16,1.01,45.5
AHM03,Maninagar,Ahmedabad,08-05-2023,NaN,NaN,60.24,38.45,1.37,45.28
AHM03,Maninagar,Ahmedabad,09-05-2023,33.67,141.54,83.86,35.18,1.53,45.18
AHM03,Maninagar,Ahmedabad,10-05-2023,80.48,308.21,107.47,46.8,2.75,13.72
AHM03,Maninagar,Ahmedabad,11-05-2023,64.56,174.37,96.17,43.15,2.12,6.81
AHM03,Maninagar,Ahmedabad,12-05-2023,115.71,223.15,76.1,41.44,1.73,21.22
AHM03,Maninagar,Ahmedabad,13-05-2023,94.96,151.14,60.02,32.84,1.69,22.73
AHM03,Maninagar,Ahmedabad,14-05-2023,69.12,120.38,41.7,32.44,1.63,24.63
AHM03,Maninagar,Ahmedabad,15-05-2023,53.18,122.99,34.41,24.42,1.23,19.9
AHM03,Maninagar,Ahmedabad,16-05-2023,37.33,124.77,30.54,16.78,1.38,34.25
AHM03,Maninagar,Ahmedabad,17-05-2023,34.49,120.67,35.14,NaN,0.6,48.54
AHM03,Maninagar,Ahmedabad,18-05-2023,50.59,127.85,44.86,33.97,1.01,48.01
AHM03,Maninagar,Ahmedabad,19-05-2023,44.47,148.12,49.68,21.58,1.68,52.86
AHM03,Maninagar,Ahmedabad,20-05-2023,44.7,98.4,53.38,22.72,0.89,51.43
AHM03,Maninagar,Ahmedabad,21-05-2023,61.96,NaN,43.66,12.72,1.08,49.27
AHM03,Maninagar,Ahmedabad,22-05-2023,31.81,NaN,35.48,17.42,0.83,47.44
AHM03,Maninagar,Ahmedabad,23-05-2023,32.92,132.61,37.95,14.77,1.08,47.34
AHM03,Maninagar,Ahmedabad,24-05-2023,35.76,142.73,36.07,15.37,1.33,46.62
AHM03,Maninagar,Ahmedabad,25-05-2023,44.49,162.59,38.46,17.23,1.13,46.16
AHM03,Maninagar,Ahmedabad,26-05-2023,39.61,134.72,38.12,19.3,1.09,52.85
AHM03,Maninagar,Ahmedabad,27-05-2023,41.97,138.98,36.46,19.42,1.22,53.14
AHM03,Maninagar,Ahmedabad,28-05-2023,43.08,122.24,33.73,22.6,1.19,47.05
AHM03,Maninagar,Ahmedabad,29-05-2023,31.09,83.41,54.56,19.86,2.01,46.64
AHM03,Maninagar,Ahmedabad,30-05-2023,56.84,159.16,110.55,25.65,1.93,49.59
AHM03,Maninagar,Ahmedabad,31-05-2023,70.38,229.28,97.37,33.34,1.98,46.82
AHM03,Maninagar,Ahmedabad,01-06-2023,35.27,123.81,43.64,25.06,1.37,46.94
AHM03,Maninagar,Ahmedabad,02-06-2023,27.67,111.85,30.5,18.71,1,46.81
AHM03,Maninagar,Ahmedabad,03-06-2023,40.51,121.15,38.05,26.17,1.1,47.32
AHM03,Maninagar,Ahmedabad,04-06-2023,28.35,77.94,41.92,24.62,1.1,47.36
AHM03,Maninagar,Ahmedabad,05-06-2023,38.24,146.53,40.34,27.22,1.54,46.99
AHM03,Maninagar,Ahmedabad,06-06-2023,35.69,137.93,37.42,25.73,1.37,46.76
AHM03,Maninagar,Ahmedabad,07-06-2023,30.89,115.22,37.78,24.7,1.1,46.85
AHM03,Maninagar,Ahmedabad,08-06-2023,30.79,104.67,35.35,20.77,1.09,46.58
AHM03,Maninagar,Ahmedabad,09-06-2023,35.34,94.97,36.51,24.14,1.29,47.37
AHM03,Maninagar,Ahmedabad,10-06-2023,20.05,65.99,35.22,21.49,1.29,46.86
AHM03,Maninagar,Ahmedabad,11-06-2023,24.55,93.24,35.01,20,1.37,46.79
AHM03,Maninagar,Ahmedabad,12-06-2023,31.13,68.92,33.13,20.31,1.07,47.2
AHM03,Maninagar,Ahmedabad,13-06-2023,34.17,105.09,31.17,19.39,1.07,46.66
AHM03,Maninagar,Ahmedabad,14-06-2023,29.34,69.58,30.43,21.92,1.28,46.86
AHM03,Maninagar,Ahmedabad,15-06-2023,22.53,78.14,27.55,23.64,1.26,46.71
AHM03,Maninagar,Ahmedabad,16-06-2023,22.28,61.74,25.97,23.61,1.49,37.9
AHM03,Maninagar,Ahmedabad,17-06-2023,38.13,98.12,28.75,28.66,1.93,30.36
AHM03,Maninagar,Ahmedabad,18-06-2023,38.88,120.37,28.75,23.9,1.33,26.18
AHM03,Maninagar,Ahmedabad,19-06-2023,42.85,112.97,30.84,23.36,1.29,25.99
AHM03,Maninagar,Ahmedabad,20-06-2023,35.43,106.03,29.28,18.45,1.43,26.24
AHM03,Maninagar,Ahmedabad,21-06-2023,41.38,102.25,30.02,25.13,1.57,26.08
AHM03,Maninagar,Ahmedabad,22-06-2023,33.4,91.64,28.5,25.24,1.4,26.31
AHM03,Maninagar,Ahmedabad,23-06-2023,31.25,93.95,27.38,29.57,1.32,26.15
AHM03,Maninagar,Ahmedabad,24-06-2023,35.43,89.3,28.99,25.69,1.46,27.98
AHM03,Maninagar,Ahmedabad,25-06-2023,36.17,75.6,32.47,24.77,1.51,25.99
AHM03,Maninagar,Ahmedabad,26-06-2023,36.37,68.39,34.56,23.73,1.3,26.35
AHM03,Maninagar,Ahmedabad,27-06-2023,46.34,82.09,34.76,36.26,0.96,26.75
AHM03,Maninagar,Ahmedabad,28-06-2023,47.88,80.63,34.26,26.42,1.17,11.34
AHM03,Maninagar,Ahmedabad,29-06-2023,45.53,71.43,34.24,32.73,1.1,19.3
AHM03,Maninagar,Ahmedabad,30-06-2023,23.81,47.88,29.17,33.91,1.05,7.66
AHM03,Maninagar,Ahmedabad,01-07-2023,30.75,46.44,30.49,27.88,1.26,8.92
AHM03,Maninagar,Ahmedabad,02-07-2023,23.49,62.88,31.2,36.66,1.06,9.09
AHM03,Maninagar,Ahmedabad,03-07-2023,38.58,87.21,35.71,23.83,1.29,29.68
AHM03,Maninagar,Ahmedabad,04-07-2023,32.81,94.37,34.96,25.07,0.87,38.08
AHM03,Maninagar,Ahmedabad,05-07-2023,41.64,113.16,34.3,31.95,0.86,29.39
AHM03,Maninagar,Ahmedabad,06-07-2023,36.07,72.72,32.29,25.86,0.94,14.81
AHM03,Maninagar,Ahmedabad,07-07-2023,32.83,81.93,31.85,25.49,1.25,41.12
AHM03,Maninagar,Ahmedabad,08-07-2023,26.11,75.28,32.47,27.52,1.01,62.74
AHM03,Maninagar,Ahmedabad,09-07-2023,29.12,64.1,30.76,34.38,1.06,35.43
AHM03,Maninagar,Ahmedabad,10-07-2023,39.01,134.64,29.84,32.68,1.03,34.14
AHM03,Maninagar,Ahmedabad,11-07-2023,53.02,116.45,43.93,36.51,2.01,49.78
AHM03,Maninagar,Ahmedabad,12-07-2023,53.43,189.64,40.7,19.36,1.18,28.32
AHM03,Maninagar,Ahmedabad,13-07-2023,43.97,158.52,40.04,22.21,1.16,11.89
AHM03,Maninagar,Ahmedabad,14-07-2023,40.42,125.06,38.6,34.1,0.87,18.22
AHM03,Maninagar,Ahmedabad,15-07-2023,40.53,113.75,35.06,29.83,1.13,14.33
AHM03,Maninagar,Ahmedabad,16-07-2023,27.15,105.68,32.68,26.55,1.14,9.63
AHM03,Maninagar,Ahmedabad,17-07-2023,39.56,114.57,34.03,29.19,1.17,15.29
AHM03,Maninagar,Ahmedabad,18-07-2023,36.1,123.28,34.75,24.18,1.3,5.4
AHM03,Maninagar,Ahmedabad,19-07-2023,42.67,87.29,41.63,24.56,0.97,42.71
AHM03,Maninagar,Ahmedabad,20-07-2023,31.63,73.81,38.44,32.21,0.41,119.11
AHM03,Maninagar,Ahmedabad,21-07-2023,36.41,84.83,37.1,20.86,1.22,107.85
AHM03,Maninagar,Ahmedabad,22-07-2023,21.98,71.06,35.71,15.05,2.5,108.24
AHM03,Maninagar,Ahmedabad,23-07-2023,20.78,51.76,46.88,4.3,2.85,96.18
AHM03,Maninagar,Ahmedabad,24-07-2023,22.18,62.34,39.89,15.7,1.97,90.98
AHM03,Maninagar,Ahmedabad,25-07-2023,26.99,74.23,33.56,21.95,0.39,83.11
AHM03,Maninagar,Ahmedabad,26-07-2023,46.57,94.82,66.25,17.98,1.1,63.89
AHM03,Maninagar,Ahmedabad,27-07-2023,46.19,98.27,37.38,20.28,0.85,88.15
AHM03,Maninagar,Ahmedabad,28-07-2023,22.72,76.58,37.43,17.93,0.77,92.17
AHM03,Maninagar,Ahmedabad,29-07-2023,33.83,89.53,36.28,14.94,0.79,80.82
AHM03,Maninagar,Ahmedabad,30-07-2023,28.39,81.61,27.39,18.83,0.78,88.21
AHM03,Maninagar,Ahmedabad,31-07-2023,32.64,70.14,31.26,28.09,0.69,88.27
AHM03,Maninagar,Ahmedabad,01-08-2023,30.85,69.54,28.6,25.87,0.78,91.78
AHM03,Maninagar,Ahmedabad,02-08-2023,33.76,101.93,28.45,29.17,0.75,89.73
AHM03,Maninagar,Ahmedabad,03-08-2023,37.58,105.67,29.19,19.04,0.77,90.12
AHM03,Maninagar,Ahmedabad,04-08-2023,28.92,89.8,44.78,14.1,0.82,72.74
AHM03,Maninagar,Ahmedabad,05-08-2023,30.3,104.63,74.08,14.38,0.62,60.76
AHM03,Maninagar,Ahmedabad,06-08-2023,31.35,104.94,34.87,14.66,0.77,85.94
AHM03,Maninagar,Ahmedabad,07-08-2023,27.39,103.03,34.32,16.99,0.81,79.94
AHM03,Maninagar,Ahmedabad,08-08-2023,32.92,113.15,29.7,22.15,0.92,89.5
AHM03,Maninagar,Ahmedabad,09-08-2023,45.63,133.65,29.8,23.59,0.94,91.58
AHM03,Maninagar,Ahmedabad,10-08-2023,42.41,126.04,33.13,40.08,0.97,88.26
AHM03,Maninagar,Ahmedabad,11-08-2023,39.76,132.93,36.41,27.51,0.92,89.14
AHM03,Maninagar,Ahmedabad,12-08-2023,35.99,118.89,29.68,44.51,0.97,87.21
AHM03,Maninagar,Ahmedabad,13-08-2023,36.19,109.27,24.69,23.98,0.99,84.59
AHM03,Maninagar,Ahmedabad,14-08-2023,33.64,112.1,29.95,27.38,0.97,82.1
AHM03,Maninagar,Ahmedabad,15-08-2023,35.88,130.87,34.87,28.68,0.95,84.92
AHM03,Maninagar,Ahmedabad,16-08-2023,37.31,140.01,32.52,4.65,0.91,88.67
AHM03,Maninagar,Ahmedabad,17-08-2023,38.04,197.93,33.91,4.85,0.9,81.09
AHM03,Maninagar,Ahmedabad,18-08-2023,39.55,239.13,62.37,5.53,0.86,84.85
AHM03,Maninagar,Ahmedabad,19-08-2023,37.2,277.34,35.39,4.34,0.92,76.2
AHM03,Maninagar,Ahmedabad,20-08-2023,28.35,217.42,23.12,4.74,0.9,80.14
AHM03,Maninagar,Ahmedabad,21-08-2023,44.93,199.53,32.87,6.94,0.92,65.76
AHM03,Maninagar,Ahmedabad,22-08-2023,40.97,99.68,31.63,6.17,0.94,79.3
AHM03,Maninagar,Ahmedabad,23-08-2023,26.86,137.47,25.93,4.56,0.94,73
AHM03,Maninagar,Ahmedabad,24-08-2023,25.49,NaN,33.67,5.46,0.91,67.86
AHM03,Maninagar,Ahmedabad,25-08-2023,28.86,NaN,37.48,9.11,0.89,65.73
AHM03,Maninagar,Ahmedabad,26-08-2023,36.22,NaN,38.82,10.34,0.91,72.7
AHM03,Maninagar,Ahmedabad,27-08-2023,39.63,NaN,24.64,4.72,0.87,73.34
AHM03,Maninagar,Ahmedabad,28-08-2023,30.07,NaN,31.91,4.71,0.95,69.5
AHM03,Maninagar,Ahmedabad,29-08-2023,39.41,NaN,37.5,7.29,0.92,73.54
AHM03,Maninagar,Ahmedabad,30-08-2023,32.16,NaN,36.39,5.94,0.93,79.81
AHM03,Maninagar,Ahmedabad,31-08-2023,43.84,91.04,46.51,7.47,0.91,85.51
AHM03,Maninagar,Ahmedabad,01-09-2023,51.12,NaN,49.32,7.97,0.9,90.49
AHM03,Maninagar,Ahmedabad,02-09-2023,47.21,NaN,34.43,4.97,0.91,94.31
AHM03,Maninagar,Ahmedabad,03-09-2023,45.85,NaN,39.8,5.42,0.9,68.18
AHM03,Maninagar,Ahmedabad,04-09-2023,42.12,NaN,43.66,4.63,0.93,59.74
AHM03,Maninagar,Ahmedabad,05-09-2023,33.25,NaN,35.86,4.73,0.81,60.58
AHM03,Maninagar,Ahmedabad,06-09-2023,34.02,NaN,27.65,4.78,0.89,68.44
AHM03,Maninagar,Ahmedabad,07-09-2023,25.13,NaN,30.01,4.61,0.9,82.39
AHM03,Maninagar,Ahmedabad,08-09-2023,32.62,88.52,32.15,4.76,0.94,73.95
AHM03,Maninagar,Ahmedabad,09-09-2023,36.72,181.69,34.63,5.27,0.98,63.67
AHM03,Maninagar,Ahmedabad,10-09-2023,30.56,124.36,28.75,4.69,0.95,61.05
AHM03,Maninagar,Ahmedabad,11-09-2023,32.52,154.53,31.95,4.73,0.91,64.24
AHM03,Maninagar,Ahmedabad,12-09-2023,24.86,102.79,27.64,5.04,0.92,60.69
AHM03,Maninagar,Ahmedabad,13-09-2023,33.67,106.73,39.95,4.88,0.98,60.44
AHM03,Maninagar,Ahmedabad,14-09-2023,33.38,96.45,44.51,4.56,0.97,55.65
AHM03,Maninagar,Ahmedabad,15-09-2023,40.08,108.86,41.68,4.16,0.95,49.62
AHM03,Maninagar,Ahmedabad,16-09-2023,34.54,86.59,27.99,4.98,0.96,44.66
AHM03,Maninagar,Ahmedabad,17-09-2023,31.31,58.07,42.6,5.36,0.93,43.27
AHM03,Maninagar,Ahmedabad,18-09-2023,29.07,59.82,32.79,10.78,0.97,59.18
AHM03,Maninagar,Ahmedabad,19-09-2023,29.11,60.48,39.59,24.68,0.88,99.38
AHM03,Maninagar,Ahmedabad,20-09-2023,25.92,54.83,33.01,17.14,0.91,97.73
AHM03,Maninagar,Ahmedabad,21-09-2023,42.78,103.37,36.91,5.42,0.98,89.34
AHM03,Maninagar,Ahmedabad,22-09-2023,48.16,101.93,49.33,3.88,0.97,78.3
AHM03,Maninagar,Ahmedabad,23-09-2023,42.36,125.88,45.14,2.75,0.94,77.21
AHM03,Maninagar,Ahmedabad,24-09-2023,36.21,92.53,37.94,2.68,0.94,67.13
AHM03,Maninagar,Ahmedabad,25-09-2023,1.79,140.77,51.49,2.87,0.96,55.33
AHM03,Maninagar,Ahmedabad,26-09-2023,33.06,142.94,60.4,10.92,0.9,57.21
AHM03,Maninagar,Ahmedabad,27-09-2023,69.1,170.68,66.14,14.42,0.82,83.03
AHM03,Maninagar,Ahmedabad,28-09-2023,62.36,147.46,68.31,13.56,0.82,103.32
AHM03,Maninagar,Ahmedabad,29-09-2023,60.29,146.62,90.29,15.12,1,95.63
AHM03,Maninagar,Ahmedabad,30-09-2023,66.97,199.19,126.65,15.62,0.99,70.81
AHM03,Maninagar,Ahmedabad,01-10-2023,54.88,179.52,58.55,15.62,0.95,82.26
AHM03,Maninagar,Ahmedabad,02-10-2023,64.02,197.87,65.99,16.64,0.96,73.18
AHM03,Maninagar,Ahmedabad,03-10-2023,55.89,163.38,79.61,14.07,0.91,65.63
AHM03,Maninagar,Ahmedabad,04-10-2023,56.85,154.99,73.63,13.16,0.96,62.81
AHM03,Maninagar,Ahmedabad,05-10-2023,62.25,142.53,77.95,17.88,0.95,44.05
AHM03,Maninagar,Ahmedabad,06-10-2023,73.51,140.47,69.06,22.16,0.86,53.73
AHM03,Maninagar,Ahmedabad,07-10-2023,58.2,133.08,76.95,7.55,1.01,68.49
AHM03,Maninagar,Ahmedabad,08-10-2023,74.73,151,65.95,7.06,0.93,61.44
AHM03,Maninagar,Ahmedabad,09-10-2023,55.78,129.64,62.98,7.73,0.93,59.52
AHM03,Maninagar,Ahmedabad,10-10-2023,48.44,107.32,64.55,7.62,1.02,47.53
AHM03,Maninagar,Ahmedabad,11-10-2023,61.74,142.72,72.8,7.24,0.9,66.31
AHM03,Maninagar,Ahmedabad,12-10-2023,84.98,171.21,121.58,7.89,0.92,67.31
AHM03,Maninagar,Ahmedabad,13-10-2023,102.48,206.97,130.86,10.05,1,45.25
AHM03,Maninagar,Ahmedabad,14-10-2023,124.42,253.02,161.78,9.77,0.97,45.48
AHM03,Maninagar,Ahmedabad,15-10-2023,61.98,120.38,59.79,12.05,0.94,53.04
AHM03,Maninagar,Ahmedabad,16-10-2023,64.51,140.41,69.43,9.17,1,60.04
AHM03,Maninagar,Ahmedabad,17-10-2023,55.97,122.57,72.82,6.17,0.91,59.52
AHM03,Maninagar,Ahmedabad,18-10-2023,51.7,145.69,89.26,7.14,0.92,51.16
AHM03,Maninagar,Ahmedabad,19-10-2023,68.19,190.23,101.79,6.66,0.94,53.82
AHM03,Maninagar,Ahmedabad,20-10-2023,69.46,209.06,122.75,21.83,0.87,58.19
AHM03,Maninagar,Ahmedabad,21-10-2023,71.51,194.25,144.72,18.47,0.75,55.79
AHM03,Maninagar,Ahmedabad,22-10-2023,75.52,214.89,141.08,6.25,0.61,50.27
AHM03,Maninagar,Ahmedabad,23-10-2023,55.02,151.96,134.79,14.41,0.83,45.18
AHM03,Maninagar,Ahmedabad,24-10-2023,56.77,138.92,125.44,20.12,1.35,43.76
AHM03,Maninagar,Ahmedabad,25-10-2023,76.62,194.04,139.82,25.7,1.57,42.88
AHM03,Maninagar,Ahmedabad,26-10-2023,91.95,230.49,173.15,22.38,1.13,44.09
AHM03,Maninagar,Ahmedabad,27-10-2023,74.99,175.24,106.49,35.3,1.26,47.27
AHM03,Maninagar,Ahmedabad,28-10-2023,77.45,221.78,69.19,20.33,1.2,39.09
AHM03,Maninagar,Ahmedabad,29-10-2023,52.18,123.29,50.61,9.64,0.97,35.21
AHM03,Maninagar,Ahmedabad,30-10-2023,71.17,163.59,48.58,6.89,0.84,31.99
AHM03,Maninagar,Ahmedabad,31-10-2023,42.82,80.1,26.05,5.5,1.02,62.38
AHM03,Maninagar,Ahmedabad,01-11-2023,31.11,77.29,18.39,5.21,1.15,57.45
AHM03,Maninagar,Ahmedabad,02-11-2023,48.9,100.73,14.89,3.41,0.88,69.03
AHM03,Maninagar,Ahmedabad,03-11-2023,82.81,184.09,73.99,29.72,1.49,50.33
AHM03,Maninagar,Ahmedabad,04-11-2023,88.19,183.44,69.19,12.17,1.21,43.31
AHM03,Maninagar,Ahmedabad,05-11-2023,96.07,176.88,65.3,16.75,1.16,33.85
AHM03,Maninagar,Ahmedabad,06-11-2023,89.43,232.08,64.28,10.16,1.09,31.54
AHM03,Maninagar,Ahmedabad,07-11-2023,91.83,194.14,67.08,22.63,1.24,34.14
AHM03,Maninagar,Ahmedabad,08-11-2023,95.22,234.88,70.83,18.24,1.27,33.92
AHM03,Maninagar,Ahmedabad,09-11-2023,100.41,236.93,70.91,20.3,1.26,38.24
AHM03,Maninagar,Ahmedabad,10-11-2023,111.2,206.88,69.39,19.57,1.1,50.68
AHM03,Maninagar,Ahmedabad,11-11-2023,66.77,132.21,37.02,9.05,0.85,33.89
AHM03,Maninagar,Ahmedabad,12-11-2023,92.91,155.12,36.33,19.97,0.83,32.36
AHM03,Maninagar,Ahmedabad,13-11-2023,242.44,285.16,44.88,18.28,0.93,32.53
AHM03,Maninagar,Ahmedabad,14-11-2023,103.37,153.99,39.37,19.13,0.87,31.85
AHM03,Maninagar,Ahmedabad,15-11-2023,62.74,101.55,27.74,15.58,0.83,43.81
AHM03,Maninagar,Ahmedabad,16-11-2023,64.75,105.31,26.11,15.04,0.82,48.12
AHM03,Maninagar,Ahmedabad,17-11-2023,70.35,106.81,32.22,21.3,0.8,46.51
AHM03,Maninagar,Ahmedabad,18-11-2023,85.05,136.99,39.68,22.39,1,45.95
AHM03,Maninagar,Ahmedabad,19-11-2023,88.48,144.31,41.06,16.73,0.83,46.24
AHM03,Maninagar,Ahmedabad,20-11-2023,85.36,147.77,32.9,10.35,1.1,55.38
AHM03,Maninagar,Ahmedabad,21-11-2023,80.63,146.64,36.41,23.26,0.97,48.86
AHM03,Maninagar,Ahmedabad,22-11-2023,93.11,188.36,58.72,21.4,1.06,34.04
AHM03,Maninagar,Ahmedabad,23-11-2023,82.58,174.68,62.13,19.52,1.08,28.52
AHM03,Maninagar,Ahmedabad,24-11-2023,62.41,125.81,32.31,11.03,0.68,44.34
AHM03,Maninagar,Ahmedabad,25-11-2023,52.22,103.51,19.99,13.46,0.75,53.39
AHM03,Maninagar,Ahmedabad,26-11-2023,55.42,96.91,19.84,11.57,0.83,50.13
AHM03,Maninagar,Ahmedabad,27-11-2023,26.1,44.14,21.25,12.1,0.8,45.93
AHM03,Maninagar,Ahmedabad,28-11-2023,52.14,102.38,28.73,15.14,0.98,35.83
AHM03,Maninagar,Ahmedabad,29-11-2023,37.89,74.58,30.19,11.66,0.7,42.99
AHM03,Maninagar,Ahmedabad,30-11-2023,50.08,103.16,31.42,NaN,0.53,50.14
AHM03,Maninagar,Ahmedabad,01-12-2023,45.92,82.33,19.69,NaN,0.4,66.4
AHM03,Maninagar,Ahmedabad,02-12-2023,37.76,70.77,15.24,NaN,0.42,64.06
AHM03,Maninagar,Ahmedabad,03-12-2023,43.75,71.86,10.58,NaN,0.45,72.87
AHM03,Maninagar,Ahmedabad,04-12-2023,33.55,60.39,12.33,NaN,0.49,73.85
AHM03,Maninagar,Ahmedabad,05-12-2023,31.76,61.87,15.32,NaN,0.37,53.42
AHM03,Maninagar,Ahmedabad,06-12-2023,40.85,78.57,20.45,NaN,0.44,54.23
AHM03,Maninagar,Ahmedabad,07-12-2023,51.54,78.28,26.14,NaN,0.53,51.49
AHM03,Maninagar,Ahmedabad,08-12-2023,59.93,98.55,33.08,NaN,0.54,43.02
AHM03,Maninagar,Ahmedabad,09-12-2023,67.08,117.9,43.21,NaN,0.5,33.15
AHM03,Maninagar,Ahmedabad,10-12-2023,53.64,97.81,38.1,NaN,0.43,41.05
AHM03,Maninagar,Ahmedabad,11-12-2023,63.27,115.4,46.53,NaN,0.52,40.52
AHM03,Maninagar,Ahmedabad,12-12-2023,55.94,113.42,44.88,NaN,0.5,35.11
AHM03,Maninagar,Ahmedabad,13-12-2023,52.15,111.9,43.05,NaN,0.49,28.36
AHM03,Maninagar,Ahmedabad,14-12-2023,48.29,96.59,28.21,NaN,0.46,42.86
AHM03,Maninagar,Ahmedabad,15-12-2023,53.22,97.06,23.91,NaN,0.43,52.76
AHM03,Maninagar,Ahmedabad,16-12-2023,60.5,129.36,45.39,NaN,0.53,37.73
AHM03,Maninagar,Ahmedabad,17-12-2023,63.72,125.18,47.12,NaN,0.57,28.23
AHM03,Maninagar,Ahmedabad,18-12-2023,46.06,99.62,24.73,NaN,0.39,30.53
AHM03,Maninagar,Ahmedabad,19-12-2023,44.19,90.7,20.03,NaN,0.31,36.21
AHM03,Maninagar,Ahmedabad,20-12-2023,51.9,98.67,22.86,NaN,0.35,30.24
AHM03,Maninagar,Ahmedabad,21-12-2023,60.42,112.13,26.36,NaN,0.42,23.94
AHM03,Maninagar,Ahmedabad,22-12-2023,61.69,123.83,32.52,NaN,0.44,37.64
AHM03,Maninagar,Ahmedabad,23-12-2023,82.04,157.02,43.49,NaN,0.63,31.89
AHM03,Maninagar,Ahmedabad,24-12-2023,74.37,145.8,36.97,NaN,0.41,42.55
AHM03,Maninagar,Ahmedabad,25-12-2023,98.69,196.84,46.04,NaN,0.7,46.35
AHM03,Maninagar,Ahmedabad,26-12-2023,104.19,200.75,55.13,NaN,0.64,49.5
AHM03,Maninagar,Ahmedabad,27-12-2023,93.14,174.01,52.26,NaN,0.6,44.48
AHM03,Maninagar,Ahmedabad,28-12-2023,64,126.35,31.44,NaN,0.43,46.13
AHM03,Maninagar,Ahmedabad,29-12-2023,58.45,137.33,39.23,NaN,0.63,45.03
AHM03,Maninagar,Ahmedabad,30-12-2023,70.43,141.36,44.17,NaN,0.34,45.92
AHM03,Maninagar,Ahmedabad,31-12-2023,77.66,151.85,44.32,NaN,0.22,27.35
AHM03,Maninagar,Ahmedabad,01-01-2024,71.79,144.17,36.96,NaN,0.37,44.26
AHM03,Maninagar,Ahmedabad,02-01-2024,64.05,119.57,19.36,NaN,0.57,48.02
AHM03,Maninagar,Ahmedabad,03-01-2024,51.29,127.19,25.21,NaN,0.49,30.59
AHM03,Maninagar,Ahmedabad,04-01-2024,53.07,127.23,28.44,NaN,0.42,29.51
AHM03,Maninagar,Ahmedabad,05-01-2024,58.06,127.47,34.51,NaN,0.51,29.89
AHM03,Maninagar,Ahmedabad,06-01-2024,50.26,104.6,22.23,NaN,0.39,34.28
AHM03,Maninagar,Ahmedabad,07-01-2024,47.54,104.35,16.71,NaN,0.42,49.26
AHM03,Maninagar,Ahmedabad,08-01-2024,54.13,111.92,25.06,NaN,0.52,51.34
AHM03,Maninagar,Ahmedabad,09-01-2024,61.67,139.61,37.13,NaN,0.41,41.38
AHM03,Maninagar,Ahmedabad,10-01-2024,59.88,129.13,26.23,NaN,0.44,46.69
AHM03,Maninagar,Ahmedabad,11-01-2024,54.33,117.3,33.93,NaN,0.61,47.67
AHM03,Maninagar,Ahmedabad,12-01-2024,54.86,125.04,41.92,NaN,0.52,33.86
AHM03,Maninagar,Ahmedabad,13-01-2024,49.97,134.31,49.97,NaN,0.54,21.41
AHM03,Maninagar,Ahmedabad,14-01-2024,54.04,128.95,42.02,NaN,0.39,18.87
AHM03,Maninagar,Ahmedabad,15-01-2024,53.59,133.49,42.57,NaN,0.44,27.08
AHM03,Maninagar,Ahmedabad,16-01-2024,64.14,152.77,48.4,NaN,0.52,26.66
AHM03,Maninagar,Ahmedabad,17-01-2024,68.9,167.29,57.5,NaN,0.49,27.4
AHM03,Maninagar,Ahmedabad,18-01-2024,52.37,143.78,44.59,NaN,0.47,29.44
AHM03,Maninagar,Ahmedabad,19-01-2024,46.97,116.72,40.03,NaN,0.47,26.47
AHM03,Maninagar,Ahmedabad,20-01-2024,62.14,135.64,35.17,NaN,0.43,26.48
AHM03,Maninagar,Ahmedabad,21-01-2024,42.19,106.74,35.67,NaN,0.62,30.86
AHM03,Maninagar,Ahmedabad,22-01-2024,85,218.77,47.04,NaN,0.68,22.1
AHM03,Maninagar,Ahmedabad,23-01-2024,91.24,232.31,53.16,NaN,0.61,21.23
AHM03,Maninagar,Ahmedabad,24-01-2024,60.03,160.85,51.58,NaN,0.65,19.31
AHM03,Maninagar,Ahmedabad,25-01-2024,57.46,156.65,50.38,NaN,0.6,22.78
AHM03,Maninagar,Ahmedabad,26-01-2024,49.26,130.48,46.24,NaN,0.6,23.98
AHM03,Maninagar,Ahmedabad,27-01-2024,50.55,139.08,49.61,NaN,0.63,31.6
AHM03,Maninagar,Ahmedabad,28-01-2024,69.18,242.59,65.45,NaN,0.84,31.14
AHM03,Maninagar,Ahmedabad,29-01-2024,56.09,161.36,40.54,NaN,0.51,35.38
AHM03,Maninagar,Ahmedabad,30-01-2024,58.03,158.75,46.55,NaN,0.64,43.13
AHM03,Maninagar,Ahmedabad,31-01-2024,57.66,133.92,46.26,12,0.7,47.45
AHM03,Maninagar,Ahmedabad,01-02-2024,40.23,99.6,32.92,NaN,0.79,47.96
AHM03,Maninagar,Ahmedabad,02-02-2024,54.81,118.8,58.58,16.25,0.77,38.62
AHM03,Maninagar,Ahmedabad,03-02-2024,63.04,152.46,59.74,44.79,0.79,39.52
AHM03,Maninagar,Ahmedabad,04-02-2024,63.99,170.78,50.07,45.16,0.54,48.2
AHM03,Maninagar,Ahmedabad,05-02-2024,23.09,57.27,23.26,9.37,0.57,46.91
AHM03,Maninagar,Ahmedabad,06-02-2024,26.71,63.67,30.75,13.31,0.57,46.65
AHM03,Maninagar,Ahmedabad,07-02-2024,38.49,140.47,35.25,20.97,0.52,40.18
AHM03,Maninagar,Ahmedabad,08-02-2024,22.87,71.88,25.82,34.49,0.67,49.75
AHM03,Maninagar,Ahmedabad,09-02-2024,30.13,71.3,NaN,15.91,0.61,29.63
AHM03,Maninagar,Ahmedabad,10-02-2024,28.31,71.13,NaN,19.06,0.54,34.67
AHM03,Maninagar,Ahmedabad,11-02-2024,26.42,62.01,NaN,17.09,0.5,40.14
AHM03,Maninagar,Ahmedabad,12-02-2024,35.1,71.96,NaN,21.09,0.55,50.7
AHM03,Maninagar,Ahmedabad,13-02-2024,40.61,81.25,10.8,27,0.56,49.43
AHM03,Maninagar,Ahmedabad,14-02-2024,39.38,80.03,25.12,29.86,0.59,30.21
AHM03,Maninagar,Ahmedabad,15-02-2024,47.79,91.02,20.09,28.35,0.59,53.53
AHM03,Maninagar,Ahmedabad,16-02-2024,46.15,90.08,18.21,33.79,0.75,50.05
AHM03,Maninagar,Ahmedabad,17-02-2024,43,85.93,17.91,168.82,0.6,45.93
AHM03,Maninagar,Ahmedabad,18-02-2024,51.26,69.3,18.18,66.27,0.56,40.65
AHM03,Maninagar,Ahmedabad,19-02-2024,33.46,82.01,14.82,76.69,0.58,49.73
AHM03,Maninagar,Ahmedabad,20-02-2024,38.53,103.07,13.63,NaN,0.69,61.55
AHM03,Maninagar,Ahmedabad,21-02-2024,26.48,107.06,12.4,NaN,0.85,58.13
AHM03,Maninagar,Ahmedabad,22-02-2024,27.21,122.78,10.35,25.03,0.56,52.91
AHM03,Maninagar,Ahmedabad,23-02-2024,45.01,128.18,8.68,10.58,0.69,22.91
AHM03,Maninagar,Ahmedabad,24-02-2024,37.67,108.88,8.78,10.79,0.57,23.68
AHM03,Maninagar,Ahmedabad,25-02-2024,36.12,102.57,8.8,16.29,0.57,20.8
AHM03,Maninagar,Ahmedabad,26-02-2024,43.15,132.05,8.75,14.8,0.62,36.53
AHM03,Maninagar,Ahmedabad,27-02-2024,59.27,153.65,8.71,19.65,0.7,58.77
AHM03,Maninagar,Ahmedabad,28-02-2024,51.17,126.45,8.18,39.09,1.19,53.99
AHM03,Maninagar,Ahmedabad,29-02-2024,63.77,158.08,7.56,73.92,1.24,43.25
AHM03,Maninagar,Ahmedabad,01-03-2024,74.81,171.55,7.97,41.97,0.8,57.58
AHM03,Maninagar,Ahmedabad,02-03-2024,29.1,80.42,18.68,20.4,0.9,87.78
AHM03,Maninagar,Ahmedabad,03-03-2024,13.87,45.34,27.75,26.3,0.99,41.84
AHM03,Maninagar,Ahmedabad,04-03-2024,47.99,115.42,19.91,64.56,0.94,25.01
AHM03,Maninagar,Ahmedabad,05-03-2024,19.43,82.43,13.71,19.47,0.98,29.56
AHM03,Maninagar,Ahmedabad,06-03-2024,16.09,101.6,13.75,19.05,0.95,32.25
AHM03,Maninagar,Ahmedabad,07-03-2024,36.4,101.44,18.79,37.02,0.97,24.35
AHM03,Maninagar,Ahmedabad,08-03-2024,32.22,95.06,33.44,28.65,0.84,30.48
AHM03,Maninagar,Ahmedabad,09-03-2024,26.7,79.57,33.45,46.3,0.91,32.86
AHM03,Maninagar,Ahmedabad,10-03-2024,43.91,113.89,33.45,72.78,1.1,41.58
AHM03,Maninagar,Ahmedabad,11-03-2024,41.12,112.96,30.63,72.7,0.87,32.7
AHM03,Maninagar,Ahmedabad,12-03-2024,28.17,69.22,27.11,52.58,1.03,56.12
AHM03,Maninagar,Ahmedabad,13-03-2024,25.18,87.51,29.15,10.28,1.19,59.31
AHM03,Maninagar,Ahmedabad,14-03-2024,33.87,136.75,31.57,13.35,1.06,38.03
AHM03,Maninagar,Ahmedabad,15-03-2024,54.38,180.75,41.81,16.27,1.07,25.43
AHM03,Maninagar,Ahmedabad,16-03-2024,80.59,202.46,52.85,6.63,1.29,19.83
AHM03,Maninagar,Ahmedabad,17-03-2024,43.11,117.81,36.05,6.35,1.01,24.35
AHM03,Maninagar,Ahmedabad,18-03-2024,33.25,97.31,36.7,11.2,1.05,15.51
AHM03,Maninagar,Ahmedabad,19-03-2024,49.56,126.6,51.83,11.71,1.22,13.52
AHM03,Maninagar,Ahmedabad,20-03-2024,41.93,105.88,42.97,4.06,0.98,17.51
AHM03,Maninagar,Ahmedabad,21-03-2024,64.65,148.17,52.72,15.37,1.16,15.43
AHM03,Maninagar,Ahmedabad,22-03-2024,64.74,164.17,52.82,14.43,1.12,18.87
AHM03,Maninagar,Ahmedabad,23-03-2024,51.76,120.12,34.89,34.18,1.02,44.16
AHM03,Maninagar,Ahmedabad,24-03-2024,38.2,63.29,33.28,28.25,1.17,48.66
AHM03,Maninagar,Ahmedabad,25-03-2024,26.63,47.53,31.19,22.91,1.1,56.91
AHM03,Maninagar,Ahmedabad,26-03-2024,58.31,103.78,37.21,21.19,1.18,60.74
AHM03,Maninagar,Ahmedabad,27-03-2024,70.96,139.44,40.73,NaN,1.29,54.18
AHM03,Maninagar,Ahmedabad,28-03-2024,42.09,106.54,31.46,40.48,1.1,53.66
AHM03,Maninagar,Ahmedabad,29-03-2024,37.6,91.52,29.63,29.29,1.11,44.37
AHM03,Maninagar,Ahmedabad,30-03-2024,42.29,91.58,31.13,30.17,1.17,38.79
AHM03,Maninagar,Ahmedabad,31-03-2024,41.89,101.42,30.48,34.77,1.18,34.81
AHM03,Maninagar,Ahmedabad,01-04-2024,65.75,174.78,36.65,40.84,1.13,39.27
AHM03,Maninagar,Ahmedabad,02-04-2024,51.09,138.18,30.83,40.23,1.17,28.67
AHM03,Maninagar,Ahmedabad,03-04-2024,54.53,114.08,31.22,68.98,1.11,36.06
AHM03,Maninagar,Ahmedabad,04-04-2024,50.41,110.37,29.45,16.03,1.14,45.2
AHM03,Maninagar,Ahmedabad,05-04-2024,46.82,104.8,27.52,54.94,1.11,39.87
AHM03,Maninagar,Ahmedabad,06-04-2024,39.53,90.33,26.62,45.81,1.15,37.84
AHM03,Maninagar,Ahmedabad,07-04-2024,57.65,113.57,31.33,57.39,1.16,34.57
AHM03,Maninagar,Ahmedabad,08-04-2024,87.77,155.17,39.29,35.94,1.12,51.26
AHM03,Maninagar,Ahmedabad,09-04-2024,95.5,179.92,55.03,42.16,1.13,34.33
AHM03,Maninagar,Ahmedabad,10-04-2024,86.28,166.47,44.45,50.04,0.93,37.01
AHM03,Maninagar,Ahmedabad,11-04-2024,78.45,135.48,36.22,124.24,NaN,79.15
AHM03,Maninagar,Ahmedabad,12-04-2024,43.42,91.57,29.63,54.05,NaN,67.5
AHM03,Maninagar,Ahmedabad,13-04-2024,54.02,98.64,31.52,64.15,1.06,58.61
AHM03,Maninagar,Ahmedabad,14-04-2024,42.82,83.61,27.13,69.38,1.32,53.42
AHM03,Maninagar,Ahmedabad,15-04-2024,30.81,89.64,27.7,31.38,1.33,76.61
AHM03,Maninagar,Ahmedabad,16-04-2024,23.43,67.13,30.68,57.61,1.3,41.79
AHM03,Maninagar,Ahmedabad,17-04-2024,29.84,76.34,38.47,40.25,1.67,37.61
AHM03,Maninagar,Ahmedabad,18-04-2024,24.54,80.2,25.81,35.96,1.41,35.51
AHM03,Maninagar,Ahmedabad,19-04-2024,29.87,90.71,22.39,44.68,1.4,45.39
AHM03,Maninagar,Ahmedabad,20-04-2024,22.89,56.65,25.75,50.44,1.43,42.2
AHM03,Maninagar,Ahmedabad,21-04-2024,36.7,84.61,28.41,71.08,1.68,48.18
AHM03,Maninagar,Ahmedabad,22-04-2024,29.35,86.61,28.44,66.33,1.48,37.31
AHM03,Maninagar,Ahmedabad,23-04-2024,51.44,131.56,35.31,67.62,1.51,32.83
AHM03,Maninagar,Ahmedabad,24-04-2024,48.77,129.85,44.66,34.75,1.8,33.22
AHM03,Maninagar,Ahmedabad,25-04-2024,47.93,119.32,33.34,68.94,1.52,39.78
AHM03,Maninagar,Ahmedabad,26-04-2024,36.32,108.89,31.79,45.1,1.55,30.66
AHM03,Maninagar,Ahmedabad,27-04-2024,36.61,104.03,37.48,74.33,1.5,28.76
AHM03,Maninagar,Ahmedabad,28-04-2024,36.93,112.27,37.66,79.25,1.49,26.39
AHM03,Maninagar,Ahmedabad,29-04-2024,21.26,79.73,27.65,54.04,1.55,28.04
AHM03,Maninagar,Ahmedabad,30-04-2024,28.93,106.27,31.73,52.26,1.65,22.69
AHM03,Maninagar,Ahmedabad,01-05-2024,29.56,112.77,30.41,52.42,1.83,22.43
AHM03,Maninagar,Ahmedabad,02-05-2024,50.41,149.52,39.58,68.85,1.76,24.15
AHM03,Maninagar,Ahmedabad,03-05-2024,45.48,138.21,40.91,46.67,1.8,22.8
AHM03,Maninagar,Ahmedabad,04-05-2024,31.42,95.2,28.87,50.65,1.49,35.32
AHM03,Maninagar,Ahmedabad,05-05-2024,18.1,68.2,22.4,52.96,1.66,45.09
AHM03,Maninagar,Ahmedabad,06-05-2024,34.97,112.86,37.5,50.73,1.67,45.7
AHM03,Maninagar,Ahmedabad,07-05-2024,36.18,111.33,36.02,61.69,1.65,63.89
AHM03,Maninagar,Ahmedabad,08-05-2024,29.13,104.95,36.14,32.22,1.59,68.56
AHM03,Maninagar,Ahmedabad,09-05-2024,31.32,90.9,34.89,50.89,1.7,73.12
AHM03,Maninagar,Ahmedabad,10-05-2024,30.78,91.85,33.72,36.94,1.88,69.4
AHM03,Maninagar,Ahmedabad,11-05-2024,29.3,77.42,37.78,40.8,2.51,65.27
AHM03,Maninagar,Ahmedabad,12-05-2024,32.28,86.02,34.32,48.95,2,73.12
AHM03,Maninagar,Ahmedabad,13-05-2024,32.53,120.83,34,29.9,1.83,83.94
AHM03,Maninagar,Ahmedabad,14-05-2024,34.02,83.83,54.21,44.88,1.86,72.91
AHM03,Maninagar,Ahmedabad,15-05-2024,51.77,128.24,68.95,55.3,1.85,40.33
AHM03,Maninagar,Ahmedabad,16-05-2024,28.34,84.46,36.78,29.73,1.68,43.88
AHM03,Maninagar,Ahmedabad,17-05-2024,24.68,79.97,39.97,35.72,1.76,35.01
AHM03,Maninagar,Ahmedabad,18-05-2024,39.51,108.47,47.46,60.49,1.76,38.9
AHM03,Maninagar,Ahmedabad,19-05-2024,22.14,91.66,34.13,9.56,1.65,23.71
AHM03,Maninagar,Ahmedabad,20-05-2024,21.14,63.45,35.45,23.17,1.61,32.56
AHM03,Maninagar,Ahmedabad,21-05-2024,22.07,82.87,44.37,35.18,1.68,26.52
AHM03,Maninagar,Ahmedabad,22-05-2024,31.06,113.58,42.18,38.4,1.58,49.74
AHM03,Maninagar,Ahmedabad,23-05-2024,29.48,93.44,37.84,38.03,1.55,31.44
AHM03,Maninagar,Ahmedabad,24-05-2024,32.7,105.86,37.57,52.32,1.62,38.88
AHM03,Maninagar,Ahmedabad,25-05-2024,28.84,87.99,33.03,13.61,1.61,45.28
AHM03,Maninagar,Ahmedabad,26-05-2024,33.2,100.12,34.01,40.7,1.7,58.25
AHM03,Maninagar,Ahmedabad,27-05-2024,29.32,108.26,33.05,35.28,1.67,57.19
AHM03,Maninagar,Ahmedabad,28-05-2024,28.15,102.88,33.01,30.98,1.76,53.99
AHM03,Maninagar,Ahmedabad,29-05-2024,29.18,109.8,33.35,49.36,1.76,42.08
AHM03,Maninagar,Ahmedabad,30-05-2024,27.75,105.01,30.33,54.63,1.81,48.74
AHM03,Maninagar,Ahmedabad,31-05-2024,31.11,83.47,30.96,34.24,1.75,41.68
AHM03,Maninagar,Ahmedabad,01-06-2024,22.45,NaN,31.77,59.82,1.86,41.5
AHM03,Maninagar,Ahmedabad,02-06-2024,27.69,NaN,32.73,26.4,1.76,47.52
AHM03,Maninagar,Ahmedabad,03-06-2024,28.25,NaN,31.02,51.96,1.75,52.16
AHM03,Maninagar,Ahmedabad,04-06-2024,28.34,NaN,28.4,35.48,1.79,58.23
AHM03,Maninagar,Ahmedabad,05-06-2024,26.33,112.08,27.58,42.86,1.27,51.92
AHM03,Maninagar,Ahmedabad,06-06-2024,35.18,113.87,30.08,66.47,0.94,55.04
AHM03,Maninagar,Ahmedabad,07-06-2024,33.9,114.89,29.27,80.63,0.82,55.13
AHM03,Maninagar,Ahmedabad,08-06-2024,41.8,137.15,29.87,119.2,0.85,53.45
AHM03,Maninagar,Ahmedabad,09-06-2024,34.14,120.78,26.24,61.49,0.87,47.21
AHM03,Maninagar,Ahmedabad,10-06-2024,41.76,107.67,30.77,113.28,1.01,54.15
AHM03,Maninagar,Ahmedabad,11-06-2024,35.94,102.1,28.08,51.26,1,49.54
AHM03,Maninagar,Ahmedabad,12-06-2024,30.09,109.08,26.08,76.25,1.06,43.27
AHM03,Maninagar,Ahmedabad,13-06-2024,23.97,119.77,24.12,57.85,1,26.26
AHM03,Maninagar,Ahmedabad,14-06-2024,27.49,76.04,32.66,64.37,1.14,62.96
AHM03,Maninagar,Ahmedabad,15-06-2024,NaN,NaN,NaN,NaN,NaN,NaN
AHM03,Maninagar,Ahmedabad,16-06-2024,32.7,112.11,26.66,34.92,0.29,47.46
AHM03,Maninagar,Ahmedabad,17-06-2024,35.31,110.78,24.72,22.38,0.28,33.22
AHM03,Maninagar,Ahmedabad,18-06-2024,27.62,100.85,21.53,22.69,0.19,31.97
AHM03,Maninagar,Ahmedabad,19-06-2024,26.95,91.12,21.15,33.6,0.18,25.5
AHM03,Maninagar,Ahmedabad,20-06-2024,28.11,94.08,18.65,35.23,0.22,15.88
AHM03,Maninagar,Ahmedabad,21-06-2024,42.1,141.61,40.53,NaN,1.58,71.06
AHM03,Maninagar,Ahmedabad,22-06-2024,42.47,139.83,28.49,NaN,0.11,41.02
AHM03,Maninagar,Ahmedabad,23-06-2024,32.24,114.42,26.88,2.14,0.2,59.28
AHM03,Maninagar,Ahmedabad,24-06-2024,46.9,111.67,22.4,14.84,0.16,101.27
AHM03,Maninagar,Ahmedabad,25-06-2024,47.88,91.99,31.1,16.36,0.15,106.49
AHM03,Maninagar,Ahmedabad,26-06-2024,44.7,95.84,32.81,12.37,0.1,81.56
AHM03,Maninagar,Ahmedabad,27-06-2024,19.84,58.85,32.49,12.39,0.11,123.35
AHM03,Maninagar,Ahmedabad,28-06-2024,20.93,53.48,32.4,12.71,0.14,19.56
AHM03,Maninagar,Ahmedabad,29-06-2024,24.34,71.14,33.61,15.92,0.13,5.3
AHM03,Maninagar,Ahmedabad,30-06-2024,25.89,64.58,31.34,15.11,0.15,11.5
AHM03,Maninagar,Ahmedabad,01-07-2024,17.34,45.88,29.38,15.23,0.14,28.87
AHM03,Maninagar,Ahmedabad,02-07-2024,32.76,78.72,25.34,15.01,0.17,31.17
AHM03,Maninagar,Ahmedabad,03-07-2024,30.91,107.68,31.28,11.45,0.19,32.83
AHM03,Maninagar,Ahmedabad,04-07-2024,34.31,108.05,31.45,12.88,0.13,15.7
AHM03,Maninagar,Ahmedabad,05-07-2024,36.68,102.25,24.61,12.89,0.17,17.69
AHM03,Maninagar,Ahmedabad,06-07-2024,39.35,119.63,23.84,17.21,0.13,26.49
AHM03,Maninagar,Ahmedabad,07-07-2024,39.05,130.02,23.24,15.77,0.16,29.95
AHM03,Maninagar,Ahmedabad,08-07-2024,36.57,101.85,25.41,18.58,0.17,14.18
AHM03,Maninagar,Ahmedabad,09-07-2024,38.82,97,25.73,15.08,0.12,32.31
AHM03,Maninagar,Ahmedabad,10-07-2024,26.24,61.98,23.34,12.79,0.16,35.07
AHM03,Maninagar,Ahmedabad,11-07-2024,30.27,68.3,25.2,11.95,0.11,25.12
AHM03,Maninagar,Ahmedabad,12-07-2024,32.2,79.62,22.47,12.9,0.13,35.43
AHM03,Maninagar,Ahmedabad,13-07-2024,28.56,75.34,18.73,17.43,0.16,45.99
AHM03,Maninagar,Ahmedabad,14-07-2024,28.1,86.82,19.65,17.27,0.15,51.03
AHM03,Maninagar,Ahmedabad,15-07-2024,27.32,69.32,21.56,14.97,0.13,28.35
AHM03,Maninagar,Ahmedabad,16-07-2024,35.7,67.02,24.58,13.39,0.15,60.33
AHM03,Maninagar,Ahmedabad,17-07-2024,24.22,62.37,25.08,13.83,0.62,57.47
AHM03,Maninagar,Ahmedabad,18-07-2024,28.97,65.88,19.66,25.8,0.94,73.12
AHM03,Maninagar,Ahmedabad,19-07-2024,22.86,51.85,21.18,24.6,0.98,78.34
AHM03,Maninagar,Ahmedabad,20-07-2024,26.67,53.58,22.68,30.82,0.93,39.82
AHM03,Maninagar,Ahmedabad,21-07-2024,27.43,60.02,20.5,31.73,1.15,29.1
AHM03,Maninagar,Ahmedabad,22-07-2024,25.57,69.64,18.47,31.48,0.97,25.55
AHM03,Maninagar,Ahmedabad,23-07-2024,25.59,66.1,21.44,27.8,0.64,22.5
AHM03,Maninagar,Ahmedabad,24-07-2024,29.15,55.72,21.2,24.74,0.68,22.32
AHM03,Maninagar,Ahmedabad,25-07-2024,41.33,98.67,20.98,25.33,0.9,19.54
AHM03,Maninagar,Ahmedabad,26-07-2024,53.01,120.03,21.86,25.05,1.19,18.9
AHM03,Maninagar,Ahmedabad,27-07-2024,45.24,118.68,23.79,31.33,1.18,19.07
AHM03,Maninagar,Ahmedabad,28-07-2024,56.11,134.35,24.29,30.81,1.1,19.88
AHM03,Maninagar,Ahmedabad,29-07-2024,39.35,96.03,21.5,29.29,1.07,20.41
AHM03,Maninagar,Ahmedabad,30-07-2024,36.01,82.3,21,27.39,0.72,20.98
AHM03,Maninagar,Ahmedabad,31-07-2024,36.48,90.68,19.05,26.03,1.22,20.55
AHM03,Maninagar,Ahmedabad,01-08-2024,37.34,76.4,23.4,24.19,0.99,20.97
AHM03,Maninagar,Ahmedabad,02-08-2024,31.17,79.9,22.25,26.02,1.04,17.32
AHM03,Maninagar,Ahmedabad,03-08-2024,27.75,68.76,23.96,30.57,0.95,18.14
AHM03,Maninagar,Ahmedabad,04-08-2024,32.27,84.22,20.73,29.96,1.08,18.74
AHM03,Maninagar,Ahmedabad,05-08-2024,33.33,82.86,22.15,21.3,1.05,15.16
AHM03,Maninagar,Ahmedabad,06-08-2024,35.9,79.16,19.16,28.86,0.82,12.87
AHM03,Maninagar,Ahmedabad,07-08-2024,34.57,98.69,0.24,29.89,0.89,17.51
AHM03,Maninagar,Ahmedabad,08-08-2024,37.22,99.95,9.63,30.29,0.89,17.93
AHM03,Maninagar,Ahmedabad,09-08-2024,36.55,86.25,15.38,27.29,0.88,22.02
AHM03,Maninagar,Ahmedabad,10-08-2024,36.24,84.05,15.52,28.76,0.63,26.61
AHM03,Maninagar,Ahmedabad,11-08-2024,35.06,79.69,14.73,26.73,0.64,25.78
AHM03,Maninagar,Ahmedabad,12-08-2024,41.12,97.86,14.86,29.33,0.65,24.65
AHM03,Maninagar,Ahmedabad,13-08-2024,24.14,104.29,14.97,7.69,0.9,35.74
AHM03,Maninagar,Ahmedabad,14-08-2024,35.2,79.64,14.79,29.92,0.46,36.55
AHM03,Maninagar,Ahmedabad,15-08-2024,29.12,77.78,14.64,26.45,0.4,36.3
AHM03,Maninagar,Ahmedabad,16-08-2024,31.1,84.18,14.32,32.87,0.46,32.85
AHM03,Maninagar,Ahmedabad,17-08-2024,39.1,90.33,14.89,27.94,0.29,18.49
AHM03,Maninagar,Ahmedabad,18-08-2024,29.45,79.03,14.69,23.37,0.33,16.95
AHM03,Maninagar,Ahmedabad,19-08-2024,27.25,87.86,15.09,25.76,0.35,11.37
AHM03,Maninagar,Ahmedabad,20-08-2024,30.01,86.28,14.86,27.25,0.42,11.88
AHM03,Maninagar,Ahmedabad,21-08-2024,48.8,96.49,14.9,27.52,0.45,22.96
AHM03,Maninagar,Ahmedabad,22-08-2024,44.74,95.47,14.72,25.72,0.5,17.94
AHM03,Maninagar,Ahmedabad,23-08-2024,36.14,95.73,14.49,31.61,0.4,17.69
AHM03,Maninagar,Ahmedabad,24-08-2024,29.97,72.27,14.76,25.76,0.3,9.57
AHM03,Maninagar,Ahmedabad,25-08-2024,12.97,45.87,14.96,28.1,0.27,10.55
AHM03,Maninagar,Ahmedabad,26-08-2024,6.9,25.27,14.56,26.34,0.3,12.9
AHM03,Maninagar,Ahmedabad,27-08-2024,7.7,22.89,14.58,30.41,0.37,18.41
AHM03,Maninagar,Ahmedabad,28-08-2024,13.42,31.59,14.97,10.51,0.8,22.29
AHM03,Maninagar,Ahmedabad,29-08-2024,16.87,55.08,14.79,30.22,0.35,24.8
AHM03,Maninagar,Ahmedabad,30-08-2024,15.62,58.92,14.54,29.73,0.28,26.54
AHM03,Maninagar,Ahmedabad,31-08-2024,40.56,90.13,14.92,25.4,0.33,30.8
AHM03,Maninagar,Ahmedabad,01-09-2024,43.2,106.92,14.61,30.07,0.48,28.17
AHM03,Maninagar,Ahmedabad,02-09-2024,24.43,62.71,14.5,24.93,0.46,23.56
AHM03,Maninagar,Ahmedabad,03-09-2024,17.23,41.38,14.69,31.34,0.49,33.04
AHM03,Maninagar,Ahmedabad,04-09-2024,23.88,61.39,14.71,31.63,0.39,37.61
AHM03,Maninagar,Ahmedabad,05-09-2024,35.02,88.64,14.65,30.99,0.3,22.81
AHM03,Maninagar,Ahmedabad,06-09-2024,30.82,84.75,15.02,32.62,0.34,25.26
AHM03,Maninagar,Ahmedabad,07-09-2024,42.8,112.03,14.71,26.75,0.36,22.75
AHM03,Maninagar,Ahmedabad,08-09-2024,9.47,108.48,14.82,23.68,0.38,14.8
AHM03,Maninagar,Ahmedabad,09-09-2024,33.11,83.31,14.78,27.32,0.38,30.59
AHM03,Maninagar,Ahmedabad,10-09-2024,29.09,72.74,14.99,29.69,0.42,28.69
AHM03,Maninagar,Ahmedabad,11-09-2024,36.46,98.52,14.99,30.94,0.46,26
AHM03,Maninagar,Ahmedabad,12-09-2024,43.17,121.78,14.82,30.22,0.29,34.42
AHM03,Maninagar,Ahmedabad,13-09-2024,13.9,91.83,14.66,28.54,0.25,29.01
AHM03,Maninagar,Ahmedabad,14-09-2024,8.7,73.88,14.88,33.61,0.29,34.85
AHM03,Maninagar,Ahmedabad,15-09-2024,30.08,84.41,14.52,29.44,0.35,39.46
AHM03,Maninagar,Ahmedabad,16-09-2024,27.14,75.56,15.34,27.57,0.43,41.54
AHM03,Maninagar,Ahmedabad,17-09-2024,20.18,60.67,14.93,28.3,0.49,47.8
AHM03,Maninagar,Ahmedabad,18-09-2024,19.59,64.08,14.76,29.74,0.46,53.97
AHM03,Maninagar,Ahmedabad,19-09-2024,24.57,76.14,14.29,30.25,0.44,43.96
AHM03,Maninagar,Ahmedabad,20-09-2024,36.23,84.71,14.73,26.96,0.32,17.53
AHM03,Maninagar,Ahmedabad,21-09-2024,24.6,79.4,14.64,29.68,0.28,35.27
AHM03,Maninagar,Ahmedabad,22-09-2024,15.96,77.29,14.64,32.54,0.26,36.44
AHM03,Maninagar,Ahmedabad,23-09-2024,5.26,67.32,15.12,23.06,0.59,21.96
AHM03,Maninagar,Ahmedabad,24-09-2024,27.01,67.37,15.03,25.3,0.63,30.15
AHM03,Maninagar,Ahmedabad,25-09-2024,25.9,61.84,14.68,26.34,0.56,42.45
AHM03,Maninagar,Ahmedabad,26-09-2024,25.61,54.49,15.07,32.86,0.48,36.65
AHM03,Maninagar,Ahmedabad,27-09-2024,21.4,46.68,15.91,27.85,0.43,29.89
AHM03,Maninagar,Ahmedabad,28-09-2024,24.03,45.04,15.32,27.23,0.45,35.26
AHM03,Maninagar,Ahmedabad,29-09-2024,28.61,54.85,15.35,24.76,0.47,29.18
AHM03,Maninagar,Ahmedabad,30-09-2024,34.65,65.05,15.25,34.95,0.51,29.52
AHM03,Maninagar,Ahmedabad,01-10-2024,33.69,NaN,15.11,30.66,0.6,32.2
AHM03,Maninagar,Ahmedabad,02-10-2024,28.8,NaN,14.75,26.05,0.59,32.31
AHM03,Maninagar,Ahmedabad,03-10-2024,34.67,NaN,14.89,26.69,0.31,33.82
AHM03,Maninagar,Ahmedabad,04-10-2024,27.75,89.48,15.25,25.25,0.38,33.11
AHM03,Maninagar,Ahmedabad,05-10-2024,34.79,91.83,14.94,30.51,0.51,29.26
AHM03,Maninagar,Ahmedabad,06-10-2024,56.97,175.16,14.56,28.57,0.57,41.62
AHM03,Maninagar,Ahmedabad,07-10-2024,59.9,133.81,14.91,28.12,0.62,42.01
AHM03,Maninagar,Ahmedabad,08-10-2024,59.63,148.88,14.87,27.89,0.58,52.12
AHM03,Maninagar,Ahmedabad,09-10-2024,42.46,104.09,14.87,30,0.49,72.88
AHM03,Maninagar,Ahmedabad,10-10-2024,54.11,110.56,14.69,26.8,0.34,42.77
AHM03,Maninagar,Ahmedabad,11-10-2024,41.07,86.64,14.83,27.25,0.43,42.53
AHM03,Maninagar,Ahmedabad,12-10-2024,39.13,71.86,15.02,28.95,0.52,31.33
AHM03,Maninagar,Ahmedabad,13-10-2024,32.98,61.83,14.88,29.76,0.59,33.11
AHM03,Maninagar,Ahmedabad,14-10-2024,27.11,52.02,14.46,31.71,0.55,41.78
AHM03,Maninagar,Ahmedabad,15-10-2024,31.85,64.43,14.62,27.29,0.51,43.9
AHM03,Maninagar,Ahmedabad,16-10-2024,42.32,100.24,17.03,25.47,0.62,58.61
AHM03,Maninagar,Ahmedabad,17-10-2024,59.97,140.22,19.99,13.32,0.8,69.94
AHM03,Maninagar,Ahmedabad,18-10-2024,61.88,124.75,20.09,4.67,0.78,75.53
AHM03,Maninagar,Ahmedabad,19-10-2024,55.14,105.45,20.07,6.89,0.47,46.87
AHM03,Maninagar,Ahmedabad,20-10-2024,NaN,NaN,NaN,NaN,NaN,NaN
AHM03,Maninagar,Ahmedabad,21-10-2024,53.74,109.47,24.02,8.71,1.55,81.85
AHM03,Maninagar,Ahmedabad,22-10-2024,36.67,78.19,24.18,26.82,1.35,98.76
AHM03,Maninagar,Ahmedabad,23-10-2024,50.72,97.92,24.28,31.55,0.58,NaN
AHM03,Maninagar,Ahmedabad,24-10-2024,59.91,133.83,24.13,29.72,0.77,NaN
AHM03,Maninagar,Ahmedabad,25-10-2024,75.53,165.7,24.15,29.4,0.8,NaN
AHM03,Maninagar,Ahmedabad,26-10-2024,84.74,182.86,24.22,28.68,1.31,NaN
AHM03,Maninagar,Ahmedabad,27-10-2024,47.03,112.12,24.11,26.22,1.12,NaN
AHM03,Maninagar,Ahmedabad,28-10-2024,53.9,129.19,24.23,26.85,1.3,NaN
AHM03,Maninagar,Ahmedabad,29-10-2024,63.61,148.4,24.2,27.76,1.21,78.23
AHM03,Maninagar,Ahmedabad,30-10-2024,66.42,129.92,24.21,31.37,0.46,41.69
AHM03,Maninagar,Ahmedabad,31-10-2024,96.91,166.94,47.52,44.2,1.05,36.82
AHM03,Maninagar,Ahmedabad,01-11-2024,137.79,218.08,56.41,45.35,1.51,33.74
AHM03,Maninagar,Ahmedabad,02-11-2024,150.06,257.3,73.31,51.86,1.69,28.93
AHM03,Maninagar,Ahmedabad,03-11-2024,82.15,159.81,70.79,47.27,1.54,29.63
AHM03,Maninagar,Ahmedabad,04-11-2024,43.06,110.61,28.43,30.2,1.65,35.51
AHM03,Maninagar,Ahmedabad,05-11-2024,41.67,97.55,28.52,30.77,0.72,40.93
AHM03,Maninagar,Ahmedabad,06-11-2024,45.29,118.3,24.15,29.7,0.62,36.2
AHM03,Maninagar,Ahmedabad,07-11-2024,54.95,135.46,21.51,34.42,0.84,52.38
AHM03,Maninagar,Ahmedabad,08-11-2024,46.23,127.2,19.35,34.48,1.37,37.97
AHM03,Maninagar,Ahmedabad,09-11-2024,32.62,91.93,19.37,33.52,1.52,27.55
AHM03,Maninagar,Ahmedabad,10-11-2024,37.04,98.11,19.43,31.6,1.24,26.98
AHM03,Maninagar,Ahmedabad,11-11-2024,37.81,107.16,19.31,32.81,1.21,31.31
AHM03,Maninagar,Ahmedabad,12-11-2024,46.03,127.52,19.34,37.73,0.99,28.13
AHM03,Maninagar,Ahmedabad,13-11-2024,54.42,127.29,19.3,35.74,0.57,28.55
AHM03,Maninagar,Ahmedabad,14-11-2024,51.27,118.95,19.34,36.12,0.67,44.78
AHM03,Maninagar,Ahmedabad,15-11-2024,74.85,185.42,19.32,34,1.26,44.73
AHM03,Maninagar,Ahmedabad,16-11-2024,66.59,197.53,19.33,35.75,1.18,33.08
AHM03,Maninagar,Ahmedabad,17-11-2024,47.52,110.04,19.35,36.88,1.1,34.62
AHM03,Maninagar,Ahmedabad,18-11-2024,44.23,103.87,19.37,39.18,0.71,37.47
AHM03,Maninagar,Ahmedabad,19-11-2024,52.36,109.03,19.27,35.71,0.85,36.42
AHM03,Maninagar,Ahmedabad,20-11-2024,57.22,101.85,19.38,34.89,0.67,38.51
AHM03,Maninagar,Ahmedabad,21-11-2024,71.43,106.2,19.3,33.28,0.62,34.56
AHM03,Maninagar,Ahmedabad,22-11-2024,NaN,96.28,19.32,34.26,0.68,39.02
AHM03,Maninagar,Ahmedabad,23-11-2024,NaN,131.67,19.35,36.8,0.86,36.36
AHM03,Maninagar,Ahmedabad,24-11-2024,NaN,141,19.49,35.73,0.77,39.37
AHM03,Maninagar,Ahmedabad,25-11-2024,54.02,145.59,19.37,33.25,0.34,30.3
AHM03,Maninagar,Ahmedabad,26-11-2024,45.4,119.12,19.45,33.32,1.8,30.32
AHM03,Maninagar,Ahmedabad,27-11-2024,56.91,149.44,21.66,28.71,1.17,22.06
AHM03,Maninagar,Ahmedabad,28-11-2024,53.13,127.85,24.19,28.84,0.5,26.8
AHM03,Maninagar,Ahmedabad,29-11-2024,35.53,79.73,24.26,31.98,0.64,35.58
AHM03,Maninagar,Ahmedabad,30-11-2024,52.15,114.19,24.2,28.2,0.62,37.47
AHM03,Maninagar,Ahmedabad,01-12-2024,64.01,135.95,24.26,29.36,0.55,41.7
AHM03,Maninagar,Ahmedabad,02-12-2024,65.1,131.8,24.33,31.17,0.68,42.12
AHM03,Maninagar,Ahmedabad,03-12-2024,72.15,159.66,24.21,27.69,0.7,43.48
AHM03,Maninagar,Ahmedabad,04-12-2024,47.85,113.92,24.29,26.61,0.67,42.74
AHM03,Maninagar,Ahmedabad,05-12-2024,42.6,108.34,24.24,28.73,0.78,36.73
AHM03,Maninagar,Ahmedabad,06-12-2024,42.27,109.88,24.13,28.59,0.68,29.18
AHM03,Maninagar,Ahmedabad,07-12-2024,50.88,127.22,24.22,30.74,0.66,20.54
AHM03,Maninagar,Ahmedabad,08-12-2024,44.81,115.89,24.23,29.68,0.41,16.75
AHM03,Maninagar,Ahmedabad,09-12-2024,34.86,159.92,24.23,29.03,0.46,12.86
AHM03,Maninagar,Ahmedabad,10-12-2024,44.44,125.9,24.2,27.67,0.59,26.51
AHM03,Maninagar,Ahmedabad,11-12-2024,41.54,106.46,24.15,25.89,0.63,28.61
AHM03,Maninagar,Ahmedabad,12-12-2024,55.84,127.69,24.24,29.56,0.66,29.28
AHM03,Maninagar,Ahmedabad,13-12-2024,45.3,110.03,24.24,26.66,0.33,28.13
AHM03,Maninagar,Ahmedabad,14-12-2024,36.22,93.17,24.25,28.87,0.23,22.53
AHM03,Maninagar,Ahmedabad,15-12-2024,49.03,110.1,24.21,25.22,0.25,25.97
AHM03,Maninagar,Ahmedabad,16-12-2024,49.53,126.39,24.32,14.78,0.33,25.29
AHM03,Maninagar,Ahmedabad,17-12-2024,62.63,148.71,24.22,14.4,0.24,24.47
AHM03,Maninagar,Ahmedabad,18-12-2024,71.84,164.98,24.26,8.66,0.33,33.64
AHM03,Maninagar,Ahmedabad,19-12-2024,113.11,261.15,24.12,26.91,0.25,33.64
AHM03,Maninagar,Ahmedabad,20-12-2024,85,166.44,24.2,24.13,0.22,33.85
AHM03,Maninagar,Ahmedabad,21-12-2024,101.82,196.68,24.29,25.71,0.24,42.74
AHM03,Maninagar,Ahmedabad,22-12-2024,86,141.12,24.26,20.69,0.25,42.83
AHM03,Maninagar,Ahmedabad,23-12-2024,63.52,NaN,24.27,14.1,0.22,34.47
AHM03,Maninagar,Ahmedabad,24-12-2024,67.49,NaN,24.21,14.6,0.21,27.42
AHM03,Maninagar,Ahmedabad,25-12-2024,76.37,NaN,24.28,5.67,0.22,42.45
AHM03,Maninagar,Ahmedabad,26-12-2024,83.3,109.47,24.18,17.86,0.24,40.04
AHM03,Maninagar,Ahmedabad,27-12-2024,85.79,NaN,24.15,16.63,0.23,31.74
AHM03,Maninagar,Ahmedabad,28-12-2024,70.23,NaN,24.35,20.15,0.21,26.15
AHM03,Maninagar,Ahmedabad,29-12-2024,42.85,NaN,24.44,8.02,0.21,24
AHM03,Maninagar,Ahmedabad,30-12-2024,35.52,NaN,24.25,4.17,0.25,24.74
AHM03,Maninagar,Ahmedabad,31-12-2024,42.73,NaN,24.26,8.74,0.2,19.53
AHM03,Maninagar,Ahmedabad,01-01-2025,39.84,NaN,24.18,4.35,0.24,29.68
AHM03,Maninagar,Ahmedabad,02-01-2025,42.99,NaN,24.26,10.6,0.31,23.29
AHM03,Maninagar,Ahmedabad,03-01-2025,51.85,NaN,24.22,14.46,0.3,18.83
AHM03,Maninagar,Ahmedabad,04-01-2025,48.96,NaN,24.17,12.42,0.27,20.09
AHM03,Maninagar,Ahmedabad,05-01-2025,48.57,116.36,24.19,18.33,0.23,27.33
AHM03,Maninagar,Ahmedabad,06-01-2025,39.15,95.07,24.23,6.77,0.21,20.25
AHM03,Maninagar,Ahmedabad,07-01-2025,33.89,112.14,24.27,12.1,0.24,17.8
AHM03,Maninagar,Ahmedabad,08-01-2025,34.05,123.12,24.14,9.16,0.37,12.19
AHM03,Maninagar,Ahmedabad,09-01-2025,38.1,126.19,24.11,28.45,0.44,20.16
AHM03,Maninagar,Ahmedabad,10-01-2025,38.77,133.88,24.24,28.69,0.49,21.91
AHM03,Maninagar,Ahmedabad,11-01-2025,70.68,221.15,24.3,28.85,0.4,26.68
AHM03,Maninagar,Ahmedabad,12-01-2025,37.84,115.1,24.16,28.41,0.44,19.43
AHM03,Maninagar,Ahmedabad,13-01-2025,30.6,97.29,24.11,29.51,0.42,20.84
AHM03,Maninagar,Ahmedabad,14-01-2025,34.04,94.7,24.21,29.5,0.42,25.66
AHM03,Maninagar,Ahmedabad,15-01-2025,37.61,101.74,24.13,29.22,0.4,32.86
AHM03,Maninagar,Ahmedabad,16-01-2025,42.58,116.01,24.18,32.13,0.42,17.25
AHM03,Maninagar,Ahmedabad,17-01-2025,39.52,125.68,24.15,30.28,0.42,36.59
AHM03,Maninagar,Ahmedabad,18-01-2025,44.51,130.12,24.16,28.27,0.46,31.35
AHM03,Maninagar,Ahmedabad,19-01-2025,55.06,160.69,24.2,27.57,0.39,30.57
AHM03,Maninagar,Ahmedabad,20-01-2025,57,234.02,23.67,18.92,0.72,68.85
AHM03,Maninagar,Ahmedabad,21-01-2025,50,169.63,24.2,26.31,0.57,31.31
AHM03,Maninagar,Ahmedabad,22-01-2025,46.17,145.85,24.24,27.5,0.55,21.53
AHM03,Maninagar,Ahmedabad,23-01-2025,29.9,98.85,24.22,30.32,0.57,21.13
AHM03,Maninagar,Ahmedabad,24-01-2025,23.32,99.65,24.16,29,0.56,16.98
AHM03,Maninagar,Ahmedabad,25-01-2025,22.89,89.48,24.21,29.92,0.58,18.42
AHM03,Maninagar,Ahmedabad,26-01-2025,31.63,113.23,24.12,27.06,0.54,24.62
AHM03,Maninagar,Ahmedabad,27-01-2025,31.74,120.9,24.21,28.7,0.59,16.38
AHM03,Maninagar,Ahmedabad,28-01-2025,42.82,188.75,23.86,25.2,0.68,42.19
AHM03,Maninagar,Ahmedabad,29-01-2025,59.38,190.4,24.27,28.35,0.61,24.55
AHM03,Maninagar,Ahmedabad,30-01-2025,30.36,116.54,24.29,31.51,0.54,24.74
AHM03,Maninagar,Ahmedabad,31-01-2025,48.92,167.61,24.31,28.44,0.57,19.01
AHM03,Maninagar,Ahmedabad,01-02-2025,19.82,100.87,24.23,28.33,0.55,16.14
AHM03,Maninagar,Ahmedabad,02-02-2025,32.7,136.35,24.28,28.83,0.55,14.95
AHM03,Maninagar,Ahmedabad,03-02-2025,40.87,153.92,24.26,27.23,0.53,20.66
AHM03,Maninagar,Ahmedabad,04-02-2025,34.13,118.33,24.3,31.34,0.53,23.29
AHM03,Maninagar,Ahmedabad,05-02-2025,NaN,102.22,23.95,5.65,0.59,13.12
AHM03,Maninagar,Ahmedabad,06-02-2025,NaN,104.41,24.23,24.98,0.47,16.55
AHM03,Maninagar,Ahmedabad,07-02-2025,16.72,63.26,24.19,28.17,0.51,19.46
AHM03,Maninagar,Ahmedabad,08-02-2025,NaN,NaN,24.2,27.69,0.59,19.67
AHM03,Maninagar,Ahmedabad,09-02-2025,NaN,NaN,24.23,27.13,0.54,18.25
AHM03,Maninagar,Ahmedabad,10-02-2025,NaN,NaN,24.2,33.12,0.65,14.56
AHM03,Maninagar,Ahmedabad,11-02-2025,38.96,NaN,24.22,31.61,0.57,24.71
AHM03,Maninagar,Ahmedabad,12-02-2025,35.15,110.45,24.24,30.89,0.56,24.75
AHM03,Maninagar,Ahmedabad,13-02-2025,27.77,127.36,24.2,26.3,0.56,12.42
AHM03,Maninagar,Ahmedabad,14-02-2025,49.44,213.06,24.16,26.7,0.58,15.78
AHM03,Maninagar,Ahmedabad,15-02-2025,54.64,207.74,24.29,21.93,0.48,16.97
AHM03,Maninagar,Ahmedabad,16-02-2025,36.6,151.9,24.27,26.29,0.52,20.86
AHM03,Maninagar,Ahmedabad,17-02-2025,28.21,107.16,24.27,33.74,0.68,26.45
AHM03,Maninagar,Ahmedabad,18-02-2025,31.51,126.69,24.16,35.03,0.57,16.61
AHM03,Maninagar,Ahmedabad,19-02-2025,29.57,133.87,23.99,32.6,0.57,18.31
AHM03,Maninagar,Ahmedabad,20-02-2025,25.41,112.45,24.18,23.67,0.53,16.9
AHM03,Maninagar,Ahmedabad,21-02-2025,37.43,149.69,24.2,25.78,0.5,16.45
AHM03,Maninagar,Ahmedabad,22-02-2025,33.23,163.51,24.16,22.45,0.5,14.32
AHM03,Maninagar,Ahmedabad,23-02-2025,39.6,175.74,24.14,33.02,0.56,14.24
AHM03,Maninagar,Ahmedabad,24-02-2025,32.6,135.76,24.09,33.51,0.56,13.36
AHM03,Maninagar,Ahmedabad,25-02-2025,23.55,132.16,24.21,33.59,0.45,14.48
AHM03,Maninagar,Ahmedabad,26-02-2025,33.78,146.8,24.03,31.44,0.75,20.05
AHM03,Maninagar,Ahmedabad,27-02-2025,40.68,163.02,24.14,23.91,0.52,22.04
AHM03,Maninagar,Ahmedabad,28-02-2025,35.81,139.73,24.18,21.88,0.49,18.68
AHM03,Maninagar,Ahmedabad,01-03-2025,25.36,105.43,24.3,23.22,0.47,18.9
AHM03,Maninagar,Ahmedabad,02-03-2025,25.01,123.82,24.16,34.3,0.54,22.11
AHM03,Maninagar,Ahmedabad,03-03-2025,27.36,103.86,24.25,35.28,0.61,18.69
AHM03,Maninagar,Ahmedabad,04-03-2025,21.73,124.17,24.32,34.1,0.56,16.16
AHM03,Maninagar,Ahmedabad,05-03-2025,19.44,128.59,24.21,30.56,0.57,7.77
AHM03,Maninagar,Ahmedabad,06-03-2025,29.96,127.15,24.17,25.91,0.5,10.26
AHM03,Maninagar,Ahmedabad,07-03-2025,39,174.19,24.14,23.2,0.58,13.46
AHM03,Maninagar,Ahmedabad,08-03-2025,58.12,234.63,24.15,22.94,0.43,5.2
AHM03,Maninagar,Ahmedabad,09-03-2025,55.42,205.37,24.18,32.94,0.58,23.6
AHM03,Maninagar,Ahmedabad,10-03-2025,41.14,157.04,24.19,35.03,0.62,13.9
AHM03,Maninagar,Ahmedabad,11-03-2025,37.46,146.44,24.28,34.73,0.63,21.26
AHM03,Maninagar,Ahmedabad,12-03-2025,58.56,192.1,24.17,32.04,0.57,20.75
AHM03,Maninagar,Ahmedabad,13-03-2025,32.27,130.91,24.06,21.77,0.56,16.05
AHM03,Maninagar,Ahmedabad,14-03-2025,20.39,78.76,24.1,25.53,0.42,23.63
AHM03,Maninagar,Ahmedabad,15-03-2025,18.11,79.35,24.15,25.49,0.47,19.56
AHM03,Maninagar,Ahmedabad,16-03-2025,18.33,80.98,24.17,32.49,0.54,18.21
AHM03,Maninagar,Ahmedabad,17-03-2025,18.17,82.19,24.23,34.38,0.63,13.87
AHM03,Maninagar,Ahmedabad,18-03-2025,22.39,105.46,24.17,34.14,0.59,15.07
AHM03,Maninagar,Ahmedabad,19-03-2025,30.06,113.12,24.08,23.08,0.56,14.76
AHM03,Maninagar,Ahmedabad,20-03-2025,19.07,68.9,24.19,22.61,0.4,16.14
AHM03,Maninagar,Ahmedabad,21-03-2025,25.01,83.62,24.06,24.27,0.39,29.62
AHM03,Maninagar,Ahmedabad,22-03-2025,43.05,165.82,24.14,26.95,0.56,22.61
AHM03,Maninagar,Ahmedabad,23-03-2025,48.08,374.71,24.11,29.72,0.45,20.14
AHM03,Maninagar,Ahmedabad,24-03-2025,65.01,263.34,25.64,27.23,1.2,4
AHM03,Maninagar,Ahmedabad,25-03-2025,48.48,196.25,24.13,30.73,0.63,24.29
AHM03,Maninagar,Ahmedabad,26-03-2025,33.12,124.92,24.16,26.02,0.54,34.76
AHM03,Maninagar,Ahmedabad,27-03-2025,19.45,88.6,24.18,25.44,0.46,33.14
AHM03,Maninagar,Ahmedabad,28-03-2025,19.17,104.25,24.19,26.01,0.4,14.64
AHM03,Maninagar,Ahmedabad,29-03-2025,22.08,117.04,24.1,33.92,0.49,9.59
AHM03,Maninagar,Ahmedabad,30-03-2025,24.73,117.06,24.17,31.96,0.58,12.74
AHM03,Maninagar,Ahmedabad,31-03-2025,22.21,104.13,24.17,28.76,0.59,14.23
AHM03,Maninagar,Ahmedabad,01-04-2025,1.96,98.46,24.2,28.44,0.57,13.56
AHM03,Maninagar,Ahmedabad,02-04-2025,0.91,138.46,24.22,25.29,0.66,16.51
AHM03,Maninagar,Ahmedabad,03-04-2025,14.6,275.3,24.21,25.56,0.47,53.19
AHM03,Maninagar,Ahmedabad,04-04-2025,42.88,164.92,24.18,23.79,0.57,28.59
AHM03,Maninagar,Ahmedabad,05-04-2025,50.2,204.51,24.19,30.46,0.63,27.46
AHM03,Maninagar,Ahmedabad,06-04-2025,30.46,155,24.27,28.75,0.58,22.75
AHM03,Maninagar,Ahmedabad,07-04-2025,30.83,154.37,24.22,34.57,0.59,21.92
AHM03,Maninagar,Ahmedabad,08-04-2025,26.49,126.82,24.23,34.48,0.55,21.59
AHM03,Maninagar,Ahmedabad,09-04-2025,20.01,92.27,24.32,30.99,0.57,24.49
AHM03,Maninagar,Ahmedabad,10-04-2025,20.21,111.53,24.28,29.64,0.67,35.48
AHM03,Maninagar,Ahmedabad,11-04-2025,NaN,97.21,24.26,28.69,0.51,27.4
AHM03,Maninagar,Ahmedabad,12-04-2025,20.57,91.45,24.3,32.96,0.52,19.04
AHM03,Maninagar,Ahmedabad,13-04-2025,24.06,118.57,24.23,30.25,0.57,24.31
AHM03,Maninagar,Ahmedabad,14-04-2025,20.13,103.18,24.33,29.45,0.55,40.38
AHM03,Maninagar,Ahmedabad,15-04-2025,20.35,103.05,24.22,33.21,0.4,38.46
AHM03,Maninagar,Ahmedabad,16-04-2025,32.46,140.36,23.6,13.99,0.56,77.17
AHM03,Maninagar,Ahmedabad,17-04-2025,29,128.52,24.37,28.97,0.47,24.38
AHM03,Maninagar,Ahmedabad,18-04-2025,36.6,119.47,24.12,26.71,0.53,27.61
AHM03,Maninagar,Ahmedabad,19-04-2025,30.16,155.04,24.25,37.95,0.87,33.96
AHM03,Maninagar,Ahmedabad,20-04-2025,33.22,168.61,24.28,15.13,1.23,33.63
AHM03,Maninagar,Ahmedabad,21-04-2025,32.76,155.76,24.22,16.55,0.83,27.02
AHM03,Maninagar,Ahmedabad,22-04-2025,27.96,128.7,24.24,14.85,0.49,29.29
AHM03,Maninagar,Ahmedabad,23-04-2025,40.62,145.91,24.28,19.13,0.56,27.66
AHM03,Maninagar,Ahmedabad,24-04-2025,52.94,177.93,24.28,22.37,0.5,27.39
AHM03,Maninagar,Ahmedabad,25-04-2025,39.1,112.94,24.29,30.85,0.68,37.82
AHM03,Maninagar,Ahmedabad,26-04-2025,43.2,131.47,24.26,35.74,0.56,36.96
AHM03,Maninagar,Ahmedabad,27-04-2025,55.02,156.81,24.41,30.5,0.58,41.2
AHM03,Maninagar,Ahmedabad,28-04-2025,59.56,164.24,24.34,35.6,0.59,32.03
AHM03,Maninagar,Ahmedabad,29-04-2025,51.69,131.53,24.29,36.09,0.53,25.75
AHM03,Maninagar,Ahmedabad,30-04-2025,39.13,127.66,24.23,37.11,0.62,27.09
AHM03,Maninagar,Ahmedabad,01-05-2025,42.37,122.78,24.29,38.15,0.61,28.73
AHM03,Maninagar,Ahmedabad,02-05-2025,47,112.94,24.27,30.85,0.66,29.29
AHM03,Maninagar,Ahmedabad,03-05-2025,39.21,118.06,24.18,34.21,0.57,27.72
AHM03,Maninagar,Ahmedabad,04-05-2025,28.97,87.82,24.31,24.73,0.58,23.9
AHM03,Maninagar,Ahmedabad,05-05-2025,39.4,110.59,24.2,26.6,0.66,27.42
AHM03,Maninagar,Ahmedabad,06-05-2025,24.14,51.87,24.18,35.41,0.52,46.93
AHM03,Maninagar,Ahmedabad,07-05-2025,18.57,39.82,24.22,28.09,0.63,32.31
AHM03,Maninagar,Ahmedabad,08-05-2025,33.25,65.55,24.24,27.66,0.54,42.53
AHM03,Maninagar,Ahmedabad,09-05-2025,35.96,71.21,24.33,32.29,0.55,64.09
AHM03,Maninagar,Ahmedabad,10-05-2025,42.02,85.67,24.18,29.9,0.53,64.09
AHM03,Maninagar,Ahmedabad,11-05-2025,48.84,110.42,24.2,25.28,0.54,38.84
AHM03,Maninagar,Ahmedabad,12-05-2025,38.48,91.04,24.18,26.87,0.58,45.42
AHM03,Maninagar,Ahmedabad,13-05-2025,36.58,101.84,24.83,31.42,0.49,42.01
AHM03,Maninagar,Ahmedabad,14-05-2025,35.33,106.64,25.34,31.37,0.57,29.76
AHM03,Maninagar,Ahmedabad,15-05-2025,34.06,90.45,37.35,28.88,0.68,30.43
AHM03,Maninagar,Ahmedabad,16-05-2025,34.06,82.41,44.21,28.12,0.6,19.77
AHM03,Maninagar,Ahmedabad,17-05-2025,25.88,66.56,38.05,36.54,0.6,13.02
AHM03,Maninagar,Ahmedabad,18-05-2025,26.68,72.68,20.5,22.86,0.6,13.88
AHM03,Maninagar,Ahmedabad,19-05-2025,34.46,92.34,23.07,25.91,0.74,32.21
AHM03,Maninagar,Ahmedabad,20-05-2025,30.17,81.09,28.24,38.31,0.49,36.44
AHM03,Maninagar,Ahmedabad,21-05-2025,37.2,85.39,24.41,43.25,0.61,50.91
AHM03,Maninagar,Ahmedabad,22-05-2025,38.68,88.18,19.37,42.14,0.63,43.19
AHM03,Maninagar,Ahmedabad,23-05-2025,48.99,117.21,31.39,40.21,0.5,45.48
AHM03,Maninagar,Ahmedabad,24-05-2025,32.04,86.82,32.7,46.35,0.43,49.05
AHM03,Maninagar,Ahmedabad,25-05-2025,37.12,112.45,36.38,43.22,0.55,35.09
AHM03,Maninagar,Ahmedabad,26-05-2025,34.2,109.4,35.43,40.79,0.65,31.46
AHM03,Maninagar,Ahmedabad,27-05-2025,41.91,106.33,37.35,38.95,1.03,12.71
AHM03,Maninagar,Ahmedabad,28-05-2025,30.56,97.01,30.33,35.61,0.75,15.9
AHM03,Maninagar,Ahmedabad,29-05-2025,25.09,67.24,25.9,44.01,0.76,27.3
AHM03,Maninagar,Ahmedabad,30-05-2025,35.46,99,32.59,39.03,1.02,10.54
AHM03,Maninagar,Ahmedabad,31-05-2025,36.94,100.49,30.01,43.97,1.47,10.38
AHM03,Maninagar,Ahmedabad,01-06-2025,32.1,88.73,20.72,47.51,0.56,10.2
AHM03,Maninagar,Ahmedabad,02-06-2025,34.41,107.06,27.82,45.3,0.87,12.18
AHM03,Maninagar,Ahmedabad,03-06-2025,26.35,85.4,36.64,39.67,0.93,16.04
AHM03,Maninagar,Ahmedabad,04-06-2025,32.38,96.69,21.68,47.69,0.53,30.12
AHM03,Maninagar,Ahmedabad,05-06-2025,38.95,115.86,31.52,49.51,0.72,21.55
AHM03,Maninagar,Ahmedabad,06-06-2025,38.19,103.94,33.65,40.9,0.71,22.52
AHM03,Maninagar,Ahmedabad,07-06-2025,33.22,98.17,30.03,39.33,0.84,30.88
AHM03,Maninagar,Ahmedabad,08-06-2025,31.63,92.95,32.14,45.16,0.85,24.65
AHM03,Maninagar,Ahmedabad,09-06-2025,28.9,88.07,30.62,44.43,0.76,22.55
AHM03,Maninagar,Ahmedabad,10-06-2025,25.72,80,27.03,39.84,0.85,17.82
AHM03,Maninagar,Ahmedabad,11-06-2025,17.08,53.83,33.88,41.72,0.72,20.66
AHM03,Maninagar,Ahmedabad,12-06-2025,21.22,75.66,32.88,40.79,0.51,29.89
AHM03,Maninagar,Ahmedabad,13-06-2025,42.56,110.83,28.04,46.79,0.64,22.92
AHM03,Maninagar,Ahmedabad,14-06-2025,31.69,87.9,24.2,42.11,0.58,43.01
AHM03,Maninagar,Ahmedabad,15-06-2025,26.26,54.92,26.11,54.2,0.53,60.87
AHM03,Maninagar,Ahmedabad,16-06-2025,23.32,49.27,17.03,34.73,0.79,40.11
AHM03,Maninagar,Ahmedabad,17-06-2025,13.91,28.28,24.71,27.65,0.68,12.35
AHM03,Maninagar,Ahmedabad,18-06-2025,27.07,60.56,24.13,17.96,0.69,5.71
AHM03,Maninagar,Ahmedabad,19-06-2025,52.28,190.47,24.7,4.27,1.36,20.58
AHM03,Maninagar,Ahmedabad,20-06-2025,28.42,178.25,24.25,24.71,0.6,19.93
AHM03,Maninagar,Ahmedabad,21-06-2025,33.82,167.27,29.53,16.61,0.55,21.79
AHM03,Maninagar,Ahmedabad,22-06-2025,29.61,215.69,32.45,22.29,0.54,12.55
AHM03,Maninagar,Ahmedabad,23-06-2025,26.17,102.15,30.8,15.16,0.61,13.67
AHM03,Maninagar,Ahmedabad,24-06-2025,32.4,171.26,19.44,15.69,0.51,10.72
AHM03,Maninagar,Ahmedabad,25-06-2025,29.74,NaN,27.9,17.53,0.73,17.58
AHM03,Maninagar,Ahmedabad,26-06-2025,27.73,144.56,30.89,17.07,0.77,18.98
AHM03,Maninagar,Ahmedabad,27-06-2025,16.7,80.55,20.53,18.44,0.7,13.6
AHM03,Maninagar,Ahmedabad,28-06-2025,14.93,72.2,15.28,19.13,0.65,6.78
AHM03,Maninagar,Ahmedabad,29-06-2025,25.57,NaN,26.23,16.55,0.63,9.8
AHM03,Maninagar,Ahmedabad,30-06-2025,26.24,NaN,24,18.34,0.72,9.19
AHM03,Maninagar,Ahmedabad,01-07-2025,22.93,74.88,21.61,11.74,1.12,11.43
AHM03,Maninagar,Ahmedabad,02-07-2025,29.82,72.23,23.35,17.59,0.65,13.56
AHM03,Maninagar,Ahmedabad,03-07-2025,24.43,48.77,32.72,19.3,0.7,13.29
AHM03,Maninagar,Ahmedabad,04-07-2025,30.56,52.96,21.86,19.41,0.59,16.19
AHM03,Maninagar,Ahmedabad,05-07-2025,32.12,74.32,19.48,20.08,0.6,16.31
AHM03,Maninagar,Ahmedabad,06-07-2025,30.44,73.28,NaN,21.19,0.61,8.84
AHM03,Maninagar,Ahmedabad,07-07-2025,29.76,73.4,17.71,21.56,0.61,8.31
AHM03,Maninagar,Ahmedabad,08-07-2025,32.95,85.02,15.43,23.8,0.61,9.75
AHM03,Maninagar,Ahmedabad,09-07-2025,35.73,86.72,14.91,23.37,0.61,10.25
AHM03,Maninagar,Ahmedabad,10-07-2025,22.05,78.98,15.04,20.78,0.61,10.71
AHM03,Maninagar,Ahmedabad,11-07-2025,28.51,80.97,14.97,21.15,0.61,11.47
AHM03,Maninagar,Ahmedabad,12-07-2025,28.17,80.07,15,22.23,0.6,12.05
AHM03,Maninagar,Ahmedabad,13-07-2025,22.75,57.61,14.9,18.49,0.6,12.7
AHM03,Maninagar,Ahmedabad,14-07-2025,19.47,62.13,14.76,18.02,0.57,10.11
AHM03,Maninagar,Ahmedabad,15-07-2025,26.38,72.78,14.78,23.33,0.59,18.38
AHM03,Maninagar,Ahmedabad,16-07-2025,NaN,NaN,NaN,NaN,NaN,NaN
AHM03,Maninagar,Ahmedabad,17-07-2025,38.46,125.87,15.03,21.04,0.58,14
AHM03,Maninagar,Ahmedabad,18-07-2025,26.29,96.91,14.96,22.26,0.62,11.68
AHM03,Maninagar,Ahmedabad,19-07-2025,23.18,67.27,14.97,22.98,0.59,11.21
AHM03,Maninagar,Ahmedabad,20-07-2025,17.39,39.74,15,20.72,0.6,13.12
AHM03,Maninagar,Ahmedabad,21-07-2025,24.39,56.9,14.93,18.98,0.6,13.24
AHM03,Maninagar,Ahmedabad,22-07-2025,19.24,55.51,15.01,19.71,0.6,12.69
AHM03,Maninagar,Ahmedabad,23-07-2025,14.82,46.34,14.9,18,0.59,11
AHM03,Maninagar,Ahmedabad,24-07-2025,18.67,59.17,14.93,18.34,0.61,11
AHM03,Maninagar,Ahmedabad,25-07-2025,17.36,53.35,14.94,17.01,0.59,11.62
AHM03,Maninagar,Ahmedabad,26-07-2025,18.32,54.38,14.94,19.74,0.6,11.61
AHM03,Maninagar,Ahmedabad,27-07-2025,12.48,40.63,14.95,17.62,0.59,11.2
AHM03,Maninagar,Ahmedabad,28-07-2025,29.24,64.57,15.01,6.88,0.91,17.27
AHM03,Maninagar,Ahmedabad,29-07-2025,26.77,65.38,14.94,19.53,0.6,17.14
AHM03,Maninagar,Ahmedabad,30-07-2025,17.86,66.67,14.96,26.7,0.61,16.74
AHM03,Maninagar,Ahmedabad,31-07-2025,21.66,71.98,14.95,15.77,0.61,16.34
AHM03,Maninagar,Ahmedabad,01-08-2025,21.42,70.72,14.98,22,0.6,15.71
AHM03,Maninagar,Ahmedabad,02-08-2025,22.89,59.18,15.04,16.17,0.6,15.39
AHM03,Maninagar,Ahmedabad,03-08-2025,17.97,51.72,14.92,19.86,0.6,16.43
AHM03,Maninagar,Ahmedabad,04-08-2025,17.06,49.04,15.04,22.15,0.6,16.49
AHM03,Maninagar,Ahmedabad,05-08-2025,18.59,53.37,14.99,20.44,0.59,16.81
AHM03,Maninagar,Ahmedabad,06-08-2025,19.59,55.36,14.94,20.79,0.61,15.43
AHM03,Maninagar,Ahmedabad,07-08-2025,18.37,58.22,15,18.84,0.6,16.65
AHM03,Maninagar,Ahmedabad,08-08-2025,16.99,60.21,14.99,18.16,0.6,16
AHM03,Maninagar,Ahmedabad,09-08-2025,17.37,49.92,14.97,17.44,0.59,16.98
AHM03,Maninagar,Ahmedabad,10-08-2025,15.01,50.64,15,17.68,0.6,16.87
AHM03,Maninagar,Ahmedabad,11-08-2025,14.69,45.96,14.9,18.96,0.59,16.5
AHM03,Maninagar,Ahmedabad,12-08-2025,19.93,52.58,16.55,18.14,0.6,14.83
AHM03,Maninagar,Ahmedabad,13-08-2025,25.28,53.46,18.66,15.81,0.54,15.82
AHM03,Maninagar,Ahmedabad,14-08-2025,24.45,70.55,18.66,19.98,0.54,15.56
AHM03,Maninagar,Ahmedabad,15-08-2025,30.81,69.5,18.72,14.56,0.54,16.22
AHM03,Maninagar,Ahmedabad,16-08-2025,27.7,49.31,18.72,16.09,0.54,16.57
AHM03,Maninagar,Ahmedabad,17-08-2025,22.58,43.42,18.79,19.54,0.52,17.22
AHM03,Maninagar,Ahmedabad,18-08-2025,13.7,28.91,18.74,17.96,0.5,17.31
AHM03,Maninagar,Ahmedabad,19-08-2025,22.78,51.92,18.67,5.48,0.54,25.38
AHM03,Maninagar,Ahmedabad,20-08-2025,16.94,38.73,36.45,16.82,0.54,27.46
AHM03,Maninagar,Ahmedabad,21-08-2025,19.6,46.91,40.67,17.03,0.53,30.71
AHM03,Maninagar,Ahmedabad,22-08-2025,21.23,48.89,20.7,18.84,0.54,34.28
AHM03,Maninagar,Ahmedabad,23-08-2025,23.29,46.69,20.67,20.58,0.53,32.39
AHM03,Maninagar,Ahmedabad,24-08-2025,18.49,40.23,20.75,18.04,0.55,33.06
AHM03,Maninagar,Ahmedabad,25-08-2025,24.56,37.63,20.73,20.45,0.54,33.15
AHM03,Maninagar,Ahmedabad,26-08-2025,24.88,32.21,20.63,17.27,0.53,32.39
AHM03,Maninagar,Ahmedabad,27-08-2025,22.21,50.41,20.66,18.37,0.56,30.7
AHM03,Maninagar,Ahmedabad,28-08-2025,26.96,78.98,19.21,18.27,0.55,31.38
AHM03,Maninagar,Ahmedabad,29-08-2025,44.61,94.82,13.14,17.63,0.55,27.87
AHM03,Maninagar,Ahmedabad,30-08-2025,36.83,91.06,13.14,16.5,0.54,21.71
AHM03,Maninagar,Ahmedabad,31-08-2025,30.64,69.08,13.07,19.19,0.53,21.09
AHM03,Maninagar,Ahmedabad,01-09-2025,25.55,65.58,13.11,19.84,0.54,22.5
AHM03,Maninagar,Ahmedabad,02-09-2025,19.26,64.85,13.1,21.38,0.52,28.08
AHM03,Maninagar,Ahmedabad,03-09-2025,31.7,82.52,13.11,24.26,0.45,32.56
AHM03,Maninagar,Ahmedabad,04-09-2025,23.16,63.17,13.1,19.12,0.41,23.4
AHM03,Maninagar,Ahmedabad,05-09-2025,16.56,45.93,13.08,23.08,0.34,28.27
AHM03,Maninagar,Ahmedabad,06-09-2025,19.3,42.36,13.1,20.94,0.4,25.2
AHM03,Maninagar,Ahmedabad,07-09-2025,19.01,43.18,13.17,22.7,0.38,29.61
AHM03,Maninagar,Ahmedabad,08-09-2025,17.41,54.49,13.44,18.34,0.42,20.71
AHM03,Maninagar,Ahmedabad,09-09-2025,14.43,45.31,20.25,21.15,0.37,17.42
AHM03,Maninagar,Ahmedabad,10-09-2025,18.84,9.61,31.56,22.1,0.39,16.84
AHM03,Maninagar,Ahmedabad,11-09-2025,14.96,36.23,37.03,18.56,0.39,26.11
AHM03,Maninagar,Ahmedabad,12-09-2025,31.39,114.19,20.58,6.97,0.56,52.36
AHM03,Maninagar,Ahmedabad,13-09-2025,30.1,69.67,20.48,16.92,0.82,26.78
AHM03,Maninagar,Ahmedabad,14-09-2025,20.73,37.96,19.7,15.3,0.79,27.82
AHM03,Maninagar,Ahmedabad,15-09-2025,10.84,28.7,18.83,20.65,0.72,33.2
AHM03,Maninagar,Ahmedabad,16-09-2025,18.27,39.47,18.88,18.95,0.79,56.02
AHM03,Maninagar,Ahmedabad,17-09-2025,13.52,36.07,18.85,16.4,0.83,56.63
AHM03,Maninagar,Ahmedabad,18-09-2025,36.29,72.24,19.02,8.56,0.46,61.13
AHM03,Maninagar,Ahmedabad,19-09-2025,31.21,60.02,19.13,16.95,0.91,58.22
AHM03,Maninagar,Ahmedabad,20-09-2025,42.22,153.86,18.95,11.45,0.77,49.64
AHM03,Maninagar,Ahmedabad,21-09-2025,20.45,34.7,19.07,21.2,0.83,41.01
AHM03,Maninagar,Ahmedabad,22-09-2025,14.93,26.25,18.81,19.69,0.79,42.46
AHM03,Maninagar,Ahmedabad,23-09-2025,12.22,26.09,18.67,18.06,0.8,44.47
AHM03,Maninagar,Ahmedabad,24-09-2025,14.15,31.37,18.73,24.99,0.8,56.93
AHM03,Maninagar,Ahmedabad,25-09-2025,18.51,24.08,18.94,18.55,0.79,74.27
AHM03,Maninagar,Ahmedabad,26-09-2025,13.14,23.8,18.81,17.98,0.82,84.68
AHM03,Maninagar,Ahmedabad,27-09-2025,10.32,30.71,20.74,15.43,0.82,91.8
AHM03,Maninagar,Ahmedabad,28-09-2025,6.89,21.95,22.56,17.1,0.79,68.51
AHM03,Maninagar,Ahmedabad,29-09-2025,5.17,22.69,22.57,19.81,0.82,57.56
AHM03,Maninagar,Ahmedabad,30-09-2025,5.33,12.52,22.64,20.05,0.78,59.14
AHM03,Maninagar,Ahmedabad,01-10-2025,6.09,16.31,30.52,21.88,0.75,53.39
AHM03,Maninagar,Ahmedabad,02-10-2025,9.56,21.1,32,16.6,0.8,62.8
AHM03,Maninagar,Ahmedabad,03-10-2025,9.75,16.96,29.2,18.1,0.72,59.83
AHM03,Maninagar,Ahmedabad,04-10-2025,32.23,65.91,31.39,4.69,0.54,59.65
AHM03,Maninagar,Ahmedabad,05-10-2025,31.6,51.08,29,17.37,0.49,56.06
AHM03,Maninagar,Ahmedabad,06-10-2025,14.72,40.23,28.23,24.34,0.47,52.83
AHM03,Maninagar,Ahmedabad,07-10-2025,27.29,58.04,29.8,20.49,0.52,53.83
AHM03,Maninagar,Ahmedabad,08-10-2025,40.45,92.79,31.47,19.4,0.51,62.75
AHM03,Maninagar,Ahmedabad,09-10-2025,27.92,62.92,28.9,18.98,0.51,53.21
AHM03,Maninagar,Ahmedabad,10-10-2025,31.38,57.92,36.87,20.91,0.53,46.78
AHM03,Maninagar,Ahmedabad,11-10-2025,32.09,107.82,37.72,19.76,0.52,48.1
AHM03,Maninagar,Ahmedabad,12-10-2025,59.11,193.84,36.8,18.37,0.5,47.22
AHM03,Maninagar,Ahmedabad,13-10-2025,47.46,90.47,29.13,18.99,0.5,48.58
AHM03,Maninagar,Ahmedabad,14-10-2025,25.49,37.57,29.44,24.94,0.5,47.36
AHM03,Maninagar,Ahmedabad,15-10-2025,26.35,43.93,30.72,15.79,0.5,49.94
AHM03,Maninagar,Ahmedabad,16-10-2025,31.58,78.02,35.6,23.21,0.55,53.79
AHM03,Maninagar,Ahmedabad,17-10-2025,37.81,80.95,26.82,15.72,0.48,57.01
AHM03,Maninagar,Ahmedabad,18-10-2025,70.43,166.88,30.24,20.35,0.48,67.45
AHM03,Maninagar,Ahmedabad,19-10-2025,72.4,152.98,25.05,18.65,0.48,75.28
AHM03,Maninagar,Ahmedabad,20-10-2025,123.07,199.31,37.87,16.2,0.55,71.24
AHM03,Maninagar,Ahmedabad,21-10-2025,133.37,242.87,50.6,17.75,0.84,64.83
AHM03,Maninagar,Ahmedabad,22-10-2025,81.82,172.06,24.93,18.92,0.87,70.32
AHM03,Maninagar,Ahmedabad,23-10-2025,69.49,128.31,25.53,18.95,0.8,83.53
AHM03,Maninagar,Ahmedabad,24-10-2025,59.77,121,26.11,19.63,0.77,75.8
AHM03,Maninagar,Ahmedabad,25-10-2025,66.1,111.34,25.55,23.3,0.83,66.19
AHM03,Maninagar,Ahmedabad,26-10-2025,29.91,64.55,26.02,16.72,0.77,52.35
AHM03,Maninagar,Ahmedabad,27-10-2025,132.13,72.99,23.94,14.71,0.68,41.93
AHM03,Maninagar,Ahmedabad,28-10-2025,26.45,51.55,24.68,18.39,0.71,47.29
AHM03,Maninagar,Ahmedabad,29-10-2025,41.83,74.86,25.48,25.46,0.55,59.88
AHM03,Maninagar,Ahmedabad,30-10-2025,33.35,63.65,25.35,17.87,0.61,56.83
AHM03,Maninagar,Ahmedabad,31-10-2025,18,53.95,25.45,17.47,0.54,51.31
AHM03,Maninagar,Ahmedabad,01-11-2025,22.98,76.42,25.46,14.5,0.56,27.71
AHM03,Maninagar,Ahmedabad,02-11-2025,28.95,84.81,24.58,18.63,0.57,32.88
AHM03,Maninagar,Ahmedabad,03-11-2025,28.51,94.79,24.75,20.21,0.57,41.37
AHM03,Maninagar,Ahmedabad,04-11-2025,62.12,122.1,24.65,17.75,0.58,46.64
AHM03,Maninagar,Ahmedabad,05-11-2025,66.81,146.71,24.98,17.2,0.58,42.65
AHM03,Maninagar,Ahmedabad,06-11-2025,62.56,177.2,25.69,31.5,0.89,34.73
AHM03,Maninagar,Ahmedabad,07-11-2025,74.72,169.31,30.01,32.51,0.82,32.9
AHM03,Maninagar,Ahmedabad,08-11-2025,95.23,138.39,38.05,33.02,0.8,21.96
AHM03,Maninagar,Ahmedabad,09-11-2025,87.47,146.95,37.05,41.48,0.81,22.4
AHM03,Maninagar,Ahmedabad,10-11-2025,106.59,156.63,37.21,32.18,0.94,20.49
AHM03,Maninagar,Ahmedabad,11-11-2025,132.2,199.28,38.31,31.48,0.91,21.17
AHM03,Maninagar,Ahmedabad,12-11-2025,95.65,198,38.48,31.75,0.91,23.24
AHM03,Maninagar,Ahmedabad,13-11-2025,32.98,100.27,37.68,38.62,0.87,21.91
AHM03,Maninagar,Ahmedabad,14-11-2025,34.94,124.75,38.22,29.53,0.84,22.05
AHM03,Maninagar,Ahmedabad,15-11-2025,32.25,69.79,45.93,33.18,0.74,26.33
AHM03,Maninagar,Ahmedabad,16-11-2025,32.94,100.04,48.13,37.9,0.77,25.29
AHM03,Maninagar,Ahmedabad,17-11-2025,45.02,122.4,37.07,30.82,0.8,25.34
AHM03,Maninagar,Ahmedabad,18-11-2025,46.16,102.42,37.11,32.36,0.78,28.09
AHM03,Maninagar,Ahmedabad,19-11-2025,53.31,104.21,34.78,30.31,0.76,28.28
AHM03,Maninagar,Ahmedabad,20-11-2025,58.53,119.41,33.57,41.65,0.8,32.2
AHM03,Maninagar,Ahmedabad,21-11-2025,73.38,130.17,35.81,35.1,0.9,36.17
AHM03,Maninagar,Ahmedabad,22-11-2025,59.48,102.2,27.03,30.75,0.87,28.51
AHM03,Maninagar,Ahmedabad,23-11-2025,50.7,94.08,19.07,29.28,0.82,24.66
AHM03,Maninagar,Ahmedabad,24-11-2025,35.73,127.72,19.07,43.45,0.87,29.97
AHM03,Maninagar,Ahmedabad,25-11-2025,72.83,115.76,39.01,30.12,0.1,45.47
AHM03,Maninagar,Ahmedabad,26-11-2025,70.93,128.32,47.7,44.31,0.76,67.77
AHM03,Maninagar,Ahmedabad,27-11-2025,64.87,115.67,47.73,32.76,0.76,67.45
AHM03,Maninagar,Ahmedabad,28-11-2025,71.41,127.4,47.75,32.95,0.83,65.39
AHM03,Maninagar,Ahmedabad,29-11-2025,56.02,130.99,47.62,41.25,0.77,54.15
AHM03,Maninagar,Ahmedabad,30-11-2025,41.04,163.12,47.76,30.63,0.77,43.52
AHM03,Maninagar,Ahmedabad,01-12-2025,94.69,157.54,47.7,32.04,0.65,41.64
AHM03,Maninagar,Ahmedabad,02-12-2025,46.77,116.66,47.65,32.06,0.57,59.43
AHM03,Maninagar,Ahmedabad,03-12-2025,55.73,100.91,47.75,36.47,0.53,62.79
AHM03,Maninagar,Ahmedabad,04-12-2025,46.73,85.78,47.69,32.12,0.48,61.71
AHM03,Maninagar,Ahmedabad,05-12-2025,49.02,100.3,47.68,29.25,0.28,69.45
AHM03,Maninagar,Ahmedabad,06-12-2025,53.14,107.74,49.39,29.5,0.51,66.69
AHM03,Maninagar,Ahmedabad,07-12-2025,64.89,126.79,50.7,38.31,0.49,64.34
AHM03,Maninagar,Ahmedabad,08-12-2025,57.64,126.46,50.72,35.71,0.51,56.19
AHM03,Maninagar,Ahmedabad,09-12-2025,58.52,99.36,50.76,37.35,0.48,54.57
AHM03,Maninagar,Ahmedabad,10-12-2025,51.18,127.44,50.62,32.57,0.51,53.13
AHM03,Maninagar,Ahmedabad,11-12-2025,52.03,176.21,50.72,35.78,0.52,52.71
AHM03,Maninagar,Ahmedabad,12-12-2025,59.3,143.9,50.69,31.12,0.52,54.6
AHM03,Maninagar,Ahmedabad,13-12-2025,50.91,120.03,50.72,33.59,0.54,57.11
AHM03,Maninagar,Ahmedabad,14-12-2025,48.92,105.88,50.69,33.57,0.52,62.92
AHM03,Maninagar,Ahmedabad,15-12-2025,45.37,96.56,50.65,31.84,0.47,67.66
AHM03,Maninagar,Ahmedabad,16-12-2025,47.42,91.19,50.81,37.58,0.48,59.73
AHM03,Maninagar,Ahmedabad,17-12-2025,48.3,85.35,50.7,36.89,0.51,55.87
AHM03,Maninagar,Ahmedabad,18-12-2025,48.68,71.87,50.66,36.69,0.52,44.84
AHM03,Maninagar,Ahmedabad,19-12-2025,46.66,58.22,50.68,35.07,0.53,40.22
AHM03,Maninagar,Ahmedabad,20-12-2025,78.74,112.93,50.67,29.54,0.56,40.65
AHM03,Maninagar,Ahmedabad,21-12-2025,53.85,102.97,50.71,24.51,0.5,40.19
AHM03,Maninagar,Ahmedabad,22-12-2025,66.74,152.51,50.89,35.8,0.47,50.47
AHM03,Maninagar,Ahmedabad,23-12-2025,83.52,165.51,51.03,38.55,0.53,53.92
AHM03,Maninagar,Ahmedabad,24-12-2025,70.6,110.95,51.02,29.41,0.51,53.08
AHM03,Maninagar,Ahmedabad,25-12-2025,70.85,119.94,51.05,45.49,0.52,56.18
AHM03,Maninagar,Ahmedabad,26-12-2025,69.5,108.45,51.04,30.02,0.54,60.69
AHM03,Maninagar,Ahmedabad,27-12-2025,68.53,115.06,51.04,28.27,0.51,54.8
AHM03,Maninagar,Ahmedabad,28-12-2025,81.41,129.17,51.02,33.62,0.5,59.02
AHM03,Maninagar,Ahmedabad,29-12-2025,100.36,163.95,51.07,61.44,0.54,60.92
AHM03,Maninagar,Ahmedabad,30-12-2025,94.85,154.47,51.02,32.69,0.58,55.24
AHM03,Maninagar,Ahmedabad,31-12-2025,106.08,176.43,51.04,30.39,0.6,47.14
AHM04,Raikhad,Ahmedabad,01-01-2023,NaN,NaN,NaN,NaN,NaN,NaN
AHM04,Raikhad,Ahmedabad,02-01-2023,NaN,NaN,NaN,NaN,NaN,NaN
AHM04,Raikhad,Ahmedabad,03-01-2023,NaN,NaN,NaN,NaN,NaN,NaN
AHM04,Raikhad,Ahmedabad,04-01-2023,NaN,NaN,NaN,NaN,NaN,NaN
AHM04,Raikhad,Ahmedabad,05-01-2023,NaN,NaN,NaN,NaN,NaN,NaN
AHM04,Raikhad,Ahmedabad,06-01-2023,NaN,NaN,NaN,NaN,NaN,NaN
AHM04,Raikhad,Ahmedabad,07-01-2023,NaN,NaN,NaN,NaN,NaN,NaN
AHM04,Raikhad,Ahmedabad,08-01-2023,NaN,NaN,NaN,NaN,NaN,NaN
AHM04,Raikhad,Ahmedabad,09-01-2023,NaN,NaN,NaN,NaN,NaN,NaN
AHM04,Raikhad,Ahmedabad,10-01-2023,NaN,NaN,NaN,NaN,NaN,NaN
AHM04,Raikhad,Ahmedabad,11-01-2023,NaN,NaN,NaN,NaN,NaN,NaN
AHM04,Raikhad,Ahmedabad,12-01-2023,NaN,NaN,NaN,NaN,NaN,NaN
AHM04,Raikhad,Ahmedabad,13-01-2023,77.88,162.48,0.74,11.94,0.41,22.65
AHM04,Raikhad,Ahmedabad,14-01-2023,52.75,129.27,0.98,11.21,0.29,20.43
AHM04,Raikhad,Ahmedabad,15-01-2023,61.2,138.09,0.82,11.01,0.22,23.35
AHM04,Raikhad,Ahmedabad,16-01-2023,57.96,145.13,0.83,11.83,0.34,23.25
AHM04,Raikhad,Ahmedabad,17-01-2023,114.9,311.51,1.06,25.77,0.4,21.55
AHM04,Raikhad,Ahmedabad,18-01-2023,70.45,163.61,0.94,16.09,0.12,27.69
AHM04,Raikhad,Ahmedabad,19-01-2023,58.28,134.35,0.95,16.49,0.16,26.84
AHM04,Raikhad,Ahmedabad,20-01-2023,75.33,172.84,1.09,27.58,0.03,25.97
AHM04,Raikhad,Ahmedabad,21-01-2023,63.65,139.51,3.98,12.88,0.43,12.18
AHM04,Raikhad,Ahmedabad,22-01-2023,99.19,213.65,3.64,14.33,0.35,24.09
AHM04,Raikhad,Ahmedabad,23-01-2023,111.03,229.09,3.69,25.98,0.44,22.66
AHM04,Raikhad,Ahmedabad,24-01-2023,78.53,192.18,3.67,11.8,0.36,22.33
AHM04,Raikhad,Ahmedabad,25-01-2023,92.81,209.25,3.66,19.53,0.33,22.59
AHM04,Raikhad,Ahmedabad,26-01-2023,81.11,182.63,3.64,18.47,0.31,24.91
AHM04,Raikhad,Ahmedabad,27-01-2023,88.72,169.76,3.65,14.35,0.33,30.26
AHM04,Raikhad,Ahmedabad,28-01-2023,63.1,147.15,3.74,15.04,0.26,24.07
AHM04,Raikhad,Ahmedabad,29-01-2023,116.95,243.16,3.82,16.69,0.31,9.39
AHM04,Raikhad,Ahmedabad,30-01-2023,108.27,228.7,3.86,14.83,0.14,7.11
AHM04,Raikhad,Ahmedabad,31-01-2023,36.14,91.05,3.7,9.18,0.04,16.54
AHM04,Raikhad,Ahmedabad,01-02-2023,52.43,118.12,3.68,11.03,0.24,22.46
AHM04,Raikhad,Ahmedabad,02-02-2023,75.54,174.44,3.7,11.32,0.35,22.22
AHM04,Raikhad,Ahmedabad,03-02-2023,68.35,166.49,3.78,20.06,0.45,17.4
AHM04,Raikhad,Ahmedabad,04-02-2023,98.9,209.71,3.9,16.03,0.6,13.92
AHM04,Raikhad,Ahmedabad,05-02-2023,88.82,186.39,3.99,20.48,0.74,11.7
AHM04,Raikhad,Ahmedabad,06-02-2023,54.88,148.3,3.83,13.06,0.11,12.01
AHM04,Raikhad,Ahmedabad,07-02-2023,61.35,129.46,7.73,14.61,0.25,7.66
AHM04,Raikhad,Ahmedabad,08-02-2023,130.34,230.98,1.82,30.34,0.59,12.27
AHM04,Raikhad,Ahmedabad,09-02-2023,241.32,453.48,1.38,29.42,0.69,13.08
AHM04,Raikhad,Ahmedabad,10-02-2023,85.59,173.95,0.96,37.21,0.48,9.08
AHM04,Raikhad,Ahmedabad,11-02-2023,67.13,133.97,NaN,25.52,0.9,12.17
AHM04,Raikhad,Ahmedabad,12-02-2023,105.94,235.48,NaN,28.2,0.7,10.81
AHM04,Raikhad,Ahmedabad,13-02-2023,70.61,155.71,23.13,27.79,1.46,17.94
AHM04,Raikhad,Ahmedabad,14-02-2023,97.88,202.25,11.2,42.79,1.48,18.99
AHM04,Raikhad,Ahmedabad,15-02-2023,118.79,228.61,8.79,41.41,1.46,17.35
AHM04,Raikhad,Ahmedabad,16-02-2023,139.25,275.19,7.41,34.87,0.62,9.18
AHM04,Raikhad,Ahmedabad,17-02-2023,142.64,272.07,5.02,32.67,0.92,6.08
AHM04,Raikhad,Ahmedabad,18-02-2023,156.15,358.05,4.52,14.29,1.87,15
AHM04,Raikhad,Ahmedabad,19-02-2023,102.56,236.94,4.11,13.96,1.28,14.08
AHM04,Raikhad,Ahmedabad,20-02-2023,139.94,308.49,3.97,14.01,0.71,6.24
AHM04,Raikhad,Ahmedabad,21-02-2023,90.31,182.91,NaN,15.43,0.4,7.45
AHM04,Raikhad,Ahmedabad,22-02-2023,80.37,185.08,4.54,16.29,0.67,7.06
AHM04,Raikhad,Ahmedabad,23-02-2023,124.02,171.57,2.75,11.78,0.27,9.82
AHM04,Raikhad,Ahmedabad,24-02-2023,189.96,314.23,2.76,23.19,NaN,20.37
AHM04,Raikhad,Ahmedabad,25-02-2023,152.77,258.78,2.28,11.29,NaN,18.2
AHM04,Raikhad,Ahmedabad,26-02-2023,209.22,307.03,2.12,11.48,NaN,14.29
AHM04,Raikhad,Ahmedabad,27-02-2023,150.3,253.91,1.84,18.09,NaN,16.7
AHM04,Raikhad,Ahmedabad,28-02-2023,118.9,204.32,NaN,17.95,1.55,12.11
AHM04,Raikhad,Ahmedabad,01-03-2023,192.07,317.2,NaN,5.55,2.12,10.98
AHM04,Raikhad,Ahmedabad,02-03-2023,127.55,218.24,0.01,5.56,1.61,12.93
AHM04,Raikhad,Ahmedabad,03-03-2023,166.48,270.46,8.28,NaN,2.45,12.05
AHM04,Raikhad,Ahmedabad,04-03-2023,142.6,245.79,10.29,NaN,1.48,6.03
AHM04,Raikhad,Ahmedabad,05-03-2023,141.6,230.4,4.75,NaN,1.37,16.26
AHM04,Raikhad,Ahmedabad,06-03-2023,195.78,266.04,NaN,NaN,0.84,14.29
AHM04,Raikhad,Ahmedabad,07-03-2023,110.2,193.3,NaN,3.29,1.41,16.16
AHM04,Raikhad,Ahmedabad,08-03-2023,167.24,255.9,NaN,NaN,0.57,12.1
AHM04,Raikhad,Ahmedabad,09-03-2023,175.47,274.48,NaN,NaN,1.3,11.47
AHM04,Raikhad,Ahmedabad,10-03-2023,124.95,219.06,NaN,NaN,2.08,10.29
AHM04,Raikhad,Ahmedabad,11-03-2023,106.62,184.92,NaN,NaN,2.12,12.81
AHM04,Raikhad,Ahmedabad,12-03-2023,113.48,198.56,NaN,NaN,0.91,8.82
AHM04,Raikhad,Ahmedabad,13-03-2023,159.74,281.48,NaN,8.74,1.56,9.53
AHM04,Raikhad,Ahmedabad,14-03-2023,183.14,323.33,NaN,15.75,1.57,9.78
AHM04,Raikhad,Ahmedabad,15-03-2023,133.29,238.63,NaN,9.68,0.45,7
AHM04,Raikhad,Ahmedabad,16-03-2023,168.71,292.95,NaN,14.42,0.03,16.31
AHM04,Raikhad,Ahmedabad,17-03-2023,269.61,448.28,NaN,6.35,0.36,7.86
AHM04,Raikhad,Ahmedabad,18-03-2023,193.18,323.69,NaN,5.57,0.76,10.47
AHM04,Raikhad,Ahmedabad,19-03-2023,110.83,236.11,NaN,8.48,0.83,11.6
AHM04,Raikhad,Ahmedabad,20-03-2023,118.39,170.52,NaN,5.21,0.69,6.42
AHM04,Raikhad,Ahmedabad,21-03-2023,30.41,140.46,NaN,4.37,0.33,9.68
AHM04,Raikhad,Ahmedabad,22-03-2023,23.16,100.34,NaN,3.66,0.11,8.26
AHM04,Raikhad,Ahmedabad,23-03-2023,36.93,137.31,NaN,3.07,0.02,7.39
AHM04,Raikhad,Ahmedabad,24-03-2023,47.74,181.66,NaN,3.01,0,7.98
AHM04,Raikhad,Ahmedabad,25-03-2023,12.67,51.91,NaN,1.97,0.1,13.12
AHM04,Raikhad,Ahmedabad,26-03-2023,25.16,104.73,NaN,2.13,0.13,10.57
AHM04,Raikhad,Ahmedabad,27-03-2023,30.32,124.21,NaN,3.71,0.15,12.07
AHM04,Raikhad,Ahmedabad,28-03-2023,30.28,130.83,NaN,4.17,0.73,14.14
AHM04,Raikhad,Ahmedabad,29-03-2023,30.54,130.26,NaN,4.3,0.28,12.88
AHM04,Raikhad,Ahmedabad,30-03-2023,41.21,152.96,NaN,3.34,0.04,5.72
AHM04,Raikhad,Ahmedabad,31-03-2023,19.68,71.33,5.09,2.41,0.12,5.74
AHM04,Raikhad,Ahmedabad,01-04-2023,19.94,78.28,6.51,0.99,0.53,5.74
AHM04,Raikhad,Ahmedabad,02-04-2023,28.05,110.56,7.04,1.95,0.31,8.92
AHM04,Raikhad,Ahmedabad,03-04-2023,24.28,99.63,7.14,1.41,0.16,8.94
AHM04,Raikhad,Ahmedabad,04-04-2023,32.41,126.65,7.08,1.42,0.43,4.4
AHM04,Raikhad,Ahmedabad,05-04-2023,51.35,204.05,7.21,1.85,0.25,6.16
AHM04,Raikhad,Ahmedabad,06-04-2023,31.46,124.05,7.01,2.86,0.53,10.81
AHM04,Raikhad,Ahmedabad,07-04-2023,33.83,139.51,7.15,3.86,1.17,9.65
AHM04,Raikhad,Ahmedabad,08-04-2023,45.89,185.81,7.07,6.69,1.78,10.46
AHM04,Raikhad,Ahmedabad,09-04-2023,47.08,184.29,7.14,5.77,1.48,12.47
AHM04,Raikhad,Ahmedabad,10-04-2023,45.35,179.08,7.06,8.42,1.51,10.18
AHM04,Raikhad,Ahmedabad,11-04-2023,27.99,117.51,5.35,5.07,0.73,10.99
AHM04,Raikhad,Ahmedabad,12-04-2023,18.32,77.81,5.1,2.58,0.06,10.17
AHM04,Raikhad,Ahmedabad,13-04-2023,21.89,92.57,5.09,2.53,0.2,9.76
AHM04,Raikhad,Ahmedabad,14-04-2023,49.04,211.24,3.18,3.14,0.07,8.18
AHM04,Raikhad,Ahmedabad,15-04-2023,46.87,196.14,4.48,4.89,0.06,8.37
AHM04,Raikhad,Ahmedabad,16-04-2023,54.69,213,0.6,4.74,0.14,6.96
AHM04,Raikhad,Ahmedabad,17-04-2023,50.95,212.77,0.61,3.16,0.06,9.04
AHM04,Raikhad,Ahmedabad,18-04-2023,40.41,178.54,0.73,3.84,0.54,7.71
AHM04,Raikhad,Ahmedabad,19-04-2023,59.72,221.76,4.99,4.86,0.16,7.4
AHM04,Raikhad,Ahmedabad,20-04-2023,43.67,120.66,3.44,2.65,0.56,8.29
AHM04,Raikhad,Ahmedabad,21-04-2023,53.2,144.55,3.89,2.33,0.44,8.37
AHM04,Raikhad,Ahmedabad,22-04-2023,46.62,123.83,4.01,3.72,0.49,8.45
AHM04,Raikhad,Ahmedabad,23-04-2023,55.07,151.84,3.77,2.32,0.44,8.2
AHM04,Raikhad,Ahmedabad,24-04-2023,68.39,184.37,3.65,3.41,0.46,7.83
AHM04,Raikhad,Ahmedabad,25-04-2023,56.05,154.76,3.8,7.06,0.63,7.17
AHM04,Raikhad,Ahmedabad,26-04-2023,88.89,255.65,3.36,9.22,0.48,8.04
AHM04,Raikhad,Ahmedabad,27-04-2023,76.62,231.92,1.72,8.7,0.34,9.84
AHM04,Raikhad,Ahmedabad,28-04-2023,133.66,372.65,0.61,9.98,0.29,8.64
AHM04,Raikhad,Ahmedabad,29-04-2023,37.66,97.49,0.61,5.43,0.23,7.39
AHM04,Raikhad,Ahmedabad,30-04-2023,48.52,120.13,0.62,6.87,0.25,7.56
AHM04,Raikhad,Ahmedabad,01-05-2023,63.58,160.1,0.62,5.65,0.27,7.76
AHM04,Raikhad,Ahmedabad,02-05-2023,53.73,145.98,0.61,5.27,0.18,8.04
AHM04,Raikhad,Ahmedabad,03-05-2023,86.09,237.34,0.61,5.53,0.22,8.89
AHM04,Raikhad,Ahmedabad,04-05-2023,74.13,199.07,0.61,6.07,0.14,9.07
AHM04,Raikhad,Ahmedabad,05-05-2023,71.64,185.33,0.61,6.27,0.14,9.12
AHM04,Raikhad,Ahmedabad,06-05-2023,75.59,208.83,NaN,5.71,0.21,9.21
AHM04,Raikhad,Ahmedabad,07-05-2023,61.22,162.53,NaN,9.54,0.07,9.14
AHM04,Raikhad,Ahmedabad,08-05-2023,78.23,225.4,NaN,11.42,NaN,9.07
AHM04,Raikhad,Ahmedabad,09-05-2023,97.06,269.13,NaN,5.77,NaN,9.02
AHM04,Raikhad,Ahmedabad,10-05-2023,50.78,141.64,0.93,6.5,0.85,8.73
AHM04,Raikhad,Ahmedabad,11-05-2023,56.62,153.85,0.6,7.86,0.75,8.69
AHM04,Raikhad,Ahmedabad,12-05-2023,53.87,145.12,0.6,9.76,0.61,8.59
AHM04,Raikhad,Ahmedabad,13-05-2023,47.82,135.89,0.79,9.23,0.41,8.88
AHM04,Raikhad,Ahmedabad,14-05-2023,59.94,162.29,0.6,6.53,0.38,8.9
AHM04,Raikhad,Ahmedabad,15-05-2023,83.74,229.03,0.6,4.35,0.36,8.59
AHM04,Raikhad,Ahmedabad,16-05-2023,91.14,262.17,0.6,4.28,0.31,8.56
AHM04,Raikhad,Ahmedabad,17-05-2023,61.86,173.37,0.6,6.94,0.29,8.75
AHM04,Raikhad,Ahmedabad,18-05-2023,85.86,238.48,NaN,5.23,0.3,8.6
AHM04,Raikhad,Ahmedabad,19-05-2023,73.39,202.53,NaN,6.19,0.37,8.69
AHM04,Raikhad,Ahmedabad,20-05-2023,44.71,126.27,NaN,5.02,0.27,8.95
AHM04,Raikhad,Ahmedabad,21-05-2023,61.96,166.36,NaN,6.55,0.24,8.81
AHM04,Raikhad,Ahmedabad,22-05-2023,97.27,267.09,NaN,7.22,0.21,8.66
AHM04,Raikhad,Ahmedabad,23-05-2023,33,88.81,NaN,6.36,0.19,8.84
AHM04,Raikhad,Ahmedabad,24-05-2023,60.18,168.44,NaN,5.91,0.19,8.81
AHM04,Raikhad,Ahmedabad,25-05-2023,69.04,197.06,NaN,7.79,0.19,8.85
AHM04,Raikhad,Ahmedabad,26-05-2023,96.25,280.49,NaN,6.18,0.19,8.48
AHM04,Raikhad,Ahmedabad,27-05-2023,36.2,147.47,NaN,4.33,0.15,8.52
AHM04,Raikhad,Ahmedabad,28-05-2023,9.04,216.78,NaN,4.56,0.13,8.68
AHM04,Raikhad,Ahmedabad,29-05-2023,12.7,185.28,NaN,4.39,0.17,7.74
AHM04,Raikhad,Ahmedabad,30-05-2023,4.52,240.39,NaN,4.9,0.22,7.71
AHM04,Raikhad,Ahmedabad,31-05-2023,2.24,146.12,0.6,7.06,0.18,8.67
AHM04,Raikhad,Ahmedabad,01-06-2023,1.58,112.71,0.6,5.46,0.06,9.25
AHM04,Raikhad,Ahmedabad,02-06-2023,2.78,143.38,1.57,4.62,0.08,8.97
AHM04,Raikhad,Ahmedabad,03-06-2023,1,58.28,3.3,4.22,0.05,9.65
AHM04,Raikhad,Ahmedabad,04-06-2023,1.86,124.99,2.51,4.16,0.08,9.03
AHM04,Raikhad,Ahmedabad,05-06-2023,45.74,118.4,1.23,4.1,0.02,9.87
AHM04,Raikhad,Ahmedabad,06-06-2023,133.25,168.88,4.97,4.96,0.02,9.05
AHM04,Raikhad,Ahmedabad,07-06-2023,NaN,NaN,10.98,4.26,0.2,4.18
AHM04,Raikhad,Ahmedabad,08-06-2023,NaN,NaN,10.38,4.28,0.18,4.17
AHM04,Raikhad,Ahmedabad,09-06-2023,NaN,NaN,10.1,4.59,0.18,3.79
AHM04,Raikhad,Ahmedabad,10-06-2023,NaN,NaN,10.21,4.95,0.18,4.56
AHM04,Raikhad,Ahmedabad,11-06-2023,NaN,NaN,10.04,5.38,0.2,4.48
AHM04,Raikhad,Ahmedabad,12-06-2023,NaN,NaN,10.1,5.26,0.16,4.27
AHM04,Raikhad,Ahmedabad,13-06-2023,NaN,NaN,10.11,5.6,0.12,3.76
AHM04,Raikhad,Ahmedabad,14-06-2023,NaN,NaN,10.1,4.26,0.1,4.71
AHM04,Raikhad,Ahmedabad,15-06-2023,NaN,NaN,10.07,4.16,0.05,5.28
AHM04,Raikhad,Ahmedabad,16-06-2023,NaN,NaN,10.11,4.11,0.03,5.69
AHM04,Raikhad,Ahmedabad,17-06-2023,76.31,236.04,11.73,4.03,0.09,7.46
AHM04,Raikhad,Ahmedabad,18-06-2023,106.92,257.93,13.21,4.11,0.12,11.49
AHM04,Raikhad,Ahmedabad,19-06-2023,98.55,217.67,10.5,4.02,0.12,10.46
AHM04,Raikhad,Ahmedabad,20-06-2023,55.72,120.55,10.03,4.06,0.11,7.85
AHM04,Raikhad,Ahmedabad,21-06-2023,65.28,139.35,10.03,4.07,0.09,7.23
AHM04,Raikhad,Ahmedabad,22-06-2023,57.3,130.06,10.02,4.15,0.07,7.14
AHM04,Raikhad,Ahmedabad,23-06-2023,84.56,188.38,10.03,4.06,0.07,7.18
AHM04,Raikhad,Ahmedabad,24-06-2023,93.69,211.93,10.03,4.1,0.08,8.5
AHM04,Raikhad,Ahmedabad,25-06-2023,20.64,46.28,10.01,4.07,0.09,9.68
AHM04,Raikhad,Ahmedabad,26-06-2023,62.46,96.22,10.03,4.15,0.08,8.04
AHM04,Raikhad,Ahmedabad,27-06-2023,NaN,NaN,NaN,NaN,NaN,NaN
AHM04,Raikhad,Ahmedabad,28-06-2023,NaN,NaN,NaN,NaN,NaN,NaN
AHM04,Raikhad,Ahmedabad,29-06-2023,NaN,NaN,NaN,NaN,NaN,NaN
AHM04,Raikhad,Ahmedabad,30-06-2023,NaN,NaN,NaN,NaN,NaN,NaN
AHM04,Raikhad,Ahmedabad,01-07-2023,NaN,NaN,NaN,NaN,NaN,NaN
AHM04,Raikhad,Ahmedabad,02-07-2023,NaN,NaN,NaN,NaN,NaN,NaN
AHM04,Raikhad,Ahmedabad,03-07-2023,NaN,NaN,NaN,NaN,NaN,NaN
AHM04,Raikhad,Ahmedabad,04-07-2023,NaN,NaN,NaN,NaN,NaN,NaN
AHM04,Raikhad,Ahmedabad,05-07-2023,NaN,NaN,NaN,NaN,NaN,NaN
AHM04,Raikhad,Ahmedabad,06-07-2023,NaN,NaN,NaN,NaN,NaN,NaN
AHM04,Raikhad,Ahmedabad,07-07-2023,NaN,NaN,NaN,NaN,NaN,NaN
AHM04,Raikhad,Ahmedabad,08-07-2023,NaN,NaN,NaN,NaN,NaN,NaN
AHM04,Raikhad,Ahmedabad,09-07-2023,NaN,NaN,NaN,NaN,NaN,NaN
AHM04,Raikhad,Ahmedabad,10-07-2023,NaN,NaN,NaN,NaN,NaN,NaN
AHM04,Raikhad,Ahmedabad,11-07-2023,NaN,NaN,10.03,4.18,0.03,10.51
AHM04,Raikhad,Ahmedabad,12-07-2023,NaN,NaN,NaN,4.17,0.02,9.28
AHM04,Raikhad,Ahmedabad,13-07-2023,NaN,NaN,14.34,4.26,0.03,9.74
AHM04,Raikhad,Ahmedabad,14-07-2023,NaN,NaN,13.26,4.1,0.02,9.39
AHM04,Raikhad,Ahmedabad,15-07-2023,NaN,NaN,13.62,4.16,0.04,8.98
AHM04,Raikhad,Ahmedabad,16-07-2023,NaN,NaN,13.5,4.15,0.03,9.02
AHM04,Raikhad,Ahmedabad,17-07-2023,NaN,NaN,13.44,4.17,NaN,8.75
AHM04,Raikhad,Ahmedabad,18-07-2023,NaN,NaN,14.22,4.22,NaN,8.79
AHM04,Raikhad,Ahmedabad,19-07-2023,NaN,NaN,13.58,4.14,NaN,10.45
AHM04,Raikhad,Ahmedabad,20-07-2023,NaN,NaN,12.67,4.19,NaN,11.99
AHM04,Raikhad,Ahmedabad,21-07-2023,NaN,NaN,12.28,4.23,NaN,12.27
AHM04,Raikhad,Ahmedabad,22-07-2023,NaN,NaN,13.83,4.28,NaN,11
AHM04,Raikhad,Ahmedabad,23-07-2023,NaN,NaN,13.61,4.1,NaN,10.51
AHM04,Raikhad,Ahmedabad,24-07-2023,NaN,NaN,11.63,4.12,NaN,10.18
AHM04,Raikhad,Ahmedabad,25-07-2023,NaN,NaN,13.25,4.09,0.4,10.72
AHM04,Raikhad,Ahmedabad,26-07-2023,NaN,NaN,13.63,4.04,NaN,8.68
AHM04,Raikhad,Ahmedabad,27-07-2023,NaN,NaN,12.21,4.03,NaN,8.59
AHM04,Raikhad,Ahmedabad,28-07-2023,NaN,NaN,13.62,4.11,NaN,8.61
AHM04,Raikhad,Ahmedabad,29-07-2023,NaN,NaN,NaN,NaN,NaN,NaN
AHM04,Raikhad,Ahmedabad,30-07-2023,NaN,NaN,NaN,NaN,NaN,NaN
AHM04,Raikhad,Ahmedabad,31-07-2023,NaN,NaN,13.78,4.06,NaN,8.47
AHM04,Raikhad,Ahmedabad,01-08-2023,NaN,NaN,13.8,4.02,NaN,8.09
AHM04,Raikhad,Ahmedabad,02-08-2023,NaN,NaN,13.48,4.01,NaN,8.37
AHM04,Raikhad,Ahmedabad,03-08-2023,NaN,NaN,13.1,4.03,NaN,7.88
AHM04,Raikhad,Ahmedabad,04-08-2023,NaN,NaN,13.61,4.02,NaN,6.95
AHM04,Raikhad,Ahmedabad,05-08-2023,NaN,NaN,13.48,4.05,NaN,7.18
AHM04,Raikhad,Ahmedabad,06-08-2023,NaN,NaN,13.6,3.95,NaN,7.35
AHM04,Raikhad,Ahmedabad,07-08-2023,NaN,NaN,13.45,3.92,NaN,6.33
AHM04,Raikhad,Ahmedabad,08-08-2023,NaN,NaN,13.68,4.1,NaN,5.24
AHM04,Raikhad,Ahmedabad,09-08-2023,NaN,NaN,13.62,4.05,NaN,5.41
AHM04,Raikhad,Ahmedabad,10-08-2023,NaN,NaN,14.18,4.13,NaN,5.91
AHM04,Raikhad,Ahmedabad,11-08-2023,NaN,NaN,13.78,4.2,NaN,5.52
AHM04,Raikhad,Ahmedabad,12-08-2023,NaN,NaN,13.24,3.97,NaN,5.64
AHM04,Raikhad,Ahmedabad,13-08-2023,NaN,NaN,12.36,4.1,NaN,4.97
AHM04,Raikhad,Ahmedabad,14-08-2023,NaN,NaN,NaN,4.05,NaN,5.67
AHM04,Raikhad,Ahmedabad,15-08-2023,NaN,NaN,NaN,4.05,NaN,5.39
AHM04,Raikhad,Ahmedabad,16-08-2023,51.29,101.75,12.46,3.86,NaN,28.14
AHM04,Raikhad,Ahmedabad,17-08-2023,21.28,39.11,10.87,4.08,NaN,27.99
AHM04,Raikhad,Ahmedabad,18-08-2023,130.86,209.46,10.01,4.07,NaN,28
AHM04,Raikhad,Ahmedabad,19-08-2023,50.92,93.3,11.72,4.13,NaN,28
AHM04,Raikhad,Ahmedabad,20-08-2023,22.69,46.95,11.8,3.95,NaN,28
AHM04,Raikhad,Ahmedabad,21-08-2023,14.38,27.58,9.99,4.04,NaN,28
AHM04,Raikhad,Ahmedabad,22-08-2023,37.01,70.83,9.99,3.93,NaN,28
AHM04,Raikhad,Ahmedabad,23-08-2023,NaN,NaN,9.99,3.96,NaN,28.02
AHM04,Raikhad,Ahmedabad,24-08-2023,NaN,NaN,9.99,4.04,NaN,27.99
AHM04,Raikhad,Ahmedabad,25-08-2023,NaN,NaN,10.01,4.06,NaN,27.99
AHM04,Raikhad,Ahmedabad,26-08-2023,NaN,NaN,12,4.07,NaN,27.99
AHM04,Raikhad,Ahmedabad,27-08-2023,NaN,NaN,9.96,4,NaN,28
AHM04,Raikhad,Ahmedabad,28-08-2023,NaN,NaN,9.99,8.87,NaN,28
AHM04,Raikhad,Ahmedabad,29-08-2023,32.77,67.17,NaN,6.48,NaN,27.99
AHM04,Raikhad,Ahmedabad,30-08-2023,NaN,NaN,NaN,4.06,NaN,28
AHM04,Raikhad,Ahmedabad,31-08-2023,NaN,NaN,NaN,4.08,NaN,27.99
AHM04,Raikhad,Ahmedabad,01-09-2023,NaN,NaN,NaN,4.06,NaN,27.99
AHM04,Raikhad,Ahmedabad,02-09-2023,NaN,NaN,NaN,4.12,NaN,27.99
AHM04,Raikhad,Ahmedabad,03-09-2023,NaN,NaN,NaN,4.02,NaN,28
AHM04,Raikhad,Ahmedabad,04-09-2023,NaN,NaN,NaN,4.05,NaN,28.01
AHM04,Raikhad,Ahmedabad,05-09-2023,NaN,NaN,NaN,4.13,NaN,27.98
AHM04,Raikhad,Ahmedabad,06-09-2023,NaN,NaN,NaN,3.95,NaN,27.99
AHM04,Raikhad,Ahmedabad,07-09-2023,NaN,NaN,NaN,4.01,NaN,28
AHM04,Raikhad,Ahmedabad,08-09-2023,NaN,NaN,NaN,3.96,NaN,27.99
AHM04,Raikhad,Ahmedabad,09-09-2023,NaN,NaN,NaN,3.85,NaN,28
AHM04,Raikhad,Ahmedabad,10-09-2023,NaN,NaN,NaN,3.75,NaN,28
AHM04,Raikhad,Ahmedabad,11-09-2023,NaN,NaN,13.03,3.94,NaN,27.99
AHM04,Raikhad,Ahmedabad,12-09-2023,NaN,NaN,13.22,3.94,NaN,27.99
AHM04,Raikhad,Ahmedabad,13-09-2023,NaN,NaN,13.05,3.98,NaN,28.01
AHM04,Raikhad,Ahmedabad,14-09-2023,NaN,NaN,13.16,4.02,NaN,28.01
AHM04,Raikhad,Ahmedabad,15-09-2023,NaN,NaN,12.51,4.06,NaN,28
AHM04,Raikhad,Ahmedabad,16-09-2023,11.9,17.6,12.95,4.04,NaN,28
AHM04,Raikhad,Ahmedabad,17-09-2023,NaN,NaN,12.91,3.99,NaN,27.99
AHM04,Raikhad,Ahmedabad,18-09-2023,NaN,NaN,13.2,4.04,NaN,28
AHM04,Raikhad,Ahmedabad,19-09-2023,8.75,24.12,13.41,4.1,NaN,27.99
AHM04,Raikhad,Ahmedabad,20-09-2023,8.17,19.5,14.08,3.99,NaN,27.99
AHM04,Raikhad,Ahmedabad,21-09-2023,52.88,109.72,16.63,4.08,NaN,28
AHM04,Raikhad,Ahmedabad,22-09-2023,40.29,92.59,16.37,4.2,NaN,28
AHM04,Raikhad,Ahmedabad,23-09-2023,70.86,149.74,16.38,4.06,NaN,27.99
AHM04,Raikhad,Ahmedabad,24-09-2023,49.86,108.64,16.87,4.06,NaN,28.01
AHM04,Raikhad,Ahmedabad,25-09-2023,40.95,86.24,16.65,4.04,NaN,28
AHM04,Raikhad,Ahmedabad,26-09-2023,54.82,126.07,17.19,4.03,NaN,23.07
AHM04,Raikhad,Ahmedabad,27-09-2023,54.65,153.78,16.83,7.55,NaN,18.21
AHM04,Raikhad,Ahmedabad,28-09-2023,51.67,116.79,16.66,4.09,NaN,19.05
AHM04,Raikhad,Ahmedabad,29-09-2023,20.03,54.39,16.79,4.16,NaN,20.07
AHM04,Raikhad,Ahmedabad,30-09-2023,25.59,67.95,16.86,4.03,NaN,20.11
AHM04,Raikhad,Ahmedabad,01-10-2023,33.57,75.03,16.84,4.07,NaN,20.19
AHM04,Raikhad,Ahmedabad,02-10-2023,36.44,79.26,14.77,4.03,1.48,22.16
AHM04,Raikhad,Ahmedabad,03-10-2023,36.98,83.25,23.84,3.73,0.81,28
AHM04,Raikhad,Ahmedabad,04-10-2023,35.62,80.78,51.6,4.29,1.39,22.07
AHM04,Raikhad,Ahmedabad,05-10-2023,31.82,74.54,43.02,4.25,0.7,19.33
AHM04,Raikhad,Ahmedabad,06-10-2023,34.02,80.28,40.86,4.16,0.46,31.35
AHM04,Raikhad,Ahmedabad,07-10-2023,37.66,85.61,38.59,4.29,0.35,22.69
AHM04,Raikhad,Ahmedabad,08-10-2023,38.37,89.65,42.9,3.82,0.43,22.53
AHM04,Raikhad,Ahmedabad,09-10-2023,28.26,67.98,42.36,3.93,0.03,31.61
AHM04,Raikhad,Ahmedabad,10-10-2023,26.5,61.31,40.2,4.31,0.17,32.43
AHM04,Raikhad,Ahmedabad,11-10-2023,29.08,69.28,39.99,4.25,0.31,30.63
AHM04,Raikhad,Ahmedabad,12-10-2023,31.78,77.55,31.93,4.36,0.83,33.26
AHM04,Raikhad,Ahmedabad,13-10-2023,40.28,95.72,16.76,4.63,1.33,21.96
AHM04,Raikhad,Ahmedabad,14-10-2023,54.89,132.91,14.45,5.5,1.6,21.53
AHM04,Raikhad,Ahmedabad,15-10-2023,38.52,90.92,8.77,5.18,0.78,25.17
AHM04,Raikhad,Ahmedabad,16-10-2023,32.12,76.38,8.01,4.46,0.71,21.71
AHM04,Raikhad,Ahmedabad,17-10-2023,29.36,72.33,7.22,4.95,0.86,19.21
AHM04,Raikhad,Ahmedabad,18-10-2023,31.58,78.25,6.78,4.77,0.96,20.16
AHM04,Raikhad,Ahmedabad,19-10-2023,38.75,94.81,5.32,4.75,0.98,29.09
AHM04,Raikhad,Ahmedabad,20-10-2023,32.1,84.68,4.97,4.55,0.78,31.45
AHM04,Raikhad,Ahmedabad,21-10-2023,36.13,92.51,4.03,4.71,1.13,31.56
AHM04,Raikhad,Ahmedabad,22-10-2023,40.04,99.13,3.62,5.48,1.24,28.82
AHM04,Raikhad,Ahmedabad,23-10-2023,37.56,92.44,3.11,5.13,0.87,28.77
AHM04,Raikhad,Ahmedabad,24-10-2023,36.28,90.43,2.31,6.49,1.11,29.62
AHM04,Raikhad,Ahmedabad,25-10-2023,50.11,115.33,2.49,5.4,1.72,30.35
AHM04,Raikhad,Ahmedabad,26-10-2023,75.28,170.83,3.05,6.03,1.53,21.85
AHM04,Raikhad,Ahmedabad,27-10-2023,119.55,249.97,1.3,8.17,3.92,19.93
AHM04,Raikhad,Ahmedabad,28-10-2023,90.55,201.73,1.69,7.69,2.73,17.46
AHM04,Raikhad,Ahmedabad,29-10-2023,66.68,160.65,1.18,2.91,2.31,25.31
AHM04,Raikhad,Ahmedabad,30-10-2023,94.76,209.66,0.93,3.18,2.59,30.57
AHM04,Raikhad,Ahmedabad,31-10-2023,75.09,184.84,0.92,3.46,2.47,29.54
AHM04,Raikhad,Ahmedabad,01-11-2023,75.81,184.12,0.79,3.14,2.28,25.64
AHM04,Raikhad,Ahmedabad,02-11-2023,69.94,175.17,0.54,3.45,2.41,27.42
AHM04,Raikhad,Ahmedabad,03-11-2023,95.65,209.33,1.01,4.07,2.52,24.86
AHM04,Raikhad,Ahmedabad,04-11-2023,80.93,195.33,1.7,2.83,2.46,22.92
AHM04,Raikhad,Ahmedabad,05-11-2023,86.46,248.26,1.56,2.3,1.9,24.73
AHM04,Raikhad,Ahmedabad,06-11-2023,116.93,261.92,1.47,1.88,1.36,20.7
AHM04,Raikhad,Ahmedabad,07-11-2023,87.64,193.24,1.49,2.01,0.59,13.14
AHM04,Raikhad,Ahmedabad,08-11-2023,43.9,104.16,1.45,2.38,1.77,25.3
AHM04,Raikhad,Ahmedabad,09-11-2023,51.8,117.41,1.44,2.39,2.06,29.82
AHM04,Raikhad,Ahmedabad,10-11-2023,52.02,122.45,1.34,2.06,1.53,29.25
AHM04,Raikhad,Ahmedabad,11-11-2023,35.42,83.19,1.79,1.39,0.78,22.34
AHM04,Raikhad,Ahmedabad,12-11-2023,23.84,56.45,6.53,1.32,0.63,29.72
AHM04,Raikhad,Ahmedabad,13-11-2023,31.81,77.42,6.6,1.99,1.24,29.97
AHM04,Raikhad,Ahmedabad,14-11-2023,35.13,81.44,6.46,1.39,0.89,22.14
AHM04,Raikhad,Ahmedabad,15-11-2023,27.44,65.06,6.34,1.03,0.7,11.74
AHM04,Raikhad,Ahmedabad,16-11-2023,23.98,58.91,6.38,0.92,0.63,16.12
AHM04,Raikhad,Ahmedabad,17-11-2023,30.87,74.36,6.47,0.92,0.84,14.33
AHM04,Raikhad,Ahmedabad,18-11-2023,32.88,77.16,6.34,0.72,0.67,14.13
AHM04,Raikhad,Ahmedabad,19-11-2023,37.09,85.76,6.41,0.79,0.79,13.52
AHM04,Raikhad,Ahmedabad,20-11-2023,37,89.77,6.66,1.19,1,9.47
AHM04,Raikhad,Ahmedabad,21-11-2023,35.17,84.49,5.82,2.06,1.28,15.56
AHM04,Raikhad,Ahmedabad,22-11-2023,35.99,84.32,4.9,3.29,1.32,12.32
AHM04,Raikhad,Ahmedabad,23-11-2023,70.57,151.37,4.91,3.5,1.1,12.31
AHM04,Raikhad,Ahmedabad,24-11-2023,98.08,202.96,4.94,3.41,0.66,13.72
AHM04,Raikhad,Ahmedabad,25-11-2023,96.67,199.47,4.91,3.33,0.58,15.33
AHM04,Raikhad,Ahmedabad,26-11-2023,35.88,92.72,4.91,3.2,0.64,15.32
AHM04,Raikhad,Ahmedabad,27-11-2023,13.58,42.63,4.88,2.42,0.74,15.32
AHM04,Raikhad,Ahmedabad,28-11-2023,19.18,57.5,4.88,2.57,0.74,15.31
AHM04,Raikhad,Ahmedabad,29-11-2023,23.49,78.4,4.89,2.62,0.87,15.37
AHM04,Raikhad,Ahmedabad,30-11-2023,27.73,83.58,4.9,2.34,0.79,15.34
AHM04,Raikhad,Ahmedabad,01-12-2023,37.86,62.84,4.93,2.36,0.83,15.31
AHM04,Raikhad,Ahmedabad,02-12-2023,32.8,62.09,4.88,2.29,0.71,16.22
AHM04,Raikhad,Ahmedabad,03-12-2023,46.98,105.28,5.82,2.3,0.54,15.95
AHM04,Raikhad,Ahmedabad,04-12-2023,19.49,51.73,7.59,2.35,0.57,13.3
AHM04,Raikhad,Ahmedabad,05-12-2023,20.59,53.68,7.64,2.46,0.47,13.32
AHM04,Raikhad,Ahmedabad,06-12-2023,28.16,82.09,7.54,2.67,0.6,13.34
AHM04,Raikhad,Ahmedabad,07-12-2023,56.07,128.99,7.61,2.66,0.79,13.3
AHM04,Raikhad,Ahmedabad,08-12-2023,53.42,122.35,7.57,2.66,0.78,13.29
AHM04,Raikhad,Ahmedabad,09-12-2023,32.35,79.85,7.63,2.66,0.77,13.3
AHM04,Raikhad,Ahmedabad,10-12-2023,38.02,94.45,7.58,2.67,0.83,13.31
AHM04,Raikhad,Ahmedabad,11-12-2023,43.64,106.81,7.59,2.66,0.93,13.31
AHM04,Raikhad,Ahmedabad,12-12-2023,30.57,80.62,7.57,2.67,0.92,13.33
AHM04,Raikhad,Ahmedabad,13-12-2023,45.79,99.97,7.57,2.68,0.85,13.35
AHM04,Raikhad,Ahmedabad,14-12-2023,40.17,102.52,7.6,2.67,0.78,13.32
AHM04,Raikhad,Ahmedabad,15-12-2023,44.24,112.74,7.59,2.66,0.77,13.28
AHM04,Raikhad,Ahmedabad,16-12-2023,47.03,111.91,7.61,2.67,0.74,13.32
AHM04,Raikhad,Ahmedabad,17-12-2023,115.87,200.2,7.58,2.67,1.01,13.34
AHM04,Raikhad,Ahmedabad,18-12-2023,58.27,113.26,7.57,2.66,0.53,13.29
AHM04,Raikhad,Ahmedabad,19-12-2023,69.48,132.3,7.61,2.66,0.41,13.28
AHM04,Raikhad,Ahmedabad,20-12-2023,107.87,210.4,7.6,2.67,0.48,13.33
AHM04,Raikhad,Ahmedabad,21-12-2023,73.23,174.48,7.61,2.68,0.72,13.35
AHM04,Raikhad,Ahmedabad,22-12-2023,47.54,116.59,7.61,2.65,0.81,13.25
AHM04,Raikhad,Ahmedabad,23-12-2023,51.93,127.16,7.58,2.67,1.11,13.32
AHM04,Raikhad,Ahmedabad,24-12-2023,128.38,235.16,7.58,2.67,1.04,13.35
AHM04,Raikhad,Ahmedabad,25-12-2023,119.55,248.16,7.6,2.67,1.29,13.33
AHM04,Raikhad,Ahmedabad,26-12-2023,147.42,247.01,7.59,2.68,1.55,13.39
AHM04,Raikhad,Ahmedabad,27-12-2023,79.43,158.8,7.58,2.67,1.26,13.34
AHM04,Raikhad,Ahmedabad,28-12-2023,83.09,143.89,7.59,2.67,0.84,13.31
AHM04,Raikhad,Ahmedabad,29-12-2023,117.29,219,7.61,2.66,1.09,13.25
AHM04,Raikhad,Ahmedabad,30-12-2023,129.95,236.1,7.59,2.69,0.49,13.39
AHM04,Raikhad,Ahmedabad,31-12-2023,95.13,172.54,7.6,2.65,0.24,13.22
AHM04,Raikhad,Ahmedabad,01-01-2024,110.01,205.42,7.62,2.66,0.54,13.28
AHM04,Raikhad,Ahmedabad,02-01-2024,83.81,176.9,7.59,2.67,0.2,13.31
AHM04,Raikhad,Ahmedabad,03-01-2024,48.68,94.07,7.6,2.68,0.38,13.39
AHM04,Raikhad,Ahmedabad,04-01-2024,49.19,96.14,7.63,2.66,0.38,13.29
AHM04,Raikhad,Ahmedabad,05-01-2024,51.01,101.15,7.62,2.67,0.29,13.31
AHM04,Raikhad,Ahmedabad,06-01-2024,64.9,115.28,7.64,2.68,0.58,13.37
AHM04,Raikhad,Ahmedabad,07-01-2024,92.54,145.26,8.05,2.83,0.8,13.17
AHM04,Raikhad,Ahmedabad,08-01-2024,45.02,89.52,13.75,4.79,0.95,9.7
AHM04,Raikhad,Ahmedabad,09-01-2024,45.14,89.31,13.82,4.78,1.11,9.67
AHM04,Raikhad,Ahmedabad,10-01-2024,67.71,115.97,10.68,6.3,1.01,11.66
AHM04,Raikhad,Ahmedabad,11-01-2024,67.57,101.09,9.02,8.06,1.27,15.13
AHM04,Raikhad,Ahmedabad,12-01-2024,57.8,90.59,9.61,8.55,1.39,18.54
AHM04,Raikhad,Ahmedabad,13-01-2024,61.14,92.3,10.35,9.21,1.22,19.26
AHM04,Raikhad,Ahmedabad,14-01-2024,63.94,97.77,11.21,10.67,1.11,20.25
AHM04,Raikhad,Ahmedabad,15-01-2024,61.71,95.93,10.59,12.05,0.96,20.43
AHM04,Raikhad,Ahmedabad,16-01-2024,69.86,110.68,11.12,10.68,1.37,20.02
AHM04,Raikhad,Ahmedabad,17-01-2024,123.84,187.16,13.23,9.36,1.65,20.01
AHM04,Raikhad,Ahmedabad,18-01-2024,88.68,142.31,13.25,9.34,1.88,19.97
AHM04,Raikhad,Ahmedabad,19-01-2024,66.24,103.11,13.28,9.34,1.55,19.96
AHM04,Raikhad,Ahmedabad,20-01-2024,48.86,76.97,13.29,3.79,1.07,12.04
AHM04,Raikhad,Ahmedabad,21-01-2024,33.8,52.68,13.26,3.7,0.77,11.9
AHM04,Raikhad,Ahmedabad,22-01-2024,65.72,94.8,13.19,3.65,1.94,11.72
AHM04,Raikhad,Ahmedabad,23-01-2024,62.44,93.84,11.86,2.99,1.63,9.02
AHM04,Raikhad,Ahmedabad,24-01-2024,60.96,86.26,12.07,3.23,1.4,8.81
AHM04,Raikhad,Ahmedabad,25-01-2024,153.96,198.89,12.77,4.59,1.87,7.31
AHM04,Raikhad,Ahmedabad,26-01-2024,54.89,85.41,8.9,6.99,0.94,10.05
AHM04,Raikhad,Ahmedabad,27-01-2024,102.91,151.01,9.3,7.42,1.18,10.58
AHM04,Raikhad,Ahmedabad,28-01-2024,121.62,188.11,11.04,11.8,1.05,12.97
AHM04,Raikhad,Ahmedabad,29-01-2024,95.71,139.58,12.14,10.46,1.76,18.59
AHM04,Raikhad,Ahmedabad,30-01-2024,63.34,99.22,12.94,8.66,0.65,19.76
AHM04,Raikhad,Ahmedabad,31-01-2024,60.52,102.25,11.96,7.89,0.92,13.72
AHM04,Raikhad,Ahmedabad,01-02-2024,55.78,83.75,12.2,12.72,0.64,12.42
AHM04,Raikhad,Ahmedabad,02-02-2024,74.28,114.27,11.89,15.19,0.9,11.92
AHM04,Raikhad,Ahmedabad,03-02-2024,61.04,88.72,10,14.56,1.35,10.35
AHM04,Raikhad,Ahmedabad,04-02-2024,66.87,99.25,10.11,15.81,1.16,17.4
AHM04,Raikhad,Ahmedabad,05-02-2024,23.62,34.91,9.56,15.15,0.06,16.06
AHM04,Raikhad,Ahmedabad,06-02-2024,66.22,93.59,33.49,11.56,0.56,17.28
AHM04,Raikhad,Ahmedabad,07-02-2024,74.62,114.53,41.35,6.14,1.68,15.49
AHM04,Raikhad,Ahmedabad,08-02-2024,76.35,119.91,41.52,6.42,1.29,14.89
AHM04,Raikhad,Ahmedabad,09-02-2024,71.6,123.67,24.77,4,1.97,NaN
AHM04,Raikhad,Ahmedabad,10-02-2024,79.54,122,19.92,3.67,1.94,NaN
AHM04,Raikhad,Ahmedabad,11-02-2024,79.75,124.31,19.3,3.63,1.8,NaN
AHM04,Raikhad,Ahmedabad,12-02-2024,87.81,137.5,19.11,4.77,2.16,NaN
AHM04,Raikhad,Ahmedabad,13-02-2024,88.65,141.24,20.13,4.31,2.32,18.57
AHM04,Raikhad,Ahmedabad,14-02-2024,88.82,134.05,20.7,6.57,2.23,8.96
AHM04,Raikhad,Ahmedabad,15-02-2024,NaN,NaN,21.1,5.71,2.18,11.31
AHM04,Raikhad,Ahmedabad,16-02-2024,NaN,NaN,17.73,4.13,2.1,13.93
AHM04,Raikhad,Ahmedabad,17-02-2024,NaN,NaN,33.74,6.05,2.62,14.74
AHM04,Raikhad,Ahmedabad,18-02-2024,NaN,NaN,36.08,5.45,2.93,9.46
AHM04,Raikhad,Ahmedabad,19-02-2024,69.55,104.24,26.31,4.01,1.68,19.01
AHM04,Raikhad,Ahmedabad,20-02-2024,75.56,106.18,44.45,5,0.98,70.23
AHM04,Raikhad,Ahmedabad,21-02-2024,62.13,86.7,24.42,3.7,0.5,54.78
AHM04,Raikhad,Ahmedabad,22-02-2024,66.82,92.09,33.88,4.32,0.29,66.48
AHM04,Raikhad,Ahmedabad,23-02-2024,94.49,137.42,28.16,5.99,0.6,30.99
AHM04,Raikhad,Ahmedabad,24-02-2024,87.33,127.26,19.52,5.28,0.61,31.75
AHM04,Raikhad,Ahmedabad,25-02-2024,75.96,114.55,20.21,5.53,0.54,38.56
AHM04,Raikhad,Ahmedabad,26-02-2024,85.77,140.09,26,7.84,1.17,51.13
AHM04,Raikhad,Ahmedabad,27-02-2024,90.36,143.44,16.96,7.69,1.18,50.24
AHM04,Raikhad,Ahmedabad,28-02-2024,75.94,115.88,23.19,8.11,0.84,88.85
AHM04,Raikhad,Ahmedabad,29-02-2024,100.91,155.03,93.25,12.61,1.45,76.2
AHM04,Raikhad,Ahmedabad,01-03-2024,132.58,197.39,109.97,9.74,1.07,20.86
AHM04,Raikhad,Ahmedabad,02-03-2024,57.48,84.17,64.63,4.42,0.01,15.15
AHM04,Raikhad,Ahmedabad,03-03-2024,20.83,30.99,53.67,3.36,0,22.91
AHM04,Raikhad,Ahmedabad,04-03-2024,26.26,38.28,67.67,5.19,0.36,19.74
AHM04,Raikhad,Ahmedabad,05-03-2024,31.11,48.16,54.39,5.11,0.92,24.58
AHM04,Raikhad,Ahmedabad,06-03-2024,23.03,36.65,56.93,5.27,0.94,25.57
AHM04,Raikhad,Ahmedabad,07-03-2024,31.39,44.2,67.81,7.36,1.12,17.17
AHM04,Raikhad,Ahmedabad,08-03-2024,105.21,146.85,69.81,5.9,0.8,20.67
AHM04,Raikhad,Ahmedabad,09-03-2024,31.57,46.3,60.25,4.46,0.48,28.92
AHM04,Raikhad,Ahmedabad,10-03-2024,27.15,39.46,91.28,7.99,0.99,27.35
AHM04,Raikhad,Ahmedabad,11-03-2024,21.45,31.36,81.53,5.52,0.98,21.49
AHM04,Raikhad,Ahmedabad,12-03-2024,55.54,100.49,53,4.57,1.17,19.77
AHM04,Raikhad,Ahmedabad,13-03-2024,112.76,197.53,26.02,3.62,0.5,26.84
AHM04,Raikhad,Ahmedabad,14-03-2024,164.18,254.88,39.18,6.07,0.33,30.26
AHM04,Raikhad,Ahmedabad,15-03-2024,236.57,376.32,57.78,8.59,0.78,32.61
AHM04,Raikhad,Ahmedabad,16-03-2024,146.52,261.76,72.73,6.66,1.67,29.99
AHM04,Raikhad,Ahmedabad,17-03-2024,138.25,269.97,44.08,5.34,0.87,35.08
AHM04,Raikhad,Ahmedabad,18-03-2024,44.64,79.6,46.11,5.38,0.8,33.99
AHM04,Raikhad,Ahmedabad,19-03-2024,49.5,82.17,65.81,6.45,1.83,30.31
AHM04,Raikhad,Ahmedabad,20-03-2024,84.55,145.01,51.22,5.18,1.39,29.77
AHM04,Raikhad,Ahmedabad,21-03-2024,176.95,312.18,64.78,9.32,1.71,32.31
AHM04,Raikhad,Ahmedabad,22-03-2024,91.59,145.97,54.43,5.57,1.44,24.17
AHM04,Raikhad,Ahmedabad,23-03-2024,73.91,122.79,33.5,9.48,0.87,17.14
AHM04,Raikhad,Ahmedabad,24-03-2024,76,122.81,36.43,7.5,1.25,15.93
AHM04,Raikhad,Ahmedabad,25-03-2024,56.88,97.83,34.81,7.17,1.14,18.22
AHM04,Raikhad,Ahmedabad,26-03-2024,71.62,119.09,42.13,4.7,1.16,16.79
AHM04,Raikhad,Ahmedabad,27-03-2024,70.73,117.23,42.25,8.37,1.42,19.79
AHM04,Raikhad,Ahmedabad,28-03-2024,49.54,82.63,33.27,4.87,0.81,14.95
AHM04,Raikhad,Ahmedabad,29-03-2024,56.36,96.03,33.63,4.46,0.63,21.3
AHM04,Raikhad,Ahmedabad,30-03-2024,41.08,70.21,42.83,5.28,0.74,17.86
AHM04,Raikhad,Ahmedabad,31-03-2024,67.23,111.78,43.91,4.9,0.9,19.54
AHM04,Raikhad,Ahmedabad,01-04-2024,100.33,164.24,53,5.7,0.95,19.96
AHM04,Raikhad,Ahmedabad,02-04-2024,86.47,138.76,35,6.08,0.6,20.11
AHM04,Raikhad,Ahmedabad,03-04-2024,74.13,123.23,43.47,7.88,0.92,19.72
AHM04,Raikhad,Ahmedabad,04-04-2024,73.86,121.67,41.37,7.08,0.95,18.43
AHM04,Raikhad,Ahmedabad,05-04-2024,62.88,111.87,37.18,5.25,0.81,19.09
AHM04,Raikhad,Ahmedabad,06-04-2024,52.82,89.78,33.59,7.28,0.57,24.13
AHM04,Raikhad,Ahmedabad,07-04-2024,59.73,98.12,39.47,6.69,0.67,24.08
AHM04,Raikhad,Ahmedabad,08-04-2024,85.63,143.93,49.15,9.61,0.86,28.68
AHM04,Raikhad,Ahmedabad,09-04-2024,111.99,212.23,88.5,13.11,2.11,32.49
AHM04,Raikhad,Ahmedabad,10-04-2024,72.34,121.77,58.32,8.38,1.06,26.09
AHM04,Raikhad,Ahmedabad,11-04-2024,111.61,191.86,64.48,12.47,0.75,17.04
AHM04,Raikhad,Ahmedabad,12-04-2024,57.22,105.43,61.35,19.62,0.18,23.23
AHM04,Raikhad,Ahmedabad,13-04-2024,69.07,120.92,77.54,21.82,0.17,13.95
AHM04,Raikhad,Ahmedabad,14-04-2024,81.97,129.8,58.57,9.21,0.07,12.96
AHM04,Raikhad,Ahmedabad,15-04-2024,41.42,73.77,61.49,6.97,0.16,10.95
AHM04,Raikhad,Ahmedabad,16-04-2024,53.23,88.85,48.36,6.07,0.66,11.8
AHM04,Raikhad,Ahmedabad,17-04-2024,60.67,98.41,53.45,5.51,0.76,15.8
AHM04,Raikhad,Ahmedabad,18-04-2024,48.05,81.39,42.67,6.65,0.58,11.63
AHM04,Raikhad,Ahmedabad,19-04-2024,58.59,92.72,35.27,6.07,0.47,14.08
AHM04,Raikhad,Ahmedabad,20-04-2024,51.03,83.72,33.73,6.81,0.54,21.98
AHM04,Raikhad,Ahmedabad,21-04-2024,54.31,87.23,35.31,7.2,0.65,18.14
AHM04,Raikhad,Ahmedabad,22-04-2024,35.54,61.32,34.89,7.15,0.59,20.86
AHM04,Raikhad,Ahmedabad,23-04-2024,83.88,129.24,36.94,8.02,1.01,15.97
AHM04,Raikhad,Ahmedabad,24-04-2024,61.33,94.31,37.54,8.12,0.78,18.03
AHM04,Raikhad,Ahmedabad,25-04-2024,65.96,107.16,37.48,9.24,0.59,17.49
AHM04,Raikhad,Ahmedabad,26-04-2024,67.91,105.43,36.63,11.18,0.23,12.26
AHM04,Raikhad,Ahmedabad,27-04-2024,107.03,197.17,41.03,7.38,0.79,13.7
AHM04,Raikhad,Ahmedabad,28-04-2024,142.78,250.72,40.16,7.32,0.51,17.34
AHM04,Raikhad,Ahmedabad,29-04-2024,75.82,142.69,36.59,5.6,0.1,16.42
AHM04,Raikhad,Ahmedabad,30-04-2024,109.92,207.94,35.42,4.66,NaN,21.39
AHM04,Raikhad,Ahmedabad,01-05-2024,121.59,224.94,33.77,5.94,0.48,21.01
AHM04,Raikhad,Ahmedabad,02-05-2024,130.34,217.91,30.14,9.28,0.7,29.13
AHM04,Raikhad,Ahmedabad,03-05-2024,90.03,145.56,10.16,6.57,0.93,19.68
AHM04,Raikhad,Ahmedabad,04-05-2024,75.85,125.48,11.87,5.28,0.64,6.63
AHM04,Raikhad,Ahmedabad,05-05-2024,87.03,136.89,13.3,3.99,0.52,11.43
AHM04,Raikhad,Ahmedabad,06-05-2024,61.8,98.31,13.13,4.39,0.55,13.79
AHM04,Raikhad,Ahmedabad,07-05-2024,80.44,125.04,13.01,4.25,0.54,15.1
AHM04,Raikhad,Ahmedabad,08-05-2024,101.93,163.86,13.65,6.52,0.52,9.46
AHM04,Raikhad,Ahmedabad,09-05-2024,142,233.36,24.75,21.93,0.53,19.28
AHM04,Raikhad,Ahmedabad,10-05-2024,100.36,167.15,25.24,18.08,0.49,22.05
AHM04,Raikhad,Ahmedabad,11-05-2024,113.33,185.61,24.75,19.44,0.55,22.27
AHM04,Raikhad,Ahmedabad,12-05-2024,51.65,87.14,24.41,14.42,0.47,20.34
AHM04,Raikhad,Ahmedabad,13-05-2024,83.43,147.97,21.22,17.06,0.55,50.8
AHM04,Raikhad,Ahmedabad,14-05-2024,60.2,111.03,25.37,19.58,0.84,61.51
AHM04,Raikhad,Ahmedabad,15-05-2024,93.4,160.18,26.25,21.05,0.89,54.2
AHM04,Raikhad,Ahmedabad,16-05-2024,68.87,118.71,106.2,13.33,0.33,61.73
AHM04,Raikhad,Ahmedabad,17-05-2024,62.93,108.95,73.39,10.96,0.44,59.77
AHM04,Raikhad,Ahmedabad,18-05-2024,74.21,122.9,156.79,NaN,0.63,36.69
AHM04,Raikhad,Ahmedabad,19-05-2024,108.15,165.98,192.6,NaN,0.38,48.87
AHM04,Raikhad,Ahmedabad,20-05-2024,45.31,76.78,165.52,21.72,0.28,32.62
AHM04,Raikhad,Ahmedabad,21-05-2024,78.38,130.69,135.6,19.41,0.57,28.49
AHM04,Raikhad,Ahmedabad,22-05-2024,101.37,160.33,45.3,13.39,0.37,23.18
AHM04,Raikhad,Ahmedabad,23-05-2024,NaN,NaN,NaN,NaN,NaN,NaN
AHM04,Raikhad,Ahmedabad,24-05-2024,65.69,102.25,64.67,18.63,0.49,64.89
AHM04,Raikhad,Ahmedabad,25-05-2024,59.92,99.64,59.79,18.46,0.34,32.56
AHM04,Raikhad,Ahmedabad,26-05-2024,78.9,125.19,42.61,16.3,0.41,32.49
AHM04,Raikhad,Ahmedabad,27-05-2024,79.56,121.63,78.25,13.55,0.34,28.51
AHM04,Raikhad,Ahmedabad,28-05-2024,75.51,116.8,25,13.83,0.3,26.92
AHM04,Raikhad,Ahmedabad,29-05-2024,92.07,175.08,25,14.77,0.29,32.93
AHM04,Raikhad,Ahmedabad,30-05-2024,136.09,266.4,37.46,13.47,0.37,33.96
AHM04,Raikhad,Ahmedabad,31-05-2024,128.08,211.3,50.28,13.92,1.15,24.17
AHM04,Raikhad,Ahmedabad,01-06-2024,99.13,162.5,48.46,15.11,0.95,39.3
AHM04,Raikhad,Ahmedabad,02-06-2024,105.75,173.19,48.42,14.95,0.93,42.77
AHM04,Raikhad,Ahmedabad,03-06-2024,141.63,219.74,48.43,16.54,0.83,44.34
AHM04,Raikhad,Ahmedabad,04-06-2024,129.74,202.12,48.54,18.38,0.7,49.44
AHM04,Raikhad,Ahmedabad,05-06-2024,100.3,163.27,48.38,15.15,0.59,30.62
AHM04,Raikhad,Ahmedabad,06-06-2024,76.75,118.35,48.56,14.64,0.3,48.2
AHM04,Raikhad,Ahmedabad,07-06-2024,92.41,147.79,48.49,12,0.22,32.32
AHM04,Raikhad,Ahmedabad,08-06-2024,NaN,NaN,48.48,16.27,0.36,NaN
AHM04,Raikhad,Ahmedabad,09-06-2024,NaN,NaN,48.44,15.43,0.3,NaN
AHM04,Raikhad,Ahmedabad,10-06-2024,NaN,NaN,48.42,15.55,0.26,NaN
AHM04,Raikhad,Ahmedabad,11-06-2024,51.14,79.89,55.62,14.21,0.36,55.03
AHM04,Raikhad,Ahmedabad,12-06-2024,58.14,119.58,57.37,15.47,0.41,46.11
AHM04,Raikhad,Ahmedabad,13-06-2024,62.72,142.97,54.83,16,0.45,49.16
AHM04,Raikhad,Ahmedabad,14-06-2024,38.29,78.15,54.88,15.03,0.42,51.9
AHM04,Raikhad,Ahmedabad,15-06-2024,25.81,54.89,56.56,13.94,0.37,46.98
AHM04,Raikhad,Ahmedabad,16-06-2024,74.77,139.82,69.21,19.82,0.37,35.07
AHM04,Raikhad,Ahmedabad,17-06-2024,79.03,151.67,59.86,20.1,0.29,45.15
AHM04,Raikhad,Ahmedabad,18-06-2024,70.53,125.66,59.95,19.12,0.18,45.99
AHM04,Raikhad,Ahmedabad,19-06-2024,66.9,151.21,59.89,18.68,0.2,39.23
AHM04,Raikhad,Ahmedabad,20-06-2024,58.09,122.32,59.89,18.71,0.29,41.13
AHM04,Raikhad,Ahmedabad,21-06-2024,46.14,87.04,59.94,19.47,0.75,47.9
AHM04,Raikhad,Ahmedabad,22-06-2024,32.85,60.4,59.92,15.61,0.51,24.72
AHM04,Raikhad,Ahmedabad,23-06-2024,48.25,95.74,59.96,4.56,0.22,48.58
AHM04,Raikhad,Ahmedabad,24-06-2024,11.12,22.09,56.44,6.9,0.36,46.87
AHM04,Raikhad,Ahmedabad,25-06-2024,14.49,33.54,5.94,5.36,0.89,48.91
AHM04,Raikhad,Ahmedabad,26-06-2024,60.68,115.96,14.14,5.87,0.87,52.39
AHM04,Raikhad,Ahmedabad,27-06-2024,30.72,61.62,34.7,0.68,0.43,16.29
AHM04,Raikhad,Ahmedabad,28-06-2024,25.01,51.09,31.37,2.81,0.53,15.27
AHM04,Raikhad,Ahmedabad,29-06-2024,22.62,47.65,35.16,4.98,0.45,26.66
AHM04,Raikhad,Ahmedabad,30-06-2024,20.71,40.49,45.37,5.67,0.69,22.2
AHM04,Raikhad,Ahmedabad,01-07-2024,4.05,7.51,43.47,5.15,0.6,39.58
AHM04,Raikhad,Ahmedabad,02-07-2024,13.63,23.3,46.47,5.4,0.58,31.37
AHM04,Raikhad,Ahmedabad,03-07-2024,28.86,48,50,4.99,0.52,21.26
AHM04,Raikhad,Ahmedabad,04-07-2024,33.61,77.66,47.76,5.1,0.5,24.11
AHM04,Raikhad,Ahmedabad,05-07-2024,24.61,68.73,2.02,5.19,0.24,20.45
AHM04,Raikhad,Ahmedabad,06-07-2024,56.37,111.47,26.59,5.08,0.22,16.13
AHM04,Raikhad,Ahmedabad,07-07-2024,70.27,124.48,24.32,7.92,0.38,16.37
AHM04,Raikhad,Ahmedabad,08-07-2024,61.11,113.15,19.07,7.98,0.33,20.07
AHM04,Raikhad,Ahmedabad,09-07-2024,68.46,128.83,20.67,8.59,0.37,17.24
AHM04,Raikhad,Ahmedabad,10-07-2024,36.33,70.43,17.24,9.17,0.23,21.03
AHM04,Raikhad,Ahmedabad,11-07-2024,43.1,85.03,22.77,10.42,0.18,38.8
AHM04,Raikhad,Ahmedabad,12-07-2024,62.23,106.77,37.3,10.82,0.32,33.46
AHM04,Raikhad,Ahmedabad,13-07-2024,44.55,78.52,49.23,10.87,0.26,25.48
AHM04,Raikhad,Ahmedabad,14-07-2024,50.76,95.73,30.77,9.86,0.24,26.65
AHM04,Raikhad,Ahmedabad,15-07-2024,38.3,77.26,21.67,12.02,0.43,22.86
AHM04,Raikhad,Ahmedabad,16-07-2024,33.47,71.52,30.6,9.63,0.44,20.99
AHM04,Raikhad,Ahmedabad,17-07-2024,28.57,60.31,22.44,9.94,0.46,23.47
AHM04,Raikhad,Ahmedabad,18-07-2024,30.59,64.23,19.67,10.04,0.2,23.79
AHM04,Raikhad,Ahmedabad,19-07-2024,20.64,44.77,15.39,10.44,0.29,20.63
AHM04,Raikhad,Ahmedabad,20-07-2024,27.67,55.37,22.19,10.85,0.31,19.59
AHM04,Raikhad,Ahmedabad,21-07-2024,33.55,66.38,25.63,10.28,0.43,21.48
AHM04,Raikhad,Ahmedabad,22-07-2024,35.84,67.58,22.98,10.9,0.54,23.16
AHM04,Raikhad,Ahmedabad,23-07-2024,19.15,40.99,25.58,11.49,0.59,21.44
AHM04,Raikhad,Ahmedabad,24-07-2024,14.93,33.02,22.97,10.52,0.58,17.16
AHM04,Raikhad,Ahmedabad,25-07-2024,24.76,55.31,21.75,10.62,0.64,16.69
AHM04,Raikhad,Ahmedabad,26-07-2024,37.65,75.09,21.65,10.43,0.55,21.94
AHM04,Raikhad,Ahmedabad,27-07-2024,43.76,83.46,23.12,10.35,0.49,26.86
AHM04,Raikhad,Ahmedabad,28-07-2024,49,91.01,10.75,9.69,0.4,22.06
AHM04,Raikhad,Ahmedabad,29-07-2024,28.19,55.28,17.32,10.71,0.42,15.61
AHM04,Raikhad,Ahmedabad,30-07-2024,30.13,61.71,26.25,11.06,0.47,18.52
AHM04,Raikhad,Ahmedabad,31-07-2024,36.88,74.77,13.74,11.14,0.52,21.45
AHM04,Raikhad,Ahmedabad,01-08-2024,21.28,48.58,17.39,10.81,0.59,13.24
AHM04,Raikhad,Ahmedabad,02-08-2024,22.71,47.05,18.23,10.53,0.6,19.49
AHM04,Raikhad,Ahmedabad,03-08-2024,25.62,48.71,18.89,14.1,0.57,20.64
AHM04,Raikhad,Ahmedabad,04-08-2024,25.02,53.22,24.02,15.05,0.62,22.62
AHM04,Raikhad,Ahmedabad,05-08-2024,23.98,48.24,22.36,15.62,0.38,17.93
AHM04,Raikhad,Ahmedabad,06-08-2024,23.23,47.07,11.15,15.49,0.8,22.71
AHM04,Raikhad,Ahmedabad,07-08-2024,30.6,64.79,10.84,18.16,0.71,23.7
AHM04,Raikhad,Ahmedabad,08-08-2024,29.51,63.69,14.78,20.49,1.08,19.31
AHM04,Raikhad,Ahmedabad,09-08-2024,27.22,60.22,14.46,17.6,1.09,19.4
AHM04,Raikhad,Ahmedabad,10-08-2024,15.93,32.55,16.5,12.35,1.09,18.87
AHM04,Raikhad,Ahmedabad,11-08-2024,13.8,30.13,19.38,12.83,1.15,19.73
AHM04,Raikhad,Ahmedabad,12-08-2024,6.67,15.85,34.16,14.41,1.17,20.55
AHM04,Raikhad,Ahmedabad,13-08-2024,17.57,26.64,30.31,13.37,0.9,19.85
AHM04,Raikhad,Ahmedabad,14-08-2024,20.91,25.99,12.1,9.26,0.86,15
AHM04,Raikhad,Ahmedabad,15-08-2024,NaN,NaN,NaN,NaN,NaN,NaN
AHM04,Raikhad,Ahmedabad,16-08-2024,23.74,43.29,20.26,11.98,0.75,22.41
AHM04,Raikhad,Ahmedabad,17-08-2024,26.71,48.56,20.74,10.59,1.08,16.58
AHM04,Raikhad,Ahmedabad,18-08-2024,22.46,43.14,12.6,9.93,1.02,18.34
AHM04,Raikhad,Ahmedabad,19-08-2024,23.92,45.69,18.57,9.49,0.89,18.72
AHM04,Raikhad,Ahmedabad,20-08-2024,20.95,42.4,33.94,11.81,0.91,18.27
AHM04,Raikhad,Ahmedabad,21-08-2024,35.05,58.56,50.47,14.69,1.42,16.12
AHM04,Raikhad,Ahmedabad,22-08-2024,63.4,107.6,33.36,14.87,1.06,12.01
AHM04,Raikhad,Ahmedabad,23-08-2024,23.77,44.6,14.52,13.76,1.14,13.39
AHM04,Raikhad,Ahmedabad,24-08-2024,25.15,44.15,15.73,13.94,1.04,16.1
AHM04,Raikhad,Ahmedabad,25-08-2024,31.59,39.73,22.47,14.48,0.92,14.23
AHM04,Raikhad,Ahmedabad,26-08-2024,5.9,10.94,15.07,14.04,0.82,21.1
AHM04,Raikhad,Ahmedabad,27-08-2024,8.75,14.7,10.38,11.34,0.78,27.71
AHM04,Raikhad,Ahmedabad,28-08-2024,NaN,NaN,NaN,NaN,NaN,NaN
AHM04,Raikhad,Ahmedabad,29-08-2024,22.17,40.47,14.19,10.69,0.35,26.13
AHM04,Raikhad,Ahmedabad,30-08-2024,20.85,37.1,13.91,11.07,0.55,25.39
AHM04,Raikhad,Ahmedabad,31-08-2024,28,50.93,13.75,11.39,0.49,23.96
AHM04,Raikhad,Ahmedabad,01-09-2024,36.87,63.18,15.07,12.04,0.49,19.37
AHM04,Raikhad,Ahmedabad,02-09-2024,20.66,37.87,17.26,11.61,0.48,13.75
AHM04,Raikhad,Ahmedabad,03-09-2024,15.29,26.6,27.03,12.11,0.46,23.09
AHM04,Raikhad,Ahmedabad,04-09-2024,17.48,31.05,16.06,13.56,0.31,18.13
AHM04,Raikhad,Ahmedabad,05-09-2024,25.26,46.58,17.14,12.87,0.29,19.75
AHM04,Raikhad,Ahmedabad,06-09-2024,22.56,42.07,22.17,14.5,0.42,20.21
AHM04,Raikhad,Ahmedabad,07-09-2024,31.59,56,21.09,13.94,0.56,19.99
AHM04,Raikhad,Ahmedabad,08-09-2024,36.71,65.56,20.76,14.06,0.83,17.31
AHM04,Raikhad,Ahmedabad,09-09-2024,35.33,61.03,20.78,12.49,0.5,18.7
AHM04,Raikhad,Ahmedabad,10-09-2024,28.65,49.4,16.76,14.66,0.63,15.97
AHM04,Raikhad,Ahmedabad,11-09-2024,31.1,57.41,21.19,13.5,0.72,16.25
AHM04,Raikhad,Ahmedabad,12-09-2024,43.14,75.78,27.3,12.57,0.52,18.34
AHM04,Raikhad,Ahmedabad,13-09-2024,37.6,64.54,29.33,9.25,0.36,16.02
AHM04,Raikhad,Ahmedabad,14-09-2024,27.22,53.35,22.51,7.93,0.56,18.47
AHM04,Raikhad,Ahmedabad,15-09-2024,32.98,65.38,25.92,6.1,0.49,20.77
AHM04,Raikhad,Ahmedabad,16-09-2024,34.6,64.25,25.72,6.01,0.59,19.74
AHM04,Raikhad,Ahmedabad,17-09-2024,28.67,54.96,22.81,5.8,0.55,18.21
AHM04,Raikhad,Ahmedabad,18-09-2024,30.65,55.71,23.57,6.84,0.6,20.56
AHM04,Raikhad,Ahmedabad,19-09-2024,34.83,61.3,19.39,5.28,0.57,18.35
AHM04,Raikhad,Ahmedabad,20-09-2024,40.12,70.61,18.15,1.35,0.38,18.04
AHM04,Raikhad,Ahmedabad,21-09-2024,38.06,66.15,19.04,1.54,0.47,22.69
AHM04,Raikhad,Ahmedabad,22-09-2024,46.61,82.51,21.23,1.38,0.46,20.34
AHM04,Raikhad,Ahmedabad,23-09-2024,39.11,70.32,19.49,1.15,0.44,19.75
AHM04,Raikhad,Ahmedabad,24-09-2024,36.59,64.66,20.4,0.96,0.53,23.06
AHM04,Raikhad,Ahmedabad,25-09-2024,29,53.54,20.99,1.55,0.66,20.77
AHM04,Raikhad,Ahmedabad,26-09-2024,32.98,61.77,19.06,1.75,0.96,14.54
AHM04,Raikhad,Ahmedabad,27-09-2024,25.51,47.87,20.14,2.18,0.77,14.83
AHM04,Raikhad,Ahmedabad,28-09-2024,27.46,50.79,22.41,2.32,0.84,15.46
AHM04,Raikhad,Ahmedabad,29-09-2024,25.19,49.07,16.04,2.13,0.67,8.96
AHM04,Raikhad,Ahmedabad,30-09-2024,45.48,86.65,15.98,2.35,0.78,13.26
AHM04,Raikhad,Ahmedabad,01-10-2024,57.1,95.52,14.58,1.63,0.62,14.72
AHM04,Raikhad,Ahmedabad,02-10-2024,53.12,85.62,15.67,0.91,0.45,12.99
AHM04,Raikhad,Ahmedabad,03-10-2024,53.23,86.34,12.66,0.51,0.4,16.87
AHM04,Raikhad,Ahmedabad,04-10-2024,47.09,77.51,13.12,1.19,0.5,18.05
AHM04,Raikhad,Ahmedabad,05-10-2024,46.13,77.4,33.35,1.27,0.73,21.51
AHM04,Raikhad,Ahmedabad,06-10-2024,87.81,143.28,50.36,1.93,1.3,25.06
AHM04,Raikhad,Ahmedabad,07-10-2024,75.48,122,40.4,4.87,1.32,38.85
AHM04,Raikhad,Ahmedabad,08-10-2024,89.53,145.66,41.22,1.77,1.25,46.64
AHM04,Raikhad,Ahmedabad,09-10-2024,87.26,135.06,39.41,4.68,0.64,24.51
AHM04,Raikhad,Ahmedabad,10-10-2024,89.93,144.85,33.18,4.68,0.63,19.86
AHM04,Raikhad,Ahmedabad,11-10-2024,54.27,102.65,31.54,5.71,0.65,25.03
AHM04,Raikhad,Ahmedabad,12-10-2024,59.99,94.97,22.92,3.95,0.79,19.72
AHM04,Raikhad,Ahmedabad,13-10-2024,41.98,78.44,16.83,4.16,0.61,28.25
AHM04,Raikhad,Ahmedabad,14-10-2024,40.59,69.95,22.95,5.89,0.83,18.22
AHM04,Raikhad,Ahmedabad,15-10-2024,42.27,81.3,23.14,4.54,0.58,26.62
AHM04,Raikhad,Ahmedabad,16-10-2024,59.14,99.16,34.86,4.33,0.48,43.35
AHM04,Raikhad,Ahmedabad,17-10-2024,88.5,149.94,53.86,5.61,1.37,39.47
AHM04,Raikhad,Ahmedabad,18-10-2024,97.18,160.21,43.92,5.22,1.54,32.34
AHM04,Raikhad,Ahmedabad,19-10-2024,80.17,137.79,29.39,4.38,0.9,13.46
AHM04,Raikhad,Ahmedabad,20-10-2024,57.96,112.77,16.58,4.33,0.34,11.6
AHM04,Raikhad,Ahmedabad,21-10-2024,47.96,90.22,35.21,4.73,0.36,27.36
AHM04,Raikhad,Ahmedabad,22-10-2024,63.84,102.99,39.01,5.89,0.65,29.9
AHM04,Raikhad,Ahmedabad,23-10-2024,83.02,135.36,45.42,4.73,1.3,29.71
AHM04,Raikhad,Ahmedabad,24-10-2024,96.57,154.48,57.74,5.14,1.95,28.78
AHM04,Raikhad,Ahmedabad,25-10-2024,121.3,198.42,65.98,5.62,1.73,30.69
AHM04,Raikhad,Ahmedabad,26-10-2024,117.03,193.94,65.72,6.62,1.23,38.37
AHM04,Raikhad,Ahmedabad,27-10-2024,79.2,125.42,50.49,13.85,0.29,25.77
AHM04,Raikhad,Ahmedabad,28-10-2024,74.16,110.75,50.75,13.79,1.69,28.12
AHM04,Raikhad,Ahmedabad,29-10-2024,70.64,105.8,42.37,14.38,1.35,13.42
AHM04,Raikhad,Ahmedabad,30-10-2024,66.12,96.46,48.26,12.02,0.64,14.9
AHM04,Raikhad,Ahmedabad,31-10-2024,78.99,109.49,56.42,7.92,1.79,22.94
AHM04,Raikhad,Ahmedabad,01-11-2024,106.95,157.36,58.05,8.14,1.31,28.21
AHM04,Raikhad,Ahmedabad,02-11-2024,111.25,159.21,60.06,8.56,2,25.46
AHM04,Raikhad,Ahmedabad,03-11-2024,95.75,144.73,66.15,8.83,1.32,26.23
AHM04,Raikhad,Ahmedabad,04-11-2024,80.63,116.43,66.67,10.14,1.61,37.08
AHM04,Raikhad,Ahmedabad,05-11-2024,83.74,128.84,68.24,10.55,1.26,34.74
AHM04,Raikhad,Ahmedabad,06-11-2024,70.48,110.8,72.29,6.76,1.14,41.71
AHM04,Raikhad,Ahmedabad,07-11-2024,88.94,135.35,94.74,9.57,1.9,43.17
AHM04,Raikhad,Ahmedabad,08-11-2024,82.14,125.51,82.04,9.81,1.69,29.5
AHM04,Raikhad,Ahmedabad,09-11-2024,72.92,113.23,69.77,10.88,1.48,30.61
AHM04,Raikhad,Ahmedabad,10-11-2024,73.22,112.43,71.11,8.96,1.88,32.68
AHM04,Raikhad,Ahmedabad,11-11-2024,70.44,112.7,72.95,9.41,2.35,31.54
AHM04,Raikhad,Ahmedabad,12-11-2024,68.95,126.58,79.54,5.29,2.35,33.05
AHM04,Raikhad,Ahmedabad,13-11-2024,54.5,128.85,83,6.32,2.08,42.31
AHM04,Raikhad,Ahmedabad,14-11-2024,56.01,134.1,86.66,5.97,1.74,44.16
AHM04,Raikhad,Ahmedabad,15-11-2024,56.95,133.14,70.49,6.88,1.71,46.03
AHM04,Raikhad,Ahmedabad,16-11-2024,61.95,138.8,65.59,13.54,1.36,44.96
AHM04,Raikhad,Ahmedabad,17-11-2024,47.9,109.91,57.31,12.93,1.07,46.56
AHM04,Raikhad,Ahmedabad,18-11-2024,47.5,108.44,54.27,13.34,0.99,51.36
AHM04,Raikhad,Ahmedabad,19-11-2024,50.55,120.14,56.83,13.41,1.57,48.81
AHM04,Raikhad,Ahmedabad,20-11-2024,52.07,111.87,53.91,13.15,1.1,60.26
AHM04,Raikhad,Ahmedabad,21-11-2024,73.23,174.78,61.59,13.97,1.33,61.39
AHM04,Raikhad,Ahmedabad,22-11-2024,54.56,130.05,56.12,13.43,0.86,75.69
AHM04,Raikhad,Ahmedabad,23-11-2024,56.5,134.25,66.12,13.8,0.85,68.33
AHM04,Raikhad,Ahmedabad,24-11-2024,58.49,143.02,63.17,13.85,1.64,64.3
AHM04,Raikhad,Ahmedabad,25-11-2024,55.32,132.02,72.98,13.92,2.32,58.68
AHM04,Raikhad,Ahmedabad,26-11-2024,53.02,127.27,90.18,14.51,2.38,52.69
AHM04,Raikhad,Ahmedabad,27-11-2024,65.31,149.67,97.36,15.11,1.86,47.31
AHM04,Raikhad,Ahmedabad,28-11-2024,52.66,126.26,89.07,14.46,1.72,53.99
AHM04,Raikhad,Ahmedabad,29-11-2024,39.96,96.4,59.68,13.62,0.95,72.93
AHM04,Raikhad,Ahmedabad,30-11-2024,46.55,108.87,68.54,13.96,1.07,90.27
AHM04,Raikhad,Ahmedabad,01-12-2024,51.02,117.38,61.3,13.57,1.52,97.69
AHM04,Raikhad,Ahmedabad,02-12-2024,47.51,116.59,62.62,14.04,NaN,97.27
AHM04,Raikhad,Ahmedabad,03-12-2024,47.82,109.08,66.17,14.3,1.36,87.03
AHM04,Raikhad,Ahmedabad,04-12-2024,43.97,102.95,61.12,14.12,0.68,79.9
AHM04,Raikhad,Ahmedabad,05-12-2024,51,110.6,75.97,14.23,0.63,71.7
AHM04,Raikhad,Ahmedabad,06-12-2024,44.9,104.71,73.33,14.21,0.5,69.85
AHM04,Raikhad,Ahmedabad,07-12-2024,44.54,108.18,84.03,14.47,0.59,53.83
AHM04,Raikhad,Ahmedabad,08-12-2024,47.51,116.98,74.92,15.65,0.4,46.46
AHM04,Raikhad,Ahmedabad,09-12-2024,64.99,142.18,62.04,14.34,0.66,70.64
AHM04,Raikhad,Ahmedabad,10-12-2024,43.74,108.13,59.21,11.03,1.03,94.56
AHM04,Raikhad,Ahmedabad,11-12-2024,39.87,97.46,63.44,5.65,1.01,71.15
AHM04,Raikhad,Ahmedabad,12-12-2024,42.57,100.57,74.48,6.06,0.88,61.47
AHM04,Raikhad,Ahmedabad,13-12-2024,41.25,98.16,54.27,5.89,0.4,64.75
AHM04,Raikhad,Ahmedabad,14-12-2024,36.16,82.42,51.13,5.55,0.31,64.47
AHM04,Raikhad,Ahmedabad,15-12-2024,43.22,98.28,67.78,7.27,0.65,60.44
AHM04,Raikhad,Ahmedabad,16-12-2024,47.5,106.05,78.03,8.12,1.02,50.44
AHM04,Raikhad,Ahmedabad,17-12-2024,52.3,118.23,88.19,7.93,0.81,57.02
AHM04,Raikhad,Ahmedabad,18-12-2024,51.95,113.21,89.48,9.29,2.96,37.28
AHM04,Raikhad,Ahmedabad,19-12-2024,66.55,150.9,98.47,8.87,1.02,49.24
AHM04,Raikhad,Ahmedabad,20-12-2024,57.63,137.93,72.68,7.41,0.5,74.63
AHM04,Raikhad,Ahmedabad,21-12-2024,61.09,150.78,49.58,10.67,0.76,72.32
AHM04,Raikhad,Ahmedabad,22-12-2024,55.59,136.78,41.3,9.61,0.3,56.09
AHM04,Raikhad,Ahmedabad,23-12-2024,60.64,145.72,51.12,8.82,0.72,67.35
AHM04,Raikhad,Ahmedabad,24-12-2024,61.83,148.2,50.72,10.38,0.54,65.53
AHM04,Raikhad,Ahmedabad,25-12-2024,58.03,148.47,39.42,9.45,0.27,48.63
AHM04,Raikhad,Ahmedabad,26-12-2024,62.6,162.58,45.21,10.31,0.64,54.33
AHM04,Raikhad,Ahmedabad,27-12-2024,64.43,163.46,43.63,8.69,0.89,48.52
AHM04,Raikhad,Ahmedabad,28-12-2024,51.87,138.09,44.31,8.65,0.77,23.46
AHM04,Raikhad,Ahmedabad,29-12-2024,38.73,104.06,30.81,6.58,0.57,48.57
AHM04,Raikhad,Ahmedabad,30-12-2024,28.63,86.14,43.36,8.14,0.63,38.78
AHM04,Raikhad,Ahmedabad,31-12-2024,30.66,100.53,43.92,6.65,0.43,22.8
AHM04,Raikhad,Ahmedabad,01-01-2025,35.29,95.27,40.08,8.31,0.43,31.18
AHM04,Raikhad,Ahmedabad,02-01-2025,34.16,93.5,38.79,11.49,0.58,38.89
AHM04,Raikhad,Ahmedabad,03-01-2025,36.2,109.8,53.85,16.55,0.24,15.74
AHM04,Raikhad,Ahmedabad,04-01-2025,45.37,113.59,73.84,12.21,0.85,30.62
AHM04,Raikhad,Ahmedabad,05-01-2025,54.71,110.68,44.78,10.46,0.43,33.53
AHM04,Raikhad,Ahmedabad,06-01-2025,45.83,94.38,43.72,12.01,0.37,35.08
AHM04,Raikhad,Ahmedabad,07-01-2025,41.59,86.24,44.87,10.96,0.46,39.29
AHM04,Raikhad,Ahmedabad,08-01-2025,44.06,95.46,50.87,10.75,0.52,33.22
AHM04,Raikhad,Ahmedabad,09-01-2025,46.74,100.19,52.44,11.67,0.46,37.59
AHM04,Raikhad,Ahmedabad,10-01-2025,46.07,97.11,52.74,12.82,0.49,38.31
AHM04,Raikhad,Ahmedabad,11-01-2025,67.26,129.05,84.75,12.84,0.67,13.92
AHM04,Raikhad,Ahmedabad,12-01-2025,46.42,99.08,48.71,10.32,0.39,31.06
AHM04,Raikhad,Ahmedabad,13-01-2025,35.8,81.72,42.21,9.01,0.36,38.78
AHM04,Raikhad,Ahmedabad,14-01-2025,27.9,78.03,52.19,8.97,0.48,37.25
AHM04,Raikhad,Ahmedabad,15-01-2025,60.99,150.49,44.57,9.37,0.28,40.54
AHM04,Raikhad,Ahmedabad,16-01-2025,134.01,239.58,64.82,13.36,0.29,30.37
AHM04,Raikhad,Ahmedabad,17-01-2025,50.19,98.15,45.91,9.15,0.25,41.62
AHM04,Raikhad,Ahmedabad,18-01-2025,177.75,273.17,68.27,11.26,0.51,31.18
AHM04,Raikhad,Ahmedabad,19-01-2025,83.36,129.94,91.4,16.7,0.82,26.6
AHM04,Raikhad,Ahmedabad,20-01-2025,98.13,133.09,105.62,13.71,0.62,26.48
AHM04,Raikhad,Ahmedabad,21-01-2025,103.26,144.73,96.12,12.65,0.56,26.81
AHM04,Raikhad,Ahmedabad,22-01-2025,89.53,136.09,73.75,10.5,0.37,28.81
AHM04,Raikhad,Ahmedabad,23-01-2025,61.22,116.27,59.87,16.88,0.37,34.29
AHM04,Raikhad,Ahmedabad,24-01-2025,40.38,100.26,55.37,11.37,0.55,38.5
AHM04,Raikhad,Ahmedabad,25-01-2025,41.05,99.55,66,11.55,0.63,40.12
AHM04,Raikhad,Ahmedabad,26-01-2025,55.06,132.49,77.26,10.82,0.62,36.38
AHM04,Raikhad,Ahmedabad,27-01-2025,48.14,122.49,89.81,11.19,0.69,35.5
AHM04,Raikhad,Ahmedabad,28-01-2025,56.81,132.94,92.78,13.23,0.82,35.51
AHM04,Raikhad,Ahmedabad,29-01-2025,90.88,203.95,148.38,25.2,1.29,35.08
AHM04,Raikhad,Ahmedabad,30-01-2025,40.74,111.74,59.16,10.76,0.6,30.79
AHM04,Raikhad,Ahmedabad,31-01-2025,66.79,148.54,41.9,NaN,0.36,29.73
AHM04,Raikhad,Ahmedabad,01-02-2025,56.29,112.29,40.25,NaN,0.27,30.59
AHM04,Raikhad,Ahmedabad,02-02-2025,68.27,124.46,49.16,NaN,0.41,37.19
AHM04,Raikhad,Ahmedabad,03-02-2025,65.74,125.47,52.78,NaN,0.62,13.09
AHM04,Raikhad,Ahmedabad,04-02-2025,62.67,102.06,29.95,NaN,0.37,42.51
AHM04,Raikhad,Ahmedabad,05-02-2025,58.91,112.23,28.09,5.13,0.68,38.61
AHM04,Raikhad,Ahmedabad,06-02-2025,54.06,114.7,47.74,5.09,0.33,47.71
AHM04,Raikhad,Ahmedabad,07-02-2025,37.37,82.6,116.42,5.03,0.24,52.63
AHM04,Raikhad,Ahmedabad,08-02-2025,27.27,57.49,217.31,6.27,0.59,47.23
AHM04,Raikhad,Ahmedabad,09-02-2025,31.87,63.61,221.03,6.51,0.48,38.15
AHM04,Raikhad,Ahmedabad,10-02-2025,25.48,52.71,294.96,6.22,0.58,34.5
AHM04,Raikhad,Ahmedabad,11-02-2025,21.01,44.12,196.62,5.92,0.68,25.74
AHM04,Raikhad,Ahmedabad,12-02-2025,47.96,83.42,71.54,11.91,0.65,19.42
AHM04,Raikhad,Ahmedabad,13-02-2025,42.58,68.41,52.82,20.73,0.74,34.01
AHM04,Raikhad,Ahmedabad,14-02-2025,91.02,169.63,98.08,23.27,1.6,30.49
AHM04,Raikhad,Ahmedabad,15-02-2025,96.12,168.32,103.88,19.15,1,22.11
AHM04,Raikhad,Ahmedabad,16-02-2025,72.5,124.11,69.77,11.07,0.86,17.41
AHM04,Raikhad,Ahmedabad,17-02-2025,60.79,106.69,69.97,14.41,1.44,25.92
AHM04,Raikhad,Ahmedabad,18-02-2025,65.85,114.98,85.19,11.24,1.08,17.74
AHM04,Raikhad,Ahmedabad,19-02-2025,62.11,111.78,70.3,10.8,0.59,30.18
AHM04,Raikhad,Ahmedabad,20-02-2025,52.16,92.07,55.99,10.98,0.6,21.21
AHM04,Raikhad,Ahmedabad,21-02-2025,80.81,143.59,77.84,15.64,0.93,25.04
AHM04,Raikhad,Ahmedabad,22-02-2025,86.6,149.33,89.31,11.11,1,29.81
AHM04,Raikhad,Ahmedabad,23-02-2025,81.11,144.57,84.9,9.63,0.82,32.4
AHM04,Raikhad,Ahmedabad,24-02-2025,71.28,131.26,79.18,8.59,1.11,29.64
AHM04,Raikhad,Ahmedabad,25-02-2025,51.23,101.21,63.26,8.99,2.66,38.27
AHM04,Raikhad,Ahmedabad,26-02-2025,67.7,122.29,71.24,10.2,1.4,44.24
AHM04,Raikhad,Ahmedabad,27-02-2025,97.97,164.93,94.89,18.82,0.86,40.89
AHM04,Raikhad,Ahmedabad,28-02-2025,70.26,148.9,57.06,10.77,0.75,22.76
AHM04,Raikhad,Ahmedabad,01-03-2025,56.23,108.1,50.33,7.94,0.31,18.12
AHM04,Raikhad,Ahmedabad,02-03-2025,62.39,119.64,38.89,5.76,0.2,22.12
AHM04,Raikhad,Ahmedabad,03-03-2025,58.25,113.32,46.34,7.28,0.92,27.83
AHM04,Raikhad,Ahmedabad,04-03-2025,75.67,136.64,41.6,8.86,1.26,35.48
AHM04,Raikhad,Ahmedabad,05-03-2025,74.41,137.04,60.18,6.14,1.57,43.56
AHM04,Raikhad,Ahmedabad,06-03-2025,61.88,115.08,103.47,8.28,1.61,39.26
AHM04,Raikhad,Ahmedabad,07-03-2025,59.74,104.98,100.44,7.33,1.69,45.95
AHM04,Raikhad,Ahmedabad,08-03-2025,70.89,119.6,77.74,9.39,1.32,34.6
AHM04,Raikhad,Ahmedabad,09-03-2025,74.23,123.69,81.61,11.17,1.41,43.92
AHM04,Raikhad,Ahmedabad,10-03-2025,73.19,126.09,108.95,8.01,1.71,31.53
AHM04,Raikhad,Ahmedabad,11-03-2025,37.15,58.97,111.93,9.4,1.37,56.83
AHM04,Raikhad,Ahmedabad,12-03-2025,42.35,66.63,95.89,8.21,1.27,35.98
AHM04,Raikhad,Ahmedabad,13-03-2025,31.46,50.12,13.8,10.86,0.85,37.47
AHM04,Raikhad,Ahmedabad,14-03-2025,29.19,53.2,5.75,13.18,0.34,40.58
AHM04,Raikhad,Ahmedabad,15-03-2025,34.22,66.78,13.08,9.39,0.5,30.54
AHM04,Raikhad,Ahmedabad,16-03-2025,32.55,67.75,11.67,10.81,0.63,40.09
AHM04,Raikhad,Ahmedabad,17-03-2025,31.88,60.37,15.03,8.63,0.89,55.12
AHM04,Raikhad,Ahmedabad,18-03-2025,36.71,67.68,18.9,9.33,0.96,56.04
AHM04,Raikhad,Ahmedabad,19-03-2025,45.09,81.09,24.25,13.68,1,53.03
AHM04,Raikhad,Ahmedabad,20-03-2025,28.01,52.5,10.84,8.12,0.44,35.82
AHM04,Raikhad,Ahmedabad,21-03-2025,31.44,57.72,22.96,8.55,0.85,37
AHM04,Raikhad,Ahmedabad,22-03-2025,60.06,98.74,32.24,14.6,1.3,58.45
AHM04,Raikhad,Ahmedabad,23-03-2025,72.43,135.97,40.66,25.18,1.69,49.12
AHM04,Raikhad,Ahmedabad,24-03-2025,49.69,85.71,45.04,17.3,1.31,71.68
AHM04,Raikhad,Ahmedabad,25-03-2025,43.5,73.95,41.65,17.88,1.47,68.96
AHM04,Raikhad,Ahmedabad,26-03-2025,36.62,64.23,20.43,14.68,0.77,42.04
AHM04,Raikhad,Ahmedabad,27-03-2025,26.76,46.83,12.16,9.06,0.94,32.03
AHM04,Raikhad,Ahmedabad,28-03-2025,30.22,54.75,21.04,11.67,0.96,57.21
AHM04,Raikhad,Ahmedabad,29-03-2025,36.29,65.07,31.9,10.82,1.29,60.18
AHM04,Raikhad,Ahmedabad,30-03-2025,35.66,64.13,36.29,13.3,1.19,63.85
AHM04,Raikhad,Ahmedabad,31-03-2025,32.55,59.46,30.43,11.31,0.84,69.32
AHM04,Raikhad,Ahmedabad,01-04-2025,31.7,56.49,27.01,14.02,0.56,70.46
AHM04,Raikhad,Ahmedabad,02-04-2025,46.2,82.95,39.54,16.87,1.35,70.04
AHM04,Raikhad,Ahmedabad,03-04-2025,66.97,115.6,39.27,26.74,1.11,49.96
AHM04,Raikhad,Ahmedabad,04-04-2025,44.51,83.78,31.41,13.45,0.8,22.2
AHM04,Raikhad,Ahmedabad,05-04-2025,53.99,95.83,28.36,18.4,1.43,13.72
AHM04,Raikhad,Ahmedabad,06-04-2025,59.23,92.33,22.43,13.25,0.58,21.44
AHM04,Raikhad,Ahmedabad,07-04-2025,41.3,73.05,19.8,11.44,0.66,31.92
AHM04,Raikhad,Ahmedabad,08-04-2025,35.79,67.64,29.33,13.52,1.16,29.08
AHM04,Raikhad,Ahmedabad,09-04-2025,34.77,62.95,23.28,11.62,0.44,40.35
AHM04,Raikhad,Ahmedabad,10-04-2025,34.36,62.88,15.01,15.04,0.13,44.85
AHM04,Raikhad,Ahmedabad,11-04-2025,27.25,54.63,11.35,12.54,0.14,20.05
AHM04,Raikhad,Ahmedabad,12-04-2025,34.43,67.34,15.82,11.09,0.35,11.7
AHM04,Raikhad,Ahmedabad,13-04-2025,NaN,NaN,NaN,NaN,NaN,NaN
AHM04,Raikhad,Ahmedabad,14-04-2025,66.61,105.62,11.51,11.25,0.4,33.14
AHM04,Raikhad,Ahmedabad,15-04-2025,36.09,65.42,20.42,9.77,0.53,27.84
AHM04,Raikhad,Ahmedabad,16-04-2025,29.43,55.9,22.45,10.37,0.27,26.82
AHM04,Raikhad,Ahmedabad,17-04-2025,36.13,64.05,36.08,17.05,0.9,34.74
AHM04,Raikhad,Ahmedabad,18-04-2025,34.36,59.93,31.2,17.11,0.74,21.04
AHM04,Raikhad,Ahmedabad,19-04-2025,47.7,79.03,31.69,20.01,0.55,31.19
AHM04,Raikhad,Ahmedabad,20-04-2025,70.06,108.62,29.23,19.63,0.48,25.62
AHM04,Raikhad,Ahmedabad,21-04-2025,54.28,87.56,39.87,20.73,0.45,25.23
AHM04,Raikhad,Ahmedabad,22-04-2025,49.14,79.28,56.92,14.01,0.61,41.09
AHM04,Raikhad,Ahmedabad,23-04-2025,46.45,76.52,66.8,15.68,1.55,55.05
AHM04,Raikhad,Ahmedabad,24-04-2025,39.72,68.49,42.57,21.54,0.33,42.04
AHM04,Raikhad,Ahmedabad,25-04-2025,31.54,57.38,31.08,29.45,0.36,43.55
AHM04,Raikhad,Ahmedabad,26-04-2025,33.42,59.41,32.11,21.39,0.36,28.95
AHM04,Raikhad,Ahmedabad,27-04-2025,45,77.03,35.6,25.66,0.38,30.07
AHM04,Raikhad,Ahmedabad,28-04-2025,43.66,78.57,28.1,23.88,0.19,24.23
AHM04,Raikhad,Ahmedabad,29-04-2025,35.96,74.03,32.43,16.45,0.25,17.55
AHM04,Raikhad,Ahmedabad,30-04-2025,66.2,76.4,29.75,20.47,0.66,12.99
AHM04,Raikhad,Ahmedabad,01-05-2025,65.54,78.23,30.47,24.91,0.89,24.52
AHM04,Raikhad,Ahmedabad,02-05-2025,51.34,66.61,31.69,19.35,0.77,75.53
AHM04,Raikhad,Ahmedabad,03-05-2025,56.48,69.99,27.47,16.77,0.68,30.85
AHM04,Raikhad,Ahmedabad,04-05-2025,68.21,79.3,27.09,8.01,0.6,21.87
AHM04,Raikhad,Ahmedabad,05-05-2025,66.68,58.51,28.57,6.67,0.59,36.14
AHM04,Raikhad,Ahmedabad,06-05-2025,NaN,NaN,32.99,9.02,NaN,NaN
AHM04,Raikhad,Ahmedabad,07-05-2025,NaN,NaN,NaN,NaN,NaN,NaN
AHM04,Raikhad,Ahmedabad,08-05-2025,NaN,44.55,27.82,7.95,NaN,23.53
AHM04,Raikhad,Ahmedabad,09-05-2025,NaN,31.56,16.55,6.32,NaN,24.93
AHM04,Raikhad,Ahmedabad,10-05-2025,NaN,38.19,38.54,5.61,NaN,24.66
AHM04,Raikhad,Ahmedabad,11-05-2025,NaN,57.43,17.79,4.48,NaN,21.06
AHM04,Raikhad,Ahmedabad,12-05-2025,NaN,60.69,17.18,4.25,NaN,19.29
AHM04,Raikhad,Ahmedabad,13-05-2025,NaN,59.63,30.13,4.86,NaN,18.19
AHM04,Raikhad,Ahmedabad,14-05-2025,NaN,46.39,22.61,4.69,NaN,18.94
AHM04,Raikhad,Ahmedabad,15-05-2025,NaN,45.7,27.69,4.85,NaN,19.62
AHM04,Raikhad,Ahmedabad,16-05-2025,NaN,43.75,18.43,5.11,NaN,17.46
AHM04,Raikhad,Ahmedabad,17-05-2025,NaN,30.92,11.82,5.2,NaN,16.71
AHM04,Raikhad,Ahmedabad,18-05-2025,NaN,31.07,12.42,5.51,NaN,15.75
AHM04,Raikhad,Ahmedabad,19-05-2025,NaN,89.94,24.13,5.99,NaN,25.45
AHM04,Raikhad,Ahmedabad,20-05-2025,NaN,96.15,NaN,7.5,NaN,27.72
AHM04,Raikhad,Ahmedabad,21-05-2025,NaN,86.3,NaN,6.99,NaN,16.27
AHM04,Raikhad,Ahmedabad,22-05-2025,NaN,91.98,NaN,7.5,NaN,22.98
AHM04,Raikhad,Ahmedabad,23-05-2025,NaN,111.69,NaN,8.08,NaN,21.69
AHM04,Raikhad,Ahmedabad,24-05-2025,NaN,98,NaN,13.34,NaN,22.09
AHM04,Raikhad,Ahmedabad,25-05-2025,NaN,129.59,9.64,6.61,NaN,18.54
AHM04,Raikhad,Ahmedabad,26-05-2025,NaN,112.78,7.2,6.97,NaN,13.88
AHM04,Raikhad,Ahmedabad,27-05-2025,NaN,129.19,7.25,4.15,NaN,42.06
AHM04,Raikhad,Ahmedabad,28-05-2025,NaN,98.02,10.34,5.06,NaN,52.76
AHM04,Raikhad,Ahmedabad,29-05-2025,NaN,83.12,8.91,8.96,NaN,53.41
AHM04,Raikhad,Ahmedabad,30-05-2025,NaN,103.8,19.67,10.79,NaN,28.7
AHM04,Raikhad,Ahmedabad,31-05-2025,NaN,109.03,24.76,3.6,NaN,15.06
AHM04,Raikhad,Ahmedabad,01-06-2025,NaN,84.05,20.46,10.61,NaN,14.29
AHM04,Raikhad,Ahmedabad,02-06-2025,NaN,76.72,16.19,11.04,NaN,12.84
AHM04,Raikhad,Ahmedabad,03-06-2025,NaN,70.47,14.02,10.04,NaN,14.7
AHM04,Raikhad,Ahmedabad,04-06-2025,NaN,111.56,11.48,12.15,NaN,19.72
AHM04,Raikhad,Ahmedabad,05-06-2025,NaN,134.87,9.73,6.35,NaN,22.86
AHM04,Raikhad,Ahmedabad,06-06-2025,NaN,108.82,8.75,10.05,NaN,19.03
AHM04,Raikhad,Ahmedabad,07-06-2025,NaN,101.4,4.66,9.17,NaN,27.5
AHM04,Raikhad,Ahmedabad,08-06-2025,NaN,114.64,2.51,0.77,NaN,87.05
AHM04,Raikhad,Ahmedabad,09-06-2025,NaN,124.9,3.63,4.97,NaN,79.54
AHM04,Raikhad,Ahmedabad,10-06-2025,NaN,102.92,25.86,5.86,NaN,5.75
AHM04,Raikhad,Ahmedabad,11-06-2025,NaN,68.53,114.37,9.8,NaN,10.09
AHM04,Raikhad,Ahmedabad,12-06-2025,NaN,100.19,76.85,11.07,NaN,17.74
AHM04,Raikhad,Ahmedabad,13-06-2025,NaN,124.77,9.47,13.19,NaN,14.13
AHM04,Raikhad,Ahmedabad,14-06-2025,NaN,103.87,2.47,12.49,NaN,19.03
AHM04,Raikhad,Ahmedabad,15-06-2025,NaN,54.8,7.68,14.18,NaN,26.35
AHM04,Raikhad,Ahmedabad,16-06-2025,NaN,65.77,8.13,12.68,NaN,18.58
AHM04,Raikhad,Ahmedabad,17-06-2025,5.49,56.71,26.23,6.91,NaN,11.39
AHM04,Raikhad,Ahmedabad,18-06-2025,20.07,58.87,6.71,7.5,0.49,14.45
AHM04,Raikhad,Ahmedabad,19-06-2025,1.76,50.63,55.73,7.68,0.36,18.9
AHM04,Raikhad,Ahmedabad,20-06-2025,NaN,62.76,28.46,9.72,0.2,17.06
AHM04,Raikhad,Ahmedabad,21-06-2025,NaN,65.79,26.22,10.66,0.34,14.3
AHM04,Raikhad,Ahmedabad,22-06-2025,32.67,71.47,21.54,10.97,0.47,18.46
AHM04,Raikhad,Ahmedabad,23-06-2025,29.53,55.03,15.12,10.18,0.34,20.11
AHM04,Raikhad,Ahmedabad,24-06-2025,31.25,64.65,39.74,10.28,0.12,21.34
AHM04,Raikhad,Ahmedabad,25-06-2025,28.92,58.54,38.01,9.73,0.2,25.23
AHM04,Raikhad,Ahmedabad,26-06-2025,37.65,58.18,47.76,8.91,0.39,22.98
AHM04,Raikhad,Ahmedabad,27-06-2025,33.85,64.03,47.04,9.32,0.3,28.26
AHM04,Raikhad,Ahmedabad,28-06-2025,27.88,50.27,49.45,7.03,0.28,27.04
AHM04,Raikhad,Ahmedabad,29-06-2025,23.74,42.45,23.23,8.63,0.37,21.04
AHM04,Raikhad,Ahmedabad,30-06-2025,28.53,51.96,28.28,8.78,0.18,19.41
AHM04,Raikhad,Ahmedabad,01-07-2025,22.02,54.43,34.8,6.91,0.3,16.71
AHM04,Raikhad,Ahmedabad,02-07-2025,30.95,56.87,13.47,5.4,0.33,8.2
AHM04,Raikhad,Ahmedabad,03-07-2025,21.5,39.9,23.89,5.56,0.4,8.49
AHM04,Raikhad,Ahmedabad,04-07-2025,30.44,53.85,19.49,5.24,0.54,28.74
AHM04,Raikhad,Ahmedabad,05-07-2025,27.7,51.59,18.47,6.17,0.59,53.06
AHM04,Raikhad,Ahmedabad,06-07-2025,35.97,56.52,30.61,7.1,0.21,42.24
AHM04,Raikhad,Ahmedabad,07-07-2025,37.43,58.54,15.21,6.28,0.49,39.35
AHM04,Raikhad,Ahmedabad,08-07-2025,49.9,80.01,17.88,5.65,0.69,65.07
AHM04,Raikhad,Ahmedabad,09-07-2025,43.09,75.67,28.53,4.72,0.54,57.88
AHM04,Raikhad,Ahmedabad,10-07-2025,41.77,76.05,31.01,5.07,0.53,75.17
AHM04,Raikhad,Ahmedabad,11-07-2025,27.82,66.64,NaN,5.69,0.34,11.72
AHM04,Raikhad,Ahmedabad,12-07-2025,21.59,48.67,18.34,4.65,0.3,11.19
AHM04,Raikhad,Ahmedabad,13-07-2025,22.48,53.25,17.93,3.01,0.32,12.99
AHM04,Raikhad,Ahmedabad,14-07-2025,23.92,62.59,26.28,4.51,0.56,26.32
AHM04,Raikhad,Ahmedabad,15-07-2025,27.05,69.68,16.78,4.49,0.57,21.77
AHM04,Raikhad,Ahmedabad,16-07-2025,31.28,89.99,12.51,3.88,0.6,23.48
AHM04,Raikhad,Ahmedabad,17-07-2025,37.15,95.59,16.45,5.12,0.57,8.69
AHM04,Raikhad,Ahmedabad,18-07-2025,33.59,90.38,17.05,5.58,0.84,20.46
AHM04,Raikhad,Ahmedabad,19-07-2025,25.15,56.48,12.79,10.04,1.21,17.47
AHM04,Raikhad,Ahmedabad,20-07-2025,32.28,63.73,32.94,9.1,1.12,18.49
AHM04,Raikhad,Ahmedabad,21-07-2025,29.2,55.1,16.01,16.14,0.57,12.26
AHM04,Raikhad,Ahmedabad,22-07-2025,28.78,61.89,15.21,7.88,0.55,11.2
AHM04,Raikhad,Ahmedabad,23-07-2025,17.56,56.33,11.77,8.26,0.36,13.96
AHM04,Raikhad,Ahmedabad,24-07-2025,25.35,61.57,14.21,10.42,0.48,11.4
AHM04,Raikhad,Ahmedabad,25-07-2025,27.41,64.55,13.71,1.97,0.64,11.67
AHM04,Raikhad,Ahmedabad,26-07-2025,26.76,57,10.29,2.35,0.64,14.67
AHM04,Raikhad,Ahmedabad,27-07-2025,18.12,33.68,10.31,3.85,0.64,8.78
AHM04,Raikhad,Ahmedabad,28-07-2025,23.6,38.34,12.87,3.5,0.81,11.84
AHM04,Raikhad,Ahmedabad,29-07-2025,28.63,55.64,13.78,6.11,0.64,11.63
AHM04,Raikhad,Ahmedabad,30-07-2025,33.4,83.06,20.93,5.84,0.79,3.48
AHM04,Raikhad,Ahmedabad,31-07-2025,35.78,88.35,40.93,6.66,1.09,4.25
AHM04,Raikhad,Ahmedabad,01-08-2025,36.9,80.87,21.2,5.64,0.79,8.19
AHM04,Raikhad,Ahmedabad,02-08-2025,35.81,76.88,36.88,5.92,0.76,7.54
AHM04,Raikhad,Ahmedabad,03-08-2025,24.88,59.35,21.63,6.02,0.76,6.63
AHM04,Raikhad,Ahmedabad,04-08-2025,24.4,57.31,25.74,6.27,0.61,5.17
AHM04,Raikhad,Ahmedabad,05-08-2025,22.77,61.79,24.13,5.93,0.48,6.02
AHM04,Raikhad,Ahmedabad,06-08-2025,28.04,71.08,25.81,6.01,0.2,4.39
AHM04,Raikhad,Ahmedabad,07-08-2025,29.26,90.36,21.41,5.83,0.53,9.08
AHM04,Raikhad,Ahmedabad,08-08-2025,33.25,87.5,21.62,6.22,1.01,13.43
AHM04,Raikhad,Ahmedabad,09-08-2025,23.33,77.55,14.21,5.84,0.86,14.11
AHM04,Raikhad,Ahmedabad,10-08-2025,26.63,88.49,12.89,6.11,0.83,14.37
AHM04,Raikhad,Ahmedabad,11-08-2025,20.97,59.85,9.49,5.8,0.75,15.39
AHM04,Raikhad,Ahmedabad,12-08-2025,19.96,53.08,29.6,5.95,0.74,12.58
AHM04,Raikhad,Ahmedabad,13-08-2025,21.26,51.44,22.29,6.21,0.82,18.37
AHM04,Raikhad,Ahmedabad,14-08-2025,35.89,79.58,35.26,6.36,0.97,22.16
AHM04,Raikhad,Ahmedabad,15-08-2025,36.93,66.99,31.46,6.36,1.07,25.33
AHM04,Raikhad,Ahmedabad,16-08-2025,31.86,47.74,24.18,5.58,0.87,23.51
AHM04,Raikhad,Ahmedabad,17-08-2025,28.09,43.51,15.95,6.4,0.83,24.94
AHM04,Raikhad,Ahmedabad,18-08-2025,23.89,46.55,28.41,6.5,0.79,20.55
AHM04,Raikhad,Ahmedabad,19-08-2025,33.98,54.21,34.4,6.73,0.8,20.27
AHM04,Raikhad,Ahmedabad,20-08-2025,23.1,36.41,22.61,6.14,0.58,16.41
AHM04,Raikhad,Ahmedabad,21-08-2025,15.54,31.88,8.43,7.68,0.41,15.77
AHM04,Raikhad,Ahmedabad,22-08-2025,16.62,28.37,6.11,11.25,0.26,11.05
AHM04,Raikhad,Ahmedabad,23-08-2025,10.34,28.96,5.68,11.04,0.2,9.17
AHM04,Raikhad,Ahmedabad,24-08-2025,8.51,20.76,4.66,10.83,0.17,9.45
AHM04,Raikhad,Ahmedabad,25-08-2025,14.36,33.63,6.18,11.19,0.25,10.84
AHM04,Raikhad,Ahmedabad,26-08-2025,24.66,52.43,6.27,10.58,0.28,9.24
AHM04,Raikhad,Ahmedabad,27-08-2025,31.6,62.7,6.7,11.01,0.45,6.05
AHM04,Raikhad,Ahmedabad,28-08-2025,34.04,70.65,8.31,11.01,0.33,5.16
AHM04,Raikhad,Ahmedabad,29-08-2025,30.42,59.52,8.81,8.09,0.67,5.17
AHM04,Raikhad,Ahmedabad,30-08-2025,41.55,80.62,6.61,6.25,0.41,NaN
AHM04,Raikhad,Ahmedabad,31-08-2025,31.44,61.64,NaN,5.91,0.28,NaN
AHM04,Raikhad,Ahmedabad,01-09-2025,24.18,56.72,6.01,5.89,0.09,1.55
AHM04,Raikhad,Ahmedabad,02-09-2025,24.12,77.05,7.34,6.44,0.59,7.4
AHM04,Raikhad,Ahmedabad,03-09-2025,36.84,88.71,8.16,5.62,0.62,12.25
AHM04,Raikhad,Ahmedabad,04-09-2025,28.69,64.77,9.59,6.09,0.81,16.92
AHM04,Raikhad,Ahmedabad,05-09-2025,21.89,44.49,6.63,6.27,0.64,18.78
AHM04,Raikhad,Ahmedabad,06-09-2025,21.7,34.5,7.2,6.29,0.6,15.43
AHM04,Raikhad,Ahmedabad,07-09-2025,22.97,38.71,8.2,6.47,0.57,13.46
AHM04,Raikhad,Ahmedabad,08-09-2025,27.19,72.27,9.4,5.93,0.53,8.35
AHM04,Raikhad,Ahmedabad,09-09-2025,31.08,80.41,15.35,8.43,0.45,7.35
AHM04,Raikhad,Ahmedabad,10-09-2025,38.17,86.15,19.8,8.37,0.42,7.79
AHM04,Raikhad,Ahmedabad,11-09-2025,29.76,73.6,9.45,8.41,0.35,12.2
AHM04,Raikhad,Ahmedabad,12-09-2025,31.15,68.96,3.53,7.88,0.22,8.43
AHM04,Raikhad,Ahmedabad,13-09-2025,29.08,68.07,8.94,14.65,0.71,9.72
AHM04,Raikhad,Ahmedabad,14-09-2025,27.14,74.96,9.18,6.88,0.64,4.4
AHM04,Raikhad,Ahmedabad,15-09-2025,21.15,57.96,10,6.31,0.55,1.92
AHM04,Raikhad,Ahmedabad,16-09-2025,21.97,62.94,10.97,9.15,0.43,6.63
AHM04,Raikhad,Ahmedabad,17-09-2025,22.63,67.1,13.07,8.99,0.42,9.67
AHM04,Raikhad,Ahmedabad,18-09-2025,30.38,81.7,12.94,7.51,0.38,12.03
AHM04,Raikhad,Ahmedabad,19-09-2025,36.76,89.06,21.84,4.96,0.37,12.22
AHM04,Raikhad,Ahmedabad,20-09-2025,33.28,66.49,20.21,6.58,0.48,14.43
AHM04,Raikhad,Ahmedabad,21-09-2025,27.97,66.65,16.23,4.99,0.36,13.69
AHM04,Raikhad,Ahmedabad,22-09-2025,19.91,61,18.24,6.88,0.27,10.65
AHM04,Raikhad,Ahmedabad,23-09-2025,19.26,56.09,16.78,7.19,0.24,10.94
AHM04,Raikhad,Ahmedabad,24-09-2025,25.42,66.01,17.71,10.79,0.34,11.04
AHM04,Raikhad,Ahmedabad,25-09-2025,30.87,81.16,19.62,12.75,0.34,13.6
AHM04,Raikhad,Ahmedabad,26-09-2025,26.08,76.2,24.85,7.91,0.38,13.55
AHM04,Raikhad,Ahmedabad,27-09-2025,25.37,80.34,29.19,9.88,0.41,18.34
AHM04,Raikhad,Ahmedabad,28-09-2025,30.49,74.44,27.71,10.03,0.6,10.23
AHM04,Raikhad,Ahmedabad,29-09-2025,13.01,30.25,16.92,7.43,0.48,12.44
AHM04,Raikhad,Ahmedabad,30-09-2025,16.3,35.98,15.5,14.03,0.37,14.58
AHM04,Raikhad,Ahmedabad,01-10-2025,19.05,50.6,19.36,22.07,0.37,12.05
AHM04,Raikhad,Ahmedabad,02-10-2025,20.52,50.96,17.97,15.35,0.34,14.1
AHM04,Raikhad,Ahmedabad,03-10-2025,22.38,54.39,22.03,16.68,0.36,10.66
AHM04,Raikhad,Ahmedabad,04-10-2025,31.71,75.54,20.04,22.48,0.33,6.8
AHM04,Raikhad,Ahmedabad,05-10-2025,31.14,77.05,17.74,18.25,0.32,5.69
AHM04,Raikhad,Ahmedabad,06-10-2025,17.04,46.28,13.75,9.19,0.26,5.88
AHM04,Raikhad,Ahmedabad,07-10-2025,30.07,79.12,12.5,8.5,0.36,5.3
AHM04,Raikhad,Ahmedabad,08-10-2025,33.23,130.94,3.86,9.68,0.44,12.32
AHM04,Raikhad,Ahmedabad,09-10-2025,68.9,199.89,53.65,7.05,0.75,16.33
AHM04,Raikhad,Ahmedabad,10-10-2025,81.03,238.84,53.12,10.5,1.38,20.96
AHM04,Raikhad,Ahmedabad,11-10-2025,89.6,227.78,57.25,9.34,1.65,24.82
AHM04,Raikhad,Ahmedabad,12-10-2025,86.53,196.63,50.84,11.86,1.41,23.59
AHM04,Raikhad,Ahmedabad,13-10-2025,78.17,190.24,61.41,10.32,1.08,23.66
AHM04,Raikhad,Ahmedabad,14-10-2025,59.21,145.2,58.45,8.62,1.29,31.1
AHM04,Raikhad,Ahmedabad,15-10-2025,73.07,148.89,61.33,7.58,1.37,31.31
AHM04,Raikhad,Ahmedabad,16-10-2025,77.13,157.87,68.84,8.14,1.4,32.03
AHM04,Raikhad,Ahmedabad,17-10-2025,63.99,124.55,59.88,6.86,0.94,35.32
AHM04,Raikhad,Ahmedabad,18-10-2025,84.14,157.85,67.03,7.18,1.33,27.49
AHM04,Raikhad,Ahmedabad,19-10-2025,76.61,141.52,54.14,10.28,1,35.71
AHM04,Raikhad,Ahmedabad,20-10-2025,132.34,185.05,54.97,16.7,1.18,34.2
AHM04,Raikhad,Ahmedabad,21-10-2025,99.78,189.18,52.59,30.1,1.15,32.93
AHM04,Raikhad,Ahmedabad,22-10-2025,79.51,186.3,41.15,13.79,0.65,53.7
AHM04,Raikhad,Ahmedabad,23-10-2025,65.48,105.34,30.96,14.55,0.56,67.84
AHM04,Raikhad,Ahmedabad,24-10-2025,71.32,123.56,25.84,14.93,0.63,64.32
AHM04,Raikhad,Ahmedabad,25-10-2025,63.79,108.48,22.22,15.33,0.76,67.02
AHM04,Raikhad,Ahmedabad,26-10-2025,36.77,60.34,17.8,16.68,0.53,30.22
AHM04,Raikhad,Ahmedabad,27-10-2025,22.33,29.61,16.03,12.11,0.46,10.96
AHM04,Raikhad,Ahmedabad,28-10-2025,8.94,18.14,17.12,11.06,0.25,23.83
AHM04,Raikhad,Ahmedabad,29-10-2025,36.95,55.03,19.16,10.75,0.42,33.66
AHM04,Raikhad,Ahmedabad,30-10-2025,30.76,52.31,23.69,9.01,0.5,21.83
AHM04,Raikhad,Ahmedabad,31-10-2025,14.1,22.01,22.07,7.85,0.54,13.63
AHM04,Raikhad,Ahmedabad,01-11-2025,20.82,32.73,24.71,9.09,1,7.21
AHM04,Raikhad,Ahmedabad,02-11-2025,30.01,74.61,27.34,11.68,0.94,7.48
AHM04,Raikhad,Ahmedabad,03-11-2025,26.15,64.54,26.21,14.09,0.47,5.97
AHM04,Raikhad,Ahmedabad,04-11-2025,32.11,70.51,25.32,8.58,0.36,13.08
AHM04,Raikhad,Ahmedabad,05-11-2025,58.92,107.17,41.84,10.09,0.51,28.59
AHM04,Raikhad,Ahmedabad,06-11-2025,72.54,143.13,48.66,16.26,0.79,18.68
AHM04,Raikhad,Ahmedabad,07-11-2025,74.48,148.41,72.16,10.56,1.04,29.65
AHM04,Raikhad,Ahmedabad,08-11-2025,84.65,154.11,77.48,14.45,1.21,22.67
AHM04,Raikhad,Ahmedabad,09-11-2025,73.07,172.7,77.75,12.58,1.11,24.22
AHM04,Raikhad,Ahmedabad,10-11-2025,95.17,180.76,77.37,12.95,1.73,24.73
AHM04,Raikhad,Ahmedabad,11-11-2025,109.22,212.4,129.84,10.22,1.44,26.8
AHM04,Raikhad,Ahmedabad,12-11-2025,87.33,234.13,87.36,12.69,1.43,28.96
AHM04,Raikhad,Ahmedabad,13-11-2025,88.08,231.03,79.98,11.28,1.32,31.02
AHM04,Raikhad,Ahmedabad,14-11-2025,79.05,219.69,70.95,14.21,1.14,35.94
AHM04,Raikhad,Ahmedabad,15-11-2025,68,171.03,68.2,13.96,0.76,39.75
AHM04,Raikhad,Ahmedabad,16-11-2025,67.96,211.32,58.27,12.61,0.62,45.88
AHM04,Raikhad,Ahmedabad,17-11-2025,84.25,182.42,66.18,13.61,0.77,48.72
AHM04,Raikhad,Ahmedabad,18-11-2025,96.79,223.99,75.09,13.47,0.87,42.91
AHM04,Raikhad,Ahmedabad,19-11-2025,98.79,213.98,66.47,12.55,0.83,43.74
AHM04,Raikhad,Ahmedabad,20-11-2025,111.08,222.03,26.61,11.21,1.01,44.3
AHM04,Raikhad,Ahmedabad,21-11-2025,123.41,247.76,16.91,16.38,1.66,49.32
AHM04,Raikhad,Ahmedabad,22-11-2025,124.97,232.02,16.07,16.13,1.41,35.29
AHM04,Raikhad,Ahmedabad,23-11-2025,126.49,281.93,18.23,17.62,1.19,25.76
AHM04,Raikhad,Ahmedabad,24-11-2025,115.29,214.19,31.9,16.58,1.06,33.23
AHM04,Raikhad,Ahmedabad,25-11-2025,118.06,212.98,41.49,16.05,0.75,48.94
AHM04,Raikhad,Ahmedabad,26-11-2025,108.62,202.95,33.17,17.06,0.51,51.8
AHM04,Raikhad,Ahmedabad,27-11-2025,118.11,230.49,42.02,18.35,1.01,44.31
AHM04,Raikhad,Ahmedabad,28-11-2025,135.13,235.64,39.84,16.65,0.81,40.22
AHM04,Raikhad,Ahmedabad,29-11-2025,105.94,197.13,39.78,10.44,0.85,35.56
AHM04,Raikhad,Ahmedabad,30-11-2025,100.25,236.51,40.37,14.07,0.95,30.16
AHM04,Raikhad,Ahmedabad,01-12-2025,95.92,192.26,50.7,10.04,0.9,20.69
AHM04,Raikhad,Ahmedabad,02-12-2025,71.37,184.71,61.23,5.33,0.93,22.85
AHM04,Raikhad,Ahmedabad,03-12-2025,69.87,169.1,47.3,7.83,0.84,30.06
AHM04,Raikhad,Ahmedabad,04-12-2025,63.07,147.51,40.34,8.04,0.76,39.06
AHM04,Raikhad,Ahmedabad,05-12-2025,67.89,148.5,30.69,8.02,0.62,50.51
AHM04,Raikhad,Ahmedabad,06-12-2025,63.98,147.12,36.38,8.67,0.6,47.08
AHM04,Raikhad,Ahmedabad,07-12-2025,65.36,141.64,47.5,8.6,0.44,34.87
AHM04,Raikhad,Ahmedabad,08-12-2025,55.02,125.85,32.45,10.74,0.47,28.65
AHM04,Raikhad,Ahmedabad,09-12-2025,57.93,139.87,41.71,13.71,0.35,26.96
AHM04,Raikhad,Ahmedabad,10-12-2025,65.07,151.63,47.4,13.45,0.4,24.1
AHM04,Raikhad,Ahmedabad,11-12-2025,63.76,153.67,49.86,10.35,0.55,24.75
AHM04,Raikhad,Ahmedabad,12-12-2025,74.38,180.83,54.49,9.59,0.73,23.25
AHM04,Raikhad,Ahmedabad,13-12-2025,68.47,178.55,52.1,11.32,0.32,25.86
AHM04,Raikhad,Ahmedabad,14-12-2025,62.65,167.12,46.26,14.03,0.46,30.66
AHM04,Raikhad,Ahmedabad,15-12-2025,58.84,160.37,39.18,13.59,0.35,35.49
AHM04,Raikhad,Ahmedabad,16-12-2025,70.97,160.22,26.97,11.46,0.91,51.05
AHM04,Raikhad,Ahmedabad,17-12-2025,70.75,165.96,26.64,11.33,0.82,46.36
AHM04,Raikhad,Ahmedabad,18-12-2025,62.39,174.22,64.18,11.58,0.81,24.37
AHM04,Raikhad,Ahmedabad,19-12-2025,62.98,163.23,49.36,14.97,0.49,28.98
AHM04,Raikhad,Ahmedabad,20-12-2025,64.76,193.69,61.54,20.16,0.56,26.04
AHM04,Raikhad,Ahmedabad,21-12-2025,63.1,155.62,43.01,18.83,0.41,30.48
AHM04,Raikhad,Ahmedabad,22-12-2025,64.79,158.03,38.71,21.41,0.48,36.96
AHM04,Raikhad,Ahmedabad,23-12-2025,61.3,153.86,42.93,13.19,0.38,31.26
AHM04,Raikhad,Ahmedabad,24-12-2025,61.16,157.04,40.7,13.49,0.35,32.32
AHM04,Raikhad,Ahmedabad,25-12-2025,56.6,140.02,33.48,12.07,0.67,33.33
AHM04,Raikhad,Ahmedabad,26-12-2025,57.94,140.92,34.53,14.31,0.58,37.7
AHM04,Raikhad,Ahmedabad,27-12-2025,57.84,142.04,33.01,13.59,0.5,41.65
AHM04,Raikhad,Ahmedabad,28-12-2025,62.72,159.38,36.46,14.37,0.47,37.24
AHM04,Raikhad,Ahmedabad,29-12-2025,72.05,186.64,47.37,17.44,0.45,33
AHM04,Raikhad,Ahmedabad,30-12-2025,81.84,190.42,50.74,16.49,0.43,30.89
AHM04,Raikhad,Ahmedabad,31-12-2025,NaN,221.28,69.95,30.54,1.04,15.01
AHM05,Rakhial,Ahmedabad,01-01-2023,NaN,NaN,NaN,NaN,NaN,NaN
AHM05,Rakhial,Ahmedabad,02-01-2023,NaN,NaN,NaN,NaN,NaN,NaN
AHM05,Rakhial,Ahmedabad,03-01-2023,NaN,NaN,NaN,NaN,NaN,NaN
AHM05,Rakhial,Ahmedabad,04-01-2023,NaN,NaN,NaN,NaN,NaN,NaN
AHM05,Rakhial,Ahmedabad,05-01-2023,NaN,NaN,NaN,NaN,NaN,NaN
AHM05,Rakhial,Ahmedabad,06-01-2023,NaN,NaN,NaN,NaN,NaN,NaN
AHM05,Rakhial,Ahmedabad,07-01-2023,NaN,NaN,NaN,NaN,NaN,NaN
AHM05,Rakhial,Ahmedabad,08-01-2023,NaN,NaN,NaN,NaN,NaN,NaN
AHM05,Rakhial,Ahmedabad,09-01-2023,NaN,NaN,NaN,NaN,NaN,NaN
AHM05,Rakhial,Ahmedabad,10-01-2023,NaN,NaN,NaN,NaN,NaN,NaN
AHM05,Rakhial,Ahmedabad,11-01-2023,NaN,NaN,NaN,NaN,NaN,NaN
AHM05,Rakhial,Ahmedabad,12-01-2023,110.16,224.57,1.73,16.54,1.09,12.18
AHM05,Rakhial,Ahmedabad,13-01-2023,131.06,256.87,5.85,2.39,1.09,6.72
AHM05,Rakhial,Ahmedabad,14-01-2023,65.1,134.46,NaN,2.93,0.97,3.97
AHM05,Rakhial,Ahmedabad,15-01-2023,55.53,116.18,NaN,1.65,0.78,4.41
AHM05,Rakhial,Ahmedabad,16-01-2023,73.7,151.02,NaN,2.13,1.23,4.66
AHM05,Rakhial,Ahmedabad,17-01-2023,86.9,177.13,18.37,3.34,1.48,4.74
AHM05,Rakhial,Ahmedabad,18-01-2023,64.07,132.74,18.03,3.66,0.84,4.6
AHM05,Rakhial,Ahmedabad,19-01-2023,75.37,155.95,17.19,2.89,1.14,4.3
AHM05,Rakhial,Ahmedabad,20-01-2023,83.85,172.71,16.14,6.44,1.11,3.86
AHM05,Rakhial,Ahmedabad,21-01-2023,86.52,177.34,18.95,6.29,1.15,5.42
AHM05,Rakhial,Ahmedabad,22-01-2023,64.5,134.06,15.89,12.07,0.95,6.13
AHM05,Rakhial,Ahmedabad,23-01-2023,83.95,171.03,14.77,9.31,1.43,4.96
AHM05,Rakhial,Ahmedabad,24-01-2023,92.41,189.73,14.26,5.17,1.38,5.81
AHM05,Rakhial,Ahmedabad,25-01-2023,84.06,172.38,13.33,12.13,1.2,6.21
AHM05,Rakhial,Ahmedabad,26-01-2023,76.89,160.54,11.66,4.76,0.83,6.79
AHM05,Rakhial,Ahmedabad,27-01-2023,72.1,152.11,11.73,3.18,0.73,7.89
AHM05,Rakhial,Ahmedabad,28-01-2023,62.79,130.28,11.63,3.24,0.88,6.86
AHM05,Rakhial,Ahmedabad,29-01-2023,69.65,140.97,11.72,2.14,1.29,6.5
AHM05,Rakhial,Ahmedabad,30-01-2023,69.22,138.99,11.74,1.81,1.04,8.83
AHM05,Rakhial,Ahmedabad,31-01-2023,57.88,121.76,9.88,1.56,0.66,8.11
AHM05,Rakhial,Ahmedabad,01-02-2023,49.69,106.04,9.57,1.46,0.8,8.35
AHM05,Rakhial,Ahmedabad,02-02-2023,76.69,155.82,9.58,2.97,1.84,9.36
AHM05,Rakhial,Ahmedabad,03-02-2023,81.21,163.83,8.93,5.11,1.69,10.26
AHM05,Rakhial,Ahmedabad,04-02-2023,106.57,210.6,8.78,4.13,1.81,9
AHM05,Rakhial,Ahmedabad,05-02-2023,91.9,182.57,9.51,4.19,2.44,9.75
AHM05,Rakhial,Ahmedabad,06-02-2023,98.49,195.07,11.6,5.93,1.49,11.59
AHM05,Rakhial,Ahmedabad,07-02-2023,84.63,169.59,11.45,2.79,1.4,9.42
AHM05,Rakhial,Ahmedabad,08-02-2023,77.21,154.41,11.41,5.08,1.02,12.49
AHM05,Rakhial,Ahmedabad,09-02-2023,122.13,241.73,11.16,7.92,2.07,11.77
AHM05,Rakhial,Ahmedabad,10-02-2023,103.87,200.15,9.77,16.31,1.34,12.14
AHM05,Rakhial,Ahmedabad,11-02-2023,67.25,132.48,8.86,11.19,0.94,11.39
AHM05,Rakhial,Ahmedabad,12-02-2023,85.71,171.26,9.87,4.62,0.66,10.4
AHM05,Rakhial,Ahmedabad,13-02-2023,77.62,156.19,9.63,12.27,1.86,12.53
AHM05,Rakhial,Ahmedabad,14-02-2023,105.69,210.4,10.46,13.54,1.75,10.37
AHM05,Rakhial,Ahmedabad,15-02-2023,158.99,260.54,9.3,9.29,1.47,13.21
AHM05,Rakhial,Ahmedabad,16-02-2023,110.8,219.12,9.53,10.53,1.73,9.12
AHM05,Rakhial,Ahmedabad,17-02-2023,117.78,228.74,15.99,10.2,2.12,12.5
AHM05,Rakhial,Ahmedabad,18-02-2023,123.35,246.37,24.69,7.62,1.93,2.87
AHM05,Rakhial,Ahmedabad,19-02-2023,125.41,247.46,24.9,7.72,2.77,2.12
AHM05,Rakhial,Ahmedabad,20-02-2023,146.71,286.78,28.49,23.26,2.4,3.71
AHM05,Rakhial,Ahmedabad,21-02-2023,98.34,190.03,24.3,11.26,1.47,4.05
AHM05,Rakhial,Ahmedabad,22-02-2023,96.16,188.06,19.87,12.21,1.13,3.08
AHM05,Rakhial,Ahmedabad,23-02-2023,85.13,165.8,21.45,14.31,1.45,2.04
AHM05,Rakhial,Ahmedabad,24-02-2023,129.96,254.66,28.26,11.75,2.22,4.76
AHM05,Rakhial,Ahmedabad,25-02-2023,88.18,176.97,23.63,8.18,1.64,4.55
AHM05,Rakhial,Ahmedabad,26-02-2023,97.24,194.16,24.68,6.68,1.41,3.59
AHM05,Rakhial,Ahmedabad,27-02-2023,106.37,213.75,26.98,6.11,1.84,3.86
AHM05,Rakhial,Ahmedabad,28-02-2023,80.64,163.57,24.5,5.66,1.13,3.06
AHM05,Rakhial,Ahmedabad,01-03-2023,122.88,246.48,28.65,10.1,1.98,4.11
AHM05,Rakhial,Ahmedabad,02-03-2023,123.25,247.7,29.99,11.68,1.79,2.03
AHM05,Rakhial,Ahmedabad,03-03-2023,134.21,269.73,31.84,9.01,2,4.46
AHM05,Rakhial,Ahmedabad,04-03-2023,104.98,221.49,22.26,6.18,1.38,3.53
AHM05,Rakhial,Ahmedabad,05-03-2023,68.93,154.05,18.38,4.52,1.09,4.62
AHM05,Rakhial,Ahmedabad,06-03-2023,90.29,200.77,21.49,6.77,0.99,3.05
AHM05,Rakhial,Ahmedabad,07-03-2023,33.24,71.21,19.06,2.56,1.24,5.31
AHM05,Rakhial,Ahmedabad,08-03-2023,42.95,97.76,16.57,2.07,0.93,4.17
AHM05,Rakhial,Ahmedabad,09-03-2023,35.73,75.5,26.1,3.61,0.57,16.98
AHM05,Rakhial,Ahmedabad,10-03-2023,58.19,120.88,41.67,5.78,1.93,27.06
AHM05,Rakhial,Ahmedabad,11-03-2023,68.31,141.29,46.53,8.42,1.86,20.88
AHM05,Rakhial,Ahmedabad,12-03-2023,60.75,127.18,45.72,3.31,1.74,27.72
AHM05,Rakhial,Ahmedabad,13-03-2023,96.14,198.79,50.82,4.71,2.46,26.02
AHM05,Rakhial,Ahmedabad,14-03-2023,103.4,209.57,61.07,8.29,2.31,23.66
AHM05,Rakhial,Ahmedabad,15-03-2023,97.62,204.65,25.9,6.89,1.45,28.59
AHM05,Rakhial,Ahmedabad,16-03-2023,44.11,95.31,17.92,7.7,0.93,29.58
AHM05,Rakhial,Ahmedabad,17-03-2023,63.74,134.31,15.56,3.8,1.12,33.64
AHM05,Rakhial,Ahmedabad,18-03-2023,43.09,93.9,12.67,3.66,0.76,32.82
AHM05,Rakhial,Ahmedabad,19-03-2023,36.42,75.85,17.38,5.28,0.69,24.66
AHM05,Rakhial,Ahmedabad,20-03-2023,57.21,117.65,18.11,15.29,0.86,26.7
AHM05,Rakhial,Ahmedabad,21-03-2023,47.77,98.22,18.59,13.39,0.7,19.43
AHM05,Rakhial,Ahmedabad,22-03-2023,45.11,94.02,15.44,8.45,0.58,19.16
AHM05,Rakhial,Ahmedabad,23-03-2023,36.47,80.75,14.71,3.95,0.55,23.8
AHM05,Rakhial,Ahmedabad,24-03-2023,36.07,74.43,24.14,4.94,0.56,32.36
AHM05,Rakhial,Ahmedabad,25-03-2023,45.17,92.8,33.73,2.63,0.63,28.72
AHM05,Rakhial,Ahmedabad,26-03-2023,71.03,143.51,33.91,9.53,0.75,26.25
AHM05,Rakhial,Ahmedabad,27-03-2023,84.22,169.17,39.78,5.21,0.71,30.36
AHM05,Rakhial,Ahmedabad,28-03-2023,75.2,152.1,50.68,7.42,1.07,22.39
AHM05,Rakhial,Ahmedabad,29-03-2023,70.91,145.37,42.94,7.4,0.61,26.33
AHM05,Rakhial,Ahmedabad,30-03-2023,52.4,108.35,30.33,4.51,0.71,25.57
AHM05,Rakhial,Ahmedabad,31-03-2023,42.09,84.3,17.17,7.18,0.48,8.92
AHM05,Rakhial,Ahmedabad,01-04-2023,44.21,88.63,19.85,9.54,0.77,6.95
AHM05,Rakhial,Ahmedabad,02-04-2023,45.58,91.74,18.2,7.59,0.79,7.69
AHM05,Rakhial,Ahmedabad,03-04-2023,43.63,88.93,18.34,4.93,0.62,9.67
AHM05,Rakhial,Ahmedabad,04-04-2023,64.14,127.36,20.19,7.45,1.13,8.16
AHM05,Rakhial,Ahmedabad,05-04-2023,66.78,133.27,22.77,9.12,0.94,8.63
AHM05,Rakhial,Ahmedabad,06-04-2023,66.91,135.67,21.64,5.39,1,8.83
AHM05,Rakhial,Ahmedabad,07-04-2023,71.34,145.72,24.14,5.69,1.13,10.79
AHM05,Rakhial,Ahmedabad,08-04-2023,91.24,185.19,33.58,6.65,1.18,5.35
AHM05,Rakhial,Ahmedabad,09-04-2023,83.8,170.89,22.58,5.83,1.07,6.33
AHM05,Rakhial,Ahmedabad,10-04-2023,81.81,164.86,22.96,5.6,1.72,3.22
AHM05,Rakhial,Ahmedabad,11-04-2023,67.58,135.73,19.44,5.74,1.61,2.28
AHM05,Rakhial,Ahmedabad,12-04-2023,52.29,107.39,17.3,3.57,1.15,5.92
AHM05,Rakhial,Ahmedabad,13-04-2023,58.57,121.11,21.39,5.21,1.23,4.36
AHM05,Rakhial,Ahmedabad,14-04-2023,62.07,126.85,19.44,7.14,1.61,5.52
AHM05,Rakhial,Ahmedabad,15-04-2023,51.71,104.64,23.24,7.97,NaN,7.02
AHM05,Rakhial,Ahmedabad,16-04-2023,62.35,124.6,32.84,16.02,NaN,19.27
AHM05,Rakhial,Ahmedabad,17-04-2023,68.94,138.02,35.99,9.34,NaN,17.75
AHM05,Rakhial,Ahmedabad,18-04-2023,71.07,142.05,38.97,10.22,NaN,10.41
AHM05,Rakhial,Ahmedabad,19-04-2023,91.62,196.26,35.88,8.99,NaN,3.59
AHM05,Rakhial,Ahmedabad,20-04-2023,59.5,118.95,29.56,4.65,NaN,3.69
AHM05,Rakhial,Ahmedabad,21-04-2023,60.78,121.04,30.81,4.31,NaN,2.19
AHM05,Rakhial,Ahmedabad,22-04-2023,52.61,106.34,32.2,5.58,NaN,3.03
AHM05,Rakhial,Ahmedabad,23-04-2023,44.93,94.27,27.82,3.55,NaN,4.78
AHM05,Rakhial,Ahmedabad,24-04-2023,60.82,129.03,34.94,8.05,NaN,2.99
AHM05,Rakhial,Ahmedabad,25-04-2023,67.28,145.5,45.93,7.6,NaN,4.62
AHM05,Rakhial,Ahmedabad,26-04-2023,77.82,166.39,39.78,7.32,0.55,3.59
AHM05,Rakhial,Ahmedabad,27-04-2023,50.19,106.22,28.24,7.49,0.55,4.91
AHM05,Rakhial,Ahmedabad,28-04-2023,53.35,114.21,30.09,12.86,0.55,3.01
AHM05,Rakhial,Ahmedabad,29-04-2023,32.89,68.71,26.92,8.84,0.55,3.06
AHM05,Rakhial,Ahmedabad,30-04-2023,36.6,74.4,29.8,10.91,0.55,4.45
AHM05,Rakhial,Ahmedabad,01-05-2023,45.31,92.54,30.46,9.2,0.55,4.2
AHM05,Rakhial,Ahmedabad,02-05-2023,35.35,73.95,29.58,9.42,0.55,4.14
AHM05,Rakhial,Ahmedabad,03-05-2023,55.49,114.46,35.75,8.06,0.55,7.67
AHM05,Rakhial,Ahmedabad,04-05-2023,47.73,100.89,29.42,7.56,0.54,5.25
AHM05,Rakhial,Ahmedabad,05-05-2023,48.87,100.31,32.01,13.26,0.55,5.6
AHM05,Rakhial,Ahmedabad,06-05-2023,41.08,84.28,27.76,3.79,0.55,5.96
AHM05,Rakhial,Ahmedabad,07-05-2023,44.93,91.29,40.29,4.54,0.55,7.42
AHM05,Rakhial,Ahmedabad,08-05-2023,43.91,89.35,49.7,4.23,0.55,5.78
AHM05,Rakhial,Ahmedabad,09-05-2023,63.8,127.02,61.92,10.68,0.55,4.63
AHM05,Rakhial,Ahmedabad,10-05-2023,80.02,159.19,71.48,6.19,0.56,6.46
AHM05,Rakhial,Ahmedabad,11-05-2023,84.37,170,71.21,5.03,0.55,6.96
AHM05,Rakhial,Ahmedabad,12-05-2023,72.38,145.07,64.31,7.57,0.55,6.03
AHM05,Rakhial,Ahmedabad,13-05-2023,45.84,94.18,52.49,6.72,0.55,5.23
AHM05,Rakhial,Ahmedabad,14-05-2023,31.27,66.36,36.79,3.52,0.55,4.64
AHM05,Rakhial,Ahmedabad,15-05-2023,36.59,76.67,32.57,0.81,0.55,3.9
AHM05,Rakhial,Ahmedabad,16-05-2023,33.72,70.98,29.77,0.51,0.56,4.61
AHM05,Rakhial,Ahmedabad,17-05-2023,34.97,72.61,34.3,0.98,0.55,5.45
AHM05,Rakhial,Ahmedabad,18-05-2023,38.42,77.64,37.25,3.37,0.55,5.38
AHM05,Rakhial,Ahmedabad,19-05-2023,43.6,87.14,30.85,3.17,0.55,3.57
AHM05,Rakhial,Ahmedabad,20-05-2023,46.4,93.08,23.26,3.82,0.55,4.69
AHM05,Rakhial,Ahmedabad,21-05-2023,39.15,79.41,18.67,3.7,0.55,6.76
AHM05,Rakhial,Ahmedabad,22-05-2023,35.77,74.1,18.96,3.6,0.55,4.67
AHM05,Rakhial,Ahmedabad,23-05-2023,34.64,71.74,18.35,3.25,0.55,8.42
AHM05,Rakhial,Ahmedabad,24-05-2023,54.29,109.69,17.07,2.62,0.55,8.52
AHM05,Rakhial,Ahmedabad,25-05-2023,48.16,99.27,17.92,4.6,0.55,7.67
AHM05,Rakhial,Ahmedabad,26-05-2023,58.1,115.36,16.75,2.52,0.55,12.28
AHM05,Rakhial,Ahmedabad,27-05-2023,50.91,101.42,19.1,0.79,0.55,9.4
AHM05,Rakhial,Ahmedabad,28-05-2023,34.37,64.44,16.44,0.86,0.55,8.57
AHM05,Rakhial,Ahmedabad,29-05-2023,28.66,58.87,21.76,1.37,0.54,7.56
AHM05,Rakhial,Ahmedabad,30-05-2023,54.13,111.07,29.85,2.74,0.55,7.11
AHM05,Rakhial,Ahmedabad,31-05-2023,78.85,155.95,28.34,4.92,0.55,7.51
AHM05,Rakhial,Ahmedabad,01-06-2023,41.35,85.12,19.64,2.79,0.55,6.93
AHM05,Rakhial,Ahmedabad,02-06-2023,35.91,73.28,15.16,1.23,0.55,8.84
AHM05,Rakhial,Ahmedabad,03-06-2023,37.85,76.1,15.86,1.52,0.55,NaN
AHM05,Rakhial,Ahmedabad,04-06-2023,22.48,46.68,14.03,0.57,0.55,NaN
AHM05,Rakhial,Ahmedabad,05-06-2023,46.56,95.79,13.78,0.45,0.55,NaN
AHM05,Rakhial,Ahmedabad,06-06-2023,42.39,91.51,15.08,0.56,0.55,NaN
AHM05,Rakhial,Ahmedabad,07-06-2023,37.6,76.67,14.63,0.4,0.55,NaN
AHM05,Rakhial,Ahmedabad,08-06-2023,38.74,78.99,11.31,0.43,0.55,NaN
AHM05,Rakhial,Ahmedabad,09-06-2023,35.25,73.43,12.03,0.39,0.55,NaN
AHM05,Rakhial,Ahmedabad,10-06-2023,22.2,46.71,12.57,0.41,0.55,NaN
AHM05,Rakhial,Ahmedabad,11-06-2023,25.36,53.57,8.49,0.37,0.55,NaN
AHM05,Rakhial,Ahmedabad,12-06-2023,28.47,59.02,9.51,0.36,0.55,NaN
AHM05,Rakhial,Ahmedabad,13-06-2023,38.4,80.31,10.33,0.42,0.55,NaN
AHM05,Rakhial,Ahmedabad,14-06-2023,35.83,73.4,7.03,0.4,0.55,NaN
AHM05,Rakhial,Ahmedabad,15-06-2023,50.09,100.39,6.18,0.4,0.55,NaN
AHM05,Rakhial,Ahmedabad,16-06-2023,28.19,54.86,8.35,0.4,0.55,NaN
AHM05,Rakhial,Ahmedabad,17-06-2023,38.16,78.3,10.48,0.4,0.55,NaN
AHM05,Rakhial,Ahmedabad,18-06-2023,48.42,99.07,7.73,0.42,0.55,NaN
AHM05,Rakhial,Ahmedabad,19-06-2023,45.21,92.25,9.92,0.51,0.55,NaN
AHM05,Rakhial,Ahmedabad,20-06-2023,44.46,90.44,23.75,0.36,0.55,NaN
AHM05,Rakhial,Ahmedabad,21-06-2023,39.02,79.93,20.58,0.41,0.55,NaN
AHM05,Rakhial,Ahmedabad,22-06-2023,27.03,54.57,20.43,0.28,0.55,NaN
AHM05,Rakhial,Ahmedabad,23-06-2023,24.59,49.39,20.26,0.4,0.55,NaN
AHM05,Rakhial,Ahmedabad,24-06-2023,20.17,40.98,20.77,0.5,0.55,NaN
AHM05,Rakhial,Ahmedabad,25-06-2023,9.19,18.21,21.1,0.31,0.55,NaN
AHM05,Rakhial,Ahmedabad,26-06-2023,7.57,15.36,19.86,0.46,0.55,NaN
AHM05,Rakhial,Ahmedabad,27-06-2023,9.73,19.57,22.65,0.41,0.55,NaN
AHM05,Rakhial,Ahmedabad,28-06-2023,7.2,14.6,21.84,0.41,0.55,NaN
AHM05,Rakhial,Ahmedabad,29-06-2023,7.55,15.05,19.62,0.48,0.55,NaN
AHM05,Rakhial,Ahmedabad,30-06-2023,5.75,11.51,18.14,0.46,0.54,NaN
AHM05,Rakhial,Ahmedabad,01-07-2023,5.58,10.81,18.39,0.43,0.56,NaN
AHM05,Rakhial,Ahmedabad,02-07-2023,6.55,13.55,19.1,0.34,0.55,NaN
AHM05,Rakhial,Ahmedabad,03-07-2023,6.67,14.03,14.81,0.31,0.56,NaN
AHM05,Rakhial,Ahmedabad,04-07-2023,7.61,15.77,17.05,0.35,0.55,NaN
AHM05,Rakhial,Ahmedabad,05-07-2023,12.1,24,19.34,0.44,0.55,NaN
AHM05,Rakhial,Ahmedabad,06-07-2023,NaN,NaN,20.57,0.43,0.55,NaN
AHM05,Rakhial,Ahmedabad,07-07-2023,NaN,NaN,18.54,0.36,0.55,NaN
AHM05,Rakhial,Ahmedabad,08-07-2023,NaN,NaN,19.07,0.37,0.55,NaN
AHM05,Rakhial,Ahmedabad,09-07-2023,NaN,NaN,15.97,0.31,0.55,NaN
AHM05,Rakhial,Ahmedabad,10-07-2023,NaN,NaN,14.53,0.4,0.55,NaN
AHM05,Rakhial,Ahmedabad,11-07-2023,NaN,NaN,14.69,0.43,0.55,NaN
AHM05,Rakhial,Ahmedabad,12-07-2023,NaN,NaN,15.15,0.36,0.55,NaN
AHM05,Rakhial,Ahmedabad,13-07-2023,NaN,NaN,17.17,0.33,0.54,NaN
AHM05,Rakhial,Ahmedabad,14-07-2023,28.38,57,19.72,0.35,0.55,NaN
AHM05,Rakhial,Ahmedabad,15-07-2023,37.91,74.79,15.87,0.45,0.55,NaN
AHM05,Rakhial,Ahmedabad,16-07-2023,33.45,66.96,13.44,0.33,0.55,NaN
AHM05,Rakhial,Ahmedabad,17-07-2023,42.08,83.64,15.04,0.36,0.55,NaN
AHM05,Rakhial,Ahmedabad,18-07-2023,45.87,89.9,16.3,0.45,0.55,NaN
AHM05,Rakhial,Ahmedabad,19-07-2023,36.97,72.38,18.86,0.66,0.55,NaN
AHM05,Rakhial,Ahmedabad,20-07-2023,26.37,53.74,16.01,0.4,0.55,NaN
AHM05,Rakhial,Ahmedabad,21-07-2023,26.73,55.49,15.05,0.34,0.55,NaN
AHM05,Rakhial,Ahmedabad,22-07-2023,30.11,59.86,15.88,0.37,0.55,NaN
AHM05,Rakhial,Ahmedabad,23-07-2023,117.01,61.99,17.92,0.2,0.55,NaN
AHM05,Rakhial,Ahmedabad,24-07-2023,16.29,33.87,NaN,0.34,0.55,NaN
AHM05,Rakhial,Ahmedabad,25-07-2023,24.16,49.08,NaN,0.3,0.55,NaN
AHM05,Rakhial,Ahmedabad,26-07-2023,29.22,59.05,NaN,0.29,0.55,NaN
AHM05,Rakhial,Ahmedabad,27-07-2023,41.31,82.57,NaN,0.24,2.3,NaN
AHM05,Rakhial,Ahmedabad,28-07-2023,34.73,68.65,NaN,NaN,4.28,NaN
AHM05,Rakhial,Ahmedabad,29-07-2023,38.05,76.66,NaN,NaN,4.58,NaN
AHM05,Rakhial,Ahmedabad,30-07-2023,29.05,58.02,NaN,NaN,4.11,NaN
AHM05,Rakhial,Ahmedabad,31-07-2023,24.83,49.26,NaN,NaN,3.2,NaN
AHM05,Rakhial,Ahmedabad,01-08-2023,23.53,47.12,110.32,NaN,1.29,NaN
AHM05,Rakhial,Ahmedabad,02-08-2023,33.85,68.56,NaN,NaN,NaN,NaN
AHM05,Rakhial,Ahmedabad,03-08-2023,49.63,100.87,NaN,NaN,NaN,NaN
AHM05,Rakhial,Ahmedabad,04-08-2023,44.68,89.2,28.76,2.44,NaN,NaN
AHM05,Rakhial,Ahmedabad,05-08-2023,44.93,89.39,26.66,2.38,NaN,NaN
AHM05,Rakhial,Ahmedabad,06-08-2023,40.6,80.96,26.17,2.3,NaN,NaN
AHM05,Rakhial,Ahmedabad,07-08-2023,45.53,90.77,26.46,2.39,NaN,NaN
AHM05,Rakhial,Ahmedabad,08-08-2023,43.38,86.76,26.39,2.33,NaN,NaN
AHM05,Rakhial,Ahmedabad,09-08-2023,47.93,94.19,25.51,2.39,NaN,NaN
AHM05,Rakhial,Ahmedabad,10-08-2023,42.26,83.75,25.28,2.38,NaN,NaN
AHM05,Rakhial,Ahmedabad,11-08-2023,45.43,90.57,26.18,2.45,NaN,NaN
AHM05,Rakhial,Ahmedabad,12-08-2023,43.72,86.69,23.42,2.3,NaN,NaN
AHM05,Rakhial,Ahmedabad,13-08-2023,37.93,76.3,21.73,2.29,NaN,NaN
AHM05,Rakhial,Ahmedabad,14-08-2023,35.09,70.39,21.36,2.37,NaN,NaN
AHM05,Rakhial,Ahmedabad,15-08-2023,32.77,65.76,22.56,2.3,NaN,NaN
AHM05,Rakhial,Ahmedabad,16-08-2023,35.91,72.6,21.02,2.36,NaN,NaN
AHM05,Rakhial,Ahmedabad,17-08-2023,48.76,96.88,19.88,2.33,NaN,NaN
AHM05,Rakhial,Ahmedabad,18-08-2023,50.74,100.55,14.84,2.34,NaN,NaN
AHM05,Rakhial,Ahmedabad,19-08-2023,52.06,103.21,16.8,2.37,NaN,NaN
AHM05,Rakhial,Ahmedabad,20-08-2023,32.27,63.54,17.63,2.24,NaN,NaN
AHM05,Rakhial,Ahmedabad,21-08-2023,43.27,85.05,21.52,2.4,NaN,NaN
AHM05,Rakhial,Ahmedabad,22-08-2023,42.72,84.75,18.54,2.28,NaN,NaN
AHM05,Rakhial,Ahmedabad,23-08-2023,29.2,60.24,17.75,2.29,NaN,NaN
AHM05,Rakhial,Ahmedabad,24-08-2023,30.45,64.47,18.53,2.51,NaN,NaN
AHM05,Rakhial,Ahmedabad,25-08-2023,35.64,73.28,19.21,2.54,NaN,NaN
AHM05,Rakhial,Ahmedabad,26-08-2023,42.55,85.79,20.54,2.53,NaN,NaN
AHM05,Rakhial,Ahmedabad,27-08-2023,47.3,95.43,17.82,2.37,NaN,NaN
AHM05,Rakhial,Ahmedabad,28-08-2023,41.96,85.36,18.96,2.4,NaN,NaN
AHM05,Rakhial,Ahmedabad,29-08-2023,38.66,77.73,18.89,2.39,NaN,NaN
AHM05,Rakhial,Ahmedabad,30-08-2023,39.37,78.22,15.79,3.5,NaN,NaN
AHM05,Rakhial,Ahmedabad,31-08-2023,46.01,92.67,23.1,6.57,NaN,NaN
AHM05,Rakhial,Ahmedabad,01-09-2023,53.36,106.99,24.35,8.74,NaN,NaN
AHM05,Rakhial,Ahmedabad,02-09-2023,56.35,112.5,13.7,7.13,NaN,NaN
AHM05,Rakhial,Ahmedabad,03-09-2023,49.99,97.69,11.46,8.79,NaN,NaN
AHM05,Rakhial,Ahmedabad,04-09-2023,49.72,98.35,11.5,6.38,NaN,NaN
AHM05,Rakhial,Ahmedabad,05-09-2023,43.29,85.8,12.93,6.17,NaN,NaN
AHM05,Rakhial,Ahmedabad,06-09-2023,50.19,103.3,13.83,5.49,NaN,NaN
AHM05,Rakhial,Ahmedabad,07-09-2023,32.2,68.81,17.13,5.32,NaN,NaN
AHM05,Rakhial,Ahmedabad,08-09-2023,30.21,65.31,14.8,5.71,NaN,NaN
AHM05,Rakhial,Ahmedabad,09-09-2023,29.25,59.75,12.27,5.19,NaN,NaN
AHM05,Rakhial,Ahmedabad,10-09-2023,33.78,68.64,11.03,5.34,NaN,NaN
AHM05,Rakhial,Ahmedabad,11-09-2023,31.36,63.26,12.66,5.44,NaN,NaN
AHM05,Rakhial,Ahmedabad,12-09-2023,27.84,57.35,11.4,5.35,NaN,NaN
AHM05,Rakhial,Ahmedabad,13-09-2023,26.69,55.31,11.92,5.43,NaN,NaN
AHM05,Rakhial,Ahmedabad,14-09-2023,32.65,66.08,12.87,6.44,NaN,NaN
AHM05,Rakhial,Ahmedabad,15-09-2023,43.02,85.53,15.3,7.26,NaN,NaN
AHM05,Rakhial,Ahmedabad,16-09-2023,33.52,68.74,12.18,6.9,NaN,NaN
AHM05,Rakhial,Ahmedabad,17-09-2023,14.9,29.91,10.05,5.22,NaN,NaN
AHM05,Rakhial,Ahmedabad,18-09-2023,14.58,30.78,15.03,5.26,NaN,NaN
AHM05,Rakhial,Ahmedabad,19-09-2023,13.88,29.12,10.74,5.28,NaN,NaN
AHM05,Rakhial,Ahmedabad,20-09-2023,14.13,28.36,11.82,5.14,NaN,NaN
AHM05,Rakhial,Ahmedabad,21-09-2023,NaN,NaN,NaN,NaN,NaN,NaN
AHM05,Rakhial,Ahmedabad,22-09-2023,144.12,297.44,NaN,6.56,NaN,NaN
AHM05,Rakhial,Ahmedabad,23-09-2023,30.92,61.03,NaN,5.66,NaN,NaN
AHM05,Rakhial,Ahmedabad,24-09-2023,NaN,NaN,NaN,NaN,NaN,NaN
AHM05,Rakhial,Ahmedabad,25-09-2023,59.73,130.79,39.57,6.45,NaN,NaN
AHM05,Rakhial,Ahmedabad,26-09-2023,59.8,130.26,20.11,5.2,NaN,NaN
AHM05,Rakhial,Ahmedabad,27-09-2023,59.97,130.72,14.51,5.29,NaN,NaN
AHM05,Rakhial,Ahmedabad,28-09-2023,60.24,130.6,12.83,4.18,NaN,NaN
AHM05,Rakhial,Ahmedabad,29-09-2023,60.2,130.31,13.61,1.94,NaN,NaN
AHM05,Rakhial,Ahmedabad,30-09-2023,60.51,130.5,12.26,1.79,NaN,NaN
AHM05,Rakhial,Ahmedabad,01-10-2023,60.42,130.02,11.4,2.97,0.44,NaN
AHM05,Rakhial,Ahmedabad,02-10-2023,60.12,130.24,10.44,3.84,2.5,6.55
AHM05,Rakhial,Ahmedabad,03-10-2023,60.1,131.17,7.9,4.43,0.05,13.3
AHM05,Rakhial,Ahmedabad,04-10-2023,60.28,130.63,6.58,4.92,1.17,15.25
AHM05,Rakhial,Ahmedabad,05-10-2023,60.07,130.78,7.05,5.79,0.83,18.59
AHM05,Rakhial,Ahmedabad,06-10-2023,60.23,130.71,7.07,3.95,0.34,23.06
AHM05,Rakhial,Ahmedabad,07-10-2023,60.43,130.86,6.3,3.67,0.61,23.71
AHM05,Rakhial,Ahmedabad,08-10-2023,60.23,130.59,6.19,3.85,0.41,24.06
AHM05,Rakhial,Ahmedabad,09-10-2023,60.46,130.5,4.8,3.17,0.24,24.33
AHM05,Rakhial,Ahmedabad,10-10-2023,60.24,130.33,5.17,3.25,0.44,23.96
AHM05,Rakhial,Ahmedabad,11-10-2023,57.47,122.83,6.86,5.1,1.2,25.68
AHM05,Rakhial,Ahmedabad,12-10-2023,84.78,175.87,6.74,4.18,0.93,32.45
AHM05,Rakhial,Ahmedabad,13-10-2023,82.63,173.08,5.82,4.29,0.41,27.2
AHM05,Rakhial,Ahmedabad,14-10-2023,96.56,203.84,6.54,5.01,0.51,30.53
AHM05,Rakhial,Ahmedabad,15-10-2023,57.91,123.35,3.93,5.49,1.09,26.51
AHM05,Rakhial,Ahmedabad,16-10-2023,56.67,117.85,5.1,4.03,1.38,23.52
AHM05,Rakhial,Ahmedabad,17-10-2023,60.57,124.16,4.77,5.31,0.7,20.61
AHM05,Rakhial,Ahmedabad,18-10-2023,71.82,146.06,4.41,4.51,1.26,14.05
AHM05,Rakhial,Ahmedabad,19-10-2023,81.79,171.19,4.54,3.64,1.15,18.49
AHM05,Rakhial,Ahmedabad,20-10-2023,74.41,158.88,4.79,3.44,0.73,21.86
AHM05,Rakhial,Ahmedabad,21-10-2023,81.52,172.53,5.06,4.34,1.3,20.33
AHM05,Rakhial,Ahmedabad,22-10-2023,88.43,183.92,6.98,5.92,0.89,21.19
AHM05,Rakhial,Ahmedabad,23-10-2023,83.83,174.29,5.09,4.12,0.77,20.07
AHM05,Rakhial,Ahmedabad,24-10-2023,82.64,171.75,4.13,8.1,1.59,21.74
AHM05,Rakhial,Ahmedabad,25-10-2023,105.45,214.97,3.98,4.98,0.57,21.28
AHM05,Rakhial,Ahmedabad,26-10-2023,124.69,255.47,3.56,6.98,0.48,17.91
AHM05,Rakhial,Ahmedabad,27-10-2023,101.75,208.62,3.1,6.68,0.5,21.49
AHM05,Rakhial,Ahmedabad,28-10-2023,111.25,230.13,2.93,7.88,0.51,21.67
AHM05,Rakhial,Ahmedabad,29-10-2023,77,164.48,2.34,4.8,0.49,23.26
AHM05,Rakhial,Ahmedabad,30-10-2023,83.41,178.1,2.33,5.76,0.47,27.27
AHM05,Rakhial,Ahmedabad,31-10-2023,88.11,190.39,2.34,9.59,0.49,25.75
AHM05,Rakhial,Ahmedabad,01-11-2023,98.89,209.83,2.64,6.99,0.49,23.33
AHM05,Rakhial,Ahmedabad,02-11-2023,79.03,167.46,2.25,5.15,0.46,27.88
AHM05,Rakhial,Ahmedabad,03-11-2023,107.15,223.35,2.29,6.31,0.5,24.28
AHM05,Rakhial,Ahmedabad,04-11-2023,122.38,255.31,2.3,5.23,1.09,26.38
AHM05,Rakhial,Ahmedabad,05-11-2023,107.79,224.97,3.23,8.07,0.1,28.52
AHM05,Rakhial,Ahmedabad,06-11-2023,83.79,176.77,2.94,6.92,0.05,29.89
AHM05,Rakhial,Ahmedabad,07-11-2023,115.71,240.13,2.8,7.22,0.41,31.51
AHM05,Rakhial,Ahmedabad,08-11-2023,127.68,263.13,3.09,7.34,0.81,30.64
AHM05,Rakhial,Ahmedabad,09-11-2023,135.64,276.71,3.38,7.06,0.77,29.16
AHM05,Rakhial,Ahmedabad,10-11-2023,137.35,281.25,3.28,6.61,0.68,37.52
AHM05,Rakhial,Ahmedabad,11-11-2023,73.44,157.15,2.6,4.54,1,29.55
AHM05,Rakhial,Ahmedabad,12-11-2023,67.11,150.6,2.02,6.05,1.16,36
AHM05,Rakhial,Ahmedabad,13-11-2023,130.16,208.41,3.04,7.85,1.31,30.99
AHM05,Rakhial,Ahmedabad,14-11-2023,87.13,181.58,3.2,5.32,1.17,35.69
AHM05,Rakhial,Ahmedabad,15-11-2023,53.51,118.16,2.77,4.09,1.09,43.84
AHM05,Rakhial,Ahmedabad,16-11-2023,52.15,116.26,2.49,3.81,1.22,49.46
AHM05,Rakhial,Ahmedabad,17-11-2023,61.03,133.77,2.28,4.29,1.13,40.63
AHM05,Rakhial,Ahmedabad,18-11-2023,75.28,159.99,2.67,5.66,0.83,32.41
AHM05,Rakhial,Ahmedabad,19-11-2023,73.51,158.67,2.87,4.25,0.62,32.28
AHM05,Rakhial,Ahmedabad,20-11-2023,73.29,157.58,2.63,4.55,0.65,31.13
AHM05,Rakhial,Ahmedabad,21-11-2023,81.81,170.7,2.74,4.51,1.04,28.86
AHM05,Rakhial,Ahmedabad,22-11-2023,97.75,199.5,3.33,6.27,0.65,20.09
AHM05,Rakhial,Ahmedabad,23-11-2023,89.23,185.23,2.81,5.12,0.65,19.07
AHM05,Rakhial,Ahmedabad,24-11-2023,64.43,137.6,2.74,4.53,0.28,30.96
AHM05,Rakhial,Ahmedabad,25-11-2023,48.6,105.39,2.62,4.85,0.61,34.6
AHM05,Rakhial,Ahmedabad,26-11-2023,36.73,78.49,3.18,5.62,0.32,13.29
AHM05,Rakhial,Ahmedabad,27-11-2023,24.23,48.64,4.56,3.35,0.4,6.26
AHM05,Rakhial,Ahmedabad,28-11-2023,36.43,78.24,4.42,3.2,0.6,7.26
AHM05,Rakhial,Ahmedabad,29-11-2023,39.28,85.42,3.47,3.22,0.76,10.28
AHM05,Rakhial,Ahmedabad,30-11-2023,36.29,78.62,3.1,3.13,0.45,10.38
AHM05,Rakhial,Ahmedabad,01-12-2023,24.3,55.64,2.61,3.17,0.62,14.66
AHM05,Rakhial,Ahmedabad,02-12-2023,21.34,47.49,2.52,3,0.9,11.48
AHM05,Rakhial,Ahmedabad,03-12-2023,26.51,56.13,4.41,3.13,0.92,11.37
AHM05,Rakhial,Ahmedabad,04-12-2023,22.19,49.02,4.44,3.14,0.91,16.02
AHM05,Rakhial,Ahmedabad,05-12-2023,23.28,50.21,3.33,3.13,0.9,17.03
AHM05,Rakhial,Ahmedabad,06-12-2023,27.54,60.35,3.99,3.33,0.91,20.62
AHM05,Rakhial,Ahmedabad,07-12-2023,38.99,84.68,3.88,3.69,1.05,22.94
AHM05,Rakhial,Ahmedabad,08-12-2023,45.9,94.7,3.83,3.87,0.64,19.33
AHM05,Rakhial,Ahmedabad,09-12-2023,55.23,114.53,3.95,3.99,0.67,14.32
AHM05,Rakhial,Ahmedabad,10-12-2023,64.35,99.28,4.17,4.58,0.21,19.64
AHM05,Rakhial,Ahmedabad,11-12-2023,56.97,118.08,4.33,4.62,0.23,15.89
AHM05,Rakhial,Ahmedabad,12-12-2023,53.31,107.82,4.04,4.31,0.21,14.96
AHM05,Rakhial,Ahmedabad,13-12-2023,47.53,96.92,3.84,4.29,0.05,17.67
AHM05,Rakhial,Ahmedabad,14-12-2023,32.97,69.27,3.4,4.88,0.3,23.5
AHM05,Rakhial,Ahmedabad,15-12-2023,51.31,106.99,3.65,3.71,0.57,19.43
AHM05,Rakhial,Ahmedabad,16-12-2023,83.71,167.72,6.5,3.75,0.44,17.41
AHM05,Rakhial,Ahmedabad,17-12-2023,79.92,160.49,5.49,2.59,0.43,17.14
AHM05,Rakhial,Ahmedabad,18-12-2023,45.94,97.08,5.24,2.77,0.26,26.52
AHM05,Rakhial,Ahmedabad,19-12-2023,43.97,94.59,4.81,2.74,0.8,31.64
AHM05,Rakhial,Ahmedabad,20-12-2023,46.05,96.92,5.04,4.79,0.76,30.09
AHM05,Rakhial,Ahmedabad,21-12-2023,44.09,92.69,5.14,2.96,0.82,26.15
AHM05,Rakhial,Ahmedabad,22-12-2023,52.72,110.88,5.53,5.62,0.83,23.91
AHM05,Rakhial,Ahmedabad,23-12-2023,80.13,162.99,7.04,8.2,0.99,19.31
AHM05,Rakhial,Ahmedabad,24-12-2023,70.11,144.29,5.59,2.95,0.2,28.9
AHM05,Rakhial,Ahmedabad,25-12-2023,101.83,204.89,6.37,3.01,0.52,26.88
AHM05,Rakhial,Ahmedabad,26-12-2023,113.16,224.56,6.83,2.98,0.31,19.52
AHM05,Rakhial,Ahmedabad,27-12-2023,101.5,203.5,6.48,2.15,0.24,15.98
AHM05,Rakhial,Ahmedabad,28-12-2023,72.72,151.28,5.04,2.78,0.39,22.74
AHM05,Rakhial,Ahmedabad,29-12-2023,76.04,155.37,5.8,3.01,1.44,21.25
AHM05,Rakhial,Ahmedabad,30-12-2023,91.21,186.74,6.22,3.33,0.51,16.52
AHM05,Rakhial,Ahmedabad,31-12-2023,81.66,164.96,6.41,2.09,0.71,9.46
AHM05,Rakhial,Ahmedabad,01-01-2024,90.15,180.55,5.31,2.21,0.71,17.79
AHM05,Rakhial,Ahmedabad,02-01-2024,72.16,144.12,4.86,1.79,0.94,15.84
AHM05,Rakhial,Ahmedabad,03-01-2024,72.5,142.16,4.7,1.8,0.94,14.59
AHM05,Rakhial,Ahmedabad,04-01-2024,68.96,136.91,4.37,1.94,1.08,16.08
AHM05,Rakhial,Ahmedabad,05-01-2024,84.67,166.65,5.15,2.92,1.25,18.59
AHM05,Rakhial,Ahmedabad,06-01-2024,56.21,112.01,4.22,3.99,0.55,18.99
AHM05,Rakhial,Ahmedabad,07-01-2024,50.21,103.25,3.99,1.82,1.03,23.04
AHM05,Rakhial,Ahmedabad,08-01-2024,63.19,125.94,6.52,1.97,1.05,14.09
AHM05,Rakhial,Ahmedabad,09-01-2024,88.99,176.32,8.66,2.77,1.01,13.86
AHM05,Rakhial,Ahmedabad,10-01-2024,80.66,161.47,8.15,2.14,0.96,18.77
AHM05,Rakhial,Ahmedabad,11-01-2024,69.87,141.69,15.55,2.11,0.98,15.53
AHM05,Rakhial,Ahmedabad,12-01-2024,73.45,147.77,14.41,3.67,0.53,12.92
AHM05,Rakhial,Ahmedabad,13-01-2024,85.65,171.07,23.47,4.57,0.99,12.72
AHM05,Rakhial,Ahmedabad,14-01-2024,59.7,121.89,13.34,6.53,0.39,17.06
AHM05,Rakhial,Ahmedabad,15-01-2024,72.3,145.53,19.1,4.17,1.05,17.85
AHM05,Rakhial,Ahmedabad,16-01-2024,87.47,173.47,26.61,4.43,0.71,18.48
AHM05,Rakhial,Ahmedabad,17-01-2024,100.87,197.97,27.51,7.19,0.42,12.64
AHM05,Rakhial,Ahmedabad,18-01-2024,81.41,163.88,19,3.42,0.57,16.01
AHM05,Rakhial,Ahmedabad,19-01-2024,77.1,155.59,14.78,7.45,0.41,19.1
AHM05,Rakhial,Ahmedabad,20-01-2024,50.23,101.2,11.18,4.5,0.89,21.19
AHM05,Rakhial,Ahmedabad,21-01-2024,50.47,101.81,11.53,5.24,0.91,21.79
AHM05,Rakhial,Ahmedabad,22-01-2024,74.03,145.85,24.46,12.31,0.67,18.02
AHM05,Rakhial,Ahmedabad,23-01-2024,78.09,156.61,28.23,5.57,0.56,14.02
AHM05,Rakhial,Ahmedabad,24-01-2024,67.74,133.49,26.49,4.6,0.67,12.29
AHM05,Rakhial,Ahmedabad,25-01-2024,55.7,111.43,16.97,7.07,0.74,15.13
AHM05,Rakhial,Ahmedabad,26-01-2024,52.21,106,18.3,5.14,1.63,18.98
AHM05,Rakhial,Ahmedabad,27-01-2024,49.98,100.97,23.38,7.68,1.4,19.83
AHM05,Rakhial,Ahmedabad,28-01-2024,71.76,142.68,27.73,6.04,0.97,22.94
AHM05,Rakhial,Ahmedabad,29-01-2024,64.37,127.35,24.62,6.42,0.42,14.23
AHM05,Rakhial,Ahmedabad,30-01-2024,58.77,117.68,13.71,6.1,1.18,17.96
AHM05,Rakhial,Ahmedabad,31-01-2024,60.16,119.57,19.16,6.8,0.91,12.65
AHM05,Rakhial,Ahmedabad,01-02-2024,47.32,93.15,31.14,5.58,1.28,8.47
AHM05,Rakhial,Ahmedabad,02-02-2024,65.82,128.55,41.19,6.16,1.15,10.62
AHM05,Rakhial,Ahmedabad,03-02-2024,79,155.76,36.63,7.96,1.08,13.55
AHM05,Rakhial,Ahmedabad,04-02-2024,66.04,131,23.87,7.96,0.54,20.19
AHM05,Rakhial,Ahmedabad,05-02-2024,33.89,68.84,11.13,5.26,1.24,8.07
AHM05,Rakhial,Ahmedabad,06-02-2024,41.54,83.8,9.23,5.22,1.01,17.19
AHM05,Rakhial,Ahmedabad,07-02-2024,38.77,78.53,10.43,6.44,0.56,11.1
AHM05,Rakhial,Ahmedabad,08-02-2024,40.1,82.92,34.44,3.69,0.51,31.33
AHM05,Rakhial,Ahmedabad,09-02-2024,58.6,118.56,58.15,2.73,0.64,18.65
AHM05,Rakhial,Ahmedabad,10-02-2024,55.38,113.47,56.16,2.92,0.71,14.52
AHM05,Rakhial,Ahmedabad,11-02-2024,47.54,99.36,55.44,2.82,0.74,14.95
AHM05,Rakhial,Ahmedabad,12-02-2024,58.05,119.85,54.06,3.26,0.8,14.39
AHM05,Rakhial,Ahmedabad,13-02-2024,69.35,141.73,57.9,5.1,0.75,27.42
AHM05,Rakhial,Ahmedabad,14-02-2024,71.55,146.49,56.31,9.81,0.96,27.84
AHM05,Rakhial,Ahmedabad,15-02-2024,69.86,147.15,55.69,4.41,0.78,28.06
AHM05,Rakhial,Ahmedabad,16-02-2024,76.52,159.53,60.46,2.92,0.79,29.86
AHM05,Rakhial,Ahmedabad,17-02-2024,79.4,161.15,59.68,4.79,0.7,22.12
AHM05,Rakhial,Ahmedabad,18-02-2024,76.76,157.14,60.93,4.73,0.41,18.57
AHM05,Rakhial,Ahmedabad,19-02-2024,57.96,117.06,53.72,9.81,0.79,17.33
AHM05,Rakhial,Ahmedabad,20-02-2024,55.6,110.15,50.15,5.11,0.86,9.39
AHM05,Rakhial,Ahmedabad,21-02-2024,43.86,89.18,49.68,3.58,0.79,11.46
AHM05,Rakhial,Ahmedabad,22-02-2024,46.26,91.63,49.1,5.93,0.94,11.77
AHM05,Rakhial,Ahmedabad,23-02-2024,70.68,142.07,59.56,5.77,0.9,21.08
AHM05,Rakhial,Ahmedabad,24-02-2024,60.59,123.17,55.01,4.87,0.55,24.67
AHM05,Rakhial,Ahmedabad,25-02-2024,54.8,111.93,59.52,3.89,0.65,23.62
AHM05,Rakhial,Ahmedabad,26-02-2024,60.93,130.17,55.1,5.32,0.65,27.66
AHM05,Rakhial,Ahmedabad,27-02-2024,68.7,147.55,58.02,6.47,0.54,28.16
AHM05,Rakhial,Ahmedabad,28-02-2024,63.05,132.92,62.62,5.56,0.47,29.47
AHM05,Rakhial,Ahmedabad,29-02-2024,74.97,157.17,60.2,6.12,0.59,28.67
AHM05,Rakhial,Ahmedabad,01-03-2024,77.74,156.82,74.02,14.93,0.55,19.39
AHM05,Rakhial,Ahmedabad,02-03-2024,41.24,88.72,231.78,9.81,1.08,10.7
AHM05,Rakhial,Ahmedabad,03-03-2024,24.87,51.6,176.33,3.48,1.86,20.99
AHM05,Rakhial,Ahmedabad,04-03-2024,62.52,137,94.66,7.73,1.5,22.83
AHM05,Rakhial,Ahmedabad,05-03-2024,65.21,144.61,36.02,5.96,0.75,27.47
AHM05,Rakhial,Ahmedabad,06-03-2024,74.49,165.18,42.01,6.25,0.59,30.54
AHM05,Rakhial,Ahmedabad,07-03-2024,92.99,225.18,42.53,5.57,0.45,22.15
AHM05,Rakhial,Ahmedabad,08-03-2024,59.8,200.91,45.57,10.64,0.75,24.71
AHM05,Rakhial,Ahmedabad,09-03-2024,54.95,204.72,38.71,7.34,0.78,32.76
AHM05,Rakhial,Ahmedabad,10-03-2024,54.09,181.56,42.16,7.18,0.64,32.8
AHM05,Rakhial,Ahmedabad,11-03-2024,52.36,198.83,46.45,7.26,0.46,24.55
AHM05,Rakhial,Ahmedabad,12-03-2024,27.98,136.1,39.05,7.58,0.88,14.3
AHM05,Rakhial,Ahmedabad,13-03-2024,64.77,157.44,33.33,4.7,0.31,19.84
AHM05,Rakhial,Ahmedabad,14-03-2024,110.71,228.18,31.75,7.74,0.79,23.72
AHM05,Rakhial,Ahmedabad,15-03-2024,68.91,270.78,41.08,10.59,1.45,32.18
AHM05,Rakhial,Ahmedabad,16-03-2024,61.34,274.5,40.48,8.43,0.76,23.9
AHM05,Rakhial,Ahmedabad,17-03-2024,39.04,190.24,26.69,4.63,0.12,35.3
AHM05,Rakhial,Ahmedabad,18-03-2024,35.5,176.82,29.93,4.53,0.84,32.39
AHM05,Rakhial,Ahmedabad,19-03-2024,78.59,181.2,35.62,7.96,0.7,27.93
AHM05,Rakhial,Ahmedabad,20-03-2024,87.52,181.36,38.4,5.31,0.86,27.01
AHM05,Rakhial,Ahmedabad,21-03-2024,93.24,198.2,41.42,7.72,0.67,31.81
AHM05,Rakhial,Ahmedabad,22-03-2024,69.19,143.94,49.49,16.89,0.51,19.66
AHM05,Rakhial,Ahmedabad,23-03-2024,43.48,89.4,29.08,11.65,1.3,15
AHM05,Rakhial,Ahmedabad,24-03-2024,45.43,92.7,24.19,8.94,1.68,16.14
AHM05,Rakhial,Ahmedabad,25-03-2024,47.7,99.59,21.31,7.7,1.44,23.5
AHM05,Rakhial,Ahmedabad,26-03-2024,54.84,112.19,35.98,7.32,1.26,18.77
AHM05,Rakhial,Ahmedabad,27-03-2024,61.73,126.41,30.73,8.46,0.6,25.41
AHM05,Rakhial,Ahmedabad,28-03-2024,46.73,98.53,20.17,8.64,0.34,16.67
AHM05,Rakhial,Ahmedabad,29-03-2024,42.79,92.48,21.94,4.77,1.5,25.9
AHM05,Rakhial,Ahmedabad,30-03-2024,43.21,89.49,23.98,4.46,1.24,21.18
AHM05,Rakhial,Ahmedabad,31-03-2024,41.97,86.38,22.85,5.69,1.02,23.56
AHM05,Rakhial,Ahmedabad,01-04-2024,74.64,150.89,30.13,9.55,1.04,22.55
AHM05,Rakhial,Ahmedabad,02-04-2024,68.19,137.89,26.15,7.95,0.93,22.82
AHM05,Rakhial,Ahmedabad,03-04-2024,50.7,102.62,28.04,8.35,1.38,20.39
AHM05,Rakhial,Ahmedabad,04-04-2024,50.75,103.19,20.35,7.89,1.74,20.67
AHM05,Rakhial,Ahmedabad,05-04-2024,44.29,91.79,19.99,5.5,0.5,21.56
AHM05,Rakhial,Ahmedabad,06-04-2024,39.74,82.27,21.23,7.82,0.83,29.39
AHM05,Rakhial,Ahmedabad,07-04-2024,36.37,75.32,21.15,17.61,0.49,31.37
AHM05,Rakhial,Ahmedabad,08-04-2024,50.03,103.2,28.61,23.48,1.4,28.18
AHM05,Rakhial,Ahmedabad,09-04-2024,90.48,187.02,33.32,29.64,2.27,36.75
AHM05,Rakhial,Ahmedabad,10-04-2024,62.65,131.93,13.51,15.81,1.06,31.66
AHM05,Rakhial,Ahmedabad,11-04-2024,52.61,114.51,9.57,17.07,1.3,30.62
AHM05,Rakhial,Ahmedabad,12-04-2024,33.96,77.89,7.72,9.83,1.01,35.72
AHM05,Rakhial,Ahmedabad,13-04-2024,41.73,87.08,10.03,17.82,1,18.1
AHM05,Rakhial,Ahmedabad,14-04-2024,45.95,101.23,7.26,19.59,0.88,17.74
AHM05,Rakhial,Ahmedabad,15-04-2024,37.17,78.76,8.09,7.67,1.34,27.79
AHM05,Rakhial,Ahmedabad,16-04-2024,33.62,71.23,8.31,8.81,0.8,25.89
AHM05,Rakhial,Ahmedabad,17-04-2024,41.09,84.97,9.8,7.45,0.73,33.56
AHM05,Rakhial,Ahmedabad,18-04-2024,33.91,72.16,8.66,12.11,0.42,24.63
AHM05,Rakhial,Ahmedabad,19-04-2024,49.96,103.74,6.03,5.86,0.53,24.15
AHM05,Rakhial,Ahmedabad,20-04-2024,33.72,70.48,13.56,7.09,0.79,24.17
AHM05,Rakhial,Ahmedabad,21-04-2024,47.5,98.27,21.19,8.22,1.2,23.14
AHM05,Rakhial,Ahmedabad,22-04-2024,48.25,100.94,24.77,13.27,1.12,17.84
AHM05,Rakhial,Ahmedabad,23-04-2024,71.42,146.6,29.05,19.82,1.4,17.14
AHM05,Rakhial,Ahmedabad,24-04-2024,68.19,141.03,32.05,9.88,0.69,34.05
AHM05,Rakhial,Ahmedabad,25-04-2024,65.92,137.02,60.94,15.22,0.97,30.51
AHM05,Rakhial,Ahmedabad,26-04-2024,58.23,120.64,64.05,8.78,1.95,21.4
AHM05,Rakhial,Ahmedabad,27-04-2024,70.61,144.74,75.7,9.83,1.03,20.54
AHM05,Rakhial,Ahmedabad,28-04-2024,76.85,157.46,85.15,14.93,1.15,18.58
AHM05,Rakhial,Ahmedabad,29-04-2024,56.71,117.63,67.27,6.1,0.96,20.5
AHM05,Rakhial,Ahmedabad,30-04-2024,71.67,150.46,82.39,6.81,0.83,29.54
AHM05,Rakhial,Ahmedabad,01-05-2024,70.05,146.3,88.49,12.94,0.84,37.77
AHM05,Rakhial,Ahmedabad,02-05-2024,90.19,186.22,84.67,12.37,0.65,38.16
AHM05,Rakhial,Ahmedabad,03-05-2024,90.27,184.46,32.45,7.94,1.32,25.43
AHM05,Rakhial,Ahmedabad,04-05-2024,65.59,180.17,22.49,4.38,1.02,13.55
AHM05,Rakhial,Ahmedabad,05-05-2024,43.54,90.25,20.98,1.5,0.39,33.08
AHM05,Rakhial,Ahmedabad,06-05-2024,92.31,181.62,24.42,1.67,0.57,37.26
AHM05,Rakhial,Ahmedabad,07-05-2024,87.01,170.18,18.84,2.81,0.43,20.69
AHM05,Rakhial,Ahmedabad,08-05-2024,71.66,134.33,21.92,2.33,1.29,20.68
AHM05,Rakhial,Ahmedabad,09-05-2024,55.06,123.51,32.24,3.87,1.55,31
AHM05,Rakhial,Ahmedabad,10-05-2024,88.31,164.41,44.09,9.28,2.06,44.55
AHM05,Rakhial,Ahmedabad,11-05-2024,70.38,154.14,39.44,8.36,2.31,51.61
AHM05,Rakhial,Ahmedabad,12-05-2024,57.77,270.77,61.71,8.71,1.34,48.34
AHM05,Rakhial,Ahmedabad,13-05-2024,130.64,335.22,63.82,7.28,1.48,58.84
AHM05,Rakhial,Ahmedabad,14-05-2024,45,109.02,39.08,9.92,1.56,66.87
AHM05,Rakhial,Ahmedabad,15-05-2024,69.99,170.3,134.32,11.19,1.66,51.8
AHM05,Rakhial,Ahmedabad,16-05-2024,37.82,92.52,81.98,7.78,1.14,51.79
AHM05,Rakhial,Ahmedabad,17-05-2024,36.87,94.04,92.27,34.07,1.24,47.42
AHM05,Rakhial,Ahmedabad,18-05-2024,52.91,127.02,133.56,10.93,1.62,44.24
AHM05,Rakhial,Ahmedabad,19-05-2024,41.11,103.02,81.25,8.56,1.42,61.06
AHM05,Rakhial,Ahmedabad,20-05-2024,44.66,109.8,116.25,5.71,2.15,52.1
AHM05,Rakhial,Ahmedabad,21-05-2024,48.25,113.33,96.32,19.85,2.54,44.36
AHM05,Rakhial,Ahmedabad,22-05-2024,45.65,107.41,96.04,17.08,2.5,44.88
AHM05,Rakhial,Ahmedabad,23-05-2024,38.01,90.28,NaN,NaN,NaN,35.95
AHM05,Rakhial,Ahmedabad,24-05-2024,NaN,NaN,NaN,NaN,NaN,NaN
AHM05,Rakhial,Ahmedabad,25-05-2024,NaN,NaN,NaN,NaN,NaN,NaN
AHM05,Rakhial,Ahmedabad,26-05-2024,NaN,NaN,NaN,NaN,NaN,NaN
AHM05,Rakhial,Ahmedabad,27-05-2024,NaN,NaN,NaN,NaN,NaN,NaN
AHM05,Rakhial,Ahmedabad,28-05-2024,NaN,NaN,NaN,NaN,NaN,NaN
AHM05,Rakhial,Ahmedabad,29-05-2024,NaN,NaN,NaN,NaN,NaN,NaN
AHM05,Rakhial,Ahmedabad,30-05-2024,NaN,NaN,NaN,NaN,NaN,NaN
AHM05,Rakhial,Ahmedabad,31-05-2024,NaN,NaN,NaN,NaN,NaN,NaN
AHM05,Rakhial,Ahmedabad,01-06-2024,NaN,NaN,NaN,NaN,NaN,NaN
AHM05,Rakhial,Ahmedabad,02-06-2024,NaN,NaN,NaN,NaN,NaN,NaN
AHM05,Rakhial,Ahmedabad,03-06-2024,NaN,NaN,NaN,NaN,NaN,NaN
AHM05,Rakhial,Ahmedabad,04-06-2024,36.11,88.25,NaN,27.44,4.05,44.2
AHM05,Rakhial,Ahmedabad,05-06-2024,29.57,70.75,NaN,24.82,NaN,33.26
AHM05,Rakhial,Ahmedabad,06-06-2024,30.1,71.11,NaN,24.19,NaN,42.67
AHM05,Rakhial,Ahmedabad,07-06-2024,33.41,79.5,NaN,26.91,NaN,45.38
AHM05,Rakhial,Ahmedabad,08-06-2024,36.69,87.95,NaN,27.74,NaN,42.76
AHM05,Rakhial,Ahmedabad,09-06-2024,34.13,84.18,NaN,25.39,NaN,36.04
AHM05,Rakhial,Ahmedabad,10-06-2024,25.18,60.28,NaN,26.43,NaN,45.94
AHM05,Rakhial,Ahmedabad,11-06-2024,NaN,NaN,NaN,NaN,NaN,NaN
AHM05,Rakhial,Ahmedabad,12-06-2024,NaN,NaN,NaN,NaN,NaN,NaN
AHM05,Rakhial,Ahmedabad,13-06-2024,NaN,NaN,NaN,NaN,NaN,NaN
AHM05,Rakhial,Ahmedabad,14-06-2024,33.6,85.6,44.82,7.22,0.91,55.4
AHM05,Rakhial,Ahmedabad,15-06-2024,29,61.56,165.86,25.11,0.82,34.69
AHM05,Rakhial,Ahmedabad,16-06-2024,40.69,82.41,153.6,18.56,0.82,27.17
AHM05,Rakhial,Ahmedabad,17-06-2024,39.49,80.24,41.37,23.95,1.4,31.66
AHM05,Rakhial,Ahmedabad,18-06-2024,37.77,79.35,55.7,15.12,0.85,27.19
AHM05,Rakhial,Ahmedabad,19-06-2024,38.01,79.01,63.81,6.42,0.87,24.26
AHM05,Rakhial,Ahmedabad,20-06-2024,44.72,92.87,48.49,9.88,0.88,31.57
AHM05,Rakhial,Ahmedabad,21-06-2024,46.94,96.97,66.7,11.39,0.88,29.42
AHM05,Rakhial,Ahmedabad,22-06-2024,50.28,100.79,55.63,20.75,0.83,19.67
AHM05,Rakhial,Ahmedabad,23-06-2024,36.42,72.24,33.34,19.91,0.31,39.18
AHM05,Rakhial,Ahmedabad,24-06-2024,16.02,31.04,23.87,19.69,0.37,38.97
AHM05,Rakhial,Ahmedabad,25-06-2024,8.79,17.71,18.55,19.81,0.4,35.29
AHM05,Rakhial,Ahmedabad,26-06-2024,11.99,22.4,19.84,20.05,0.33,38.61
AHM05,Rakhial,Ahmedabad,27-06-2024,58.42,95.54,20.27,19.45,0.29,29.66
AHM05,Rakhial,Ahmedabad,28-06-2024,17,24.32,14.51,9.11,0.25,27.3
AHM05,Rakhial,Ahmedabad,29-06-2024,37.72,67.02,17.94,8.3,0.4,21.45
AHM05,Rakhial,Ahmedabad,30-06-2024,29.12,37.59,15.79,6.3,0.4,19.71
AHM05,Rakhial,Ahmedabad,01-07-2024,24.52,35.4,15.87,6.18,0.43,21.25
AHM05,Rakhial,Ahmedabad,02-07-2024,36.32,54.43,19.61,10.84,0.56,26.65
AHM05,Rakhial,Ahmedabad,03-07-2024,48.68,97.42,14.57,7.85,0.44,30.79
AHM05,Rakhial,Ahmedabad,04-07-2024,39.52,99.41,16.64,12.3,1.14,18.38
AHM05,Rakhial,Ahmedabad,05-07-2024,26.59,72.57,11.97,12.85,0.96,20.88
AHM05,Rakhial,Ahmedabad,06-07-2024,29.63,54.64,13.98,11.18,0.34,21.95
AHM05,Rakhial,Ahmedabad,07-07-2024,28.72,65.72,12.06,12.39,0.27,21.13
AHM05,Rakhial,Ahmedabad,08-07-2024,49.67,150.55,14.21,12.7,0.59,22.52
AHM05,Rakhial,Ahmedabad,09-07-2024,53.37,112.03,25.85,23.75,0.25,22.14
AHM05,Rakhial,Ahmedabad,10-07-2024,20.36,61.82,13.8,12.01,0.36,23.48
AHM05,Rakhial,Ahmedabad,11-07-2024,29.88,78.04,18.08,13.02,0.58,26.59
AHM05,Rakhial,Ahmedabad,12-07-2024,33.95,69.51,17.62,14.94,1.16,24.5
AHM05,Rakhial,Ahmedabad,13-07-2024,39.64,79.79,25.87,12.6,0.94,32.62
AHM05,Rakhial,Ahmedabad,14-07-2024,38.34,77.45,15.59,12,0.3,36.3
AHM05,Rakhial,Ahmedabad,15-07-2024,32.11,64.36,27.37,13.52,0.86,30.72
AHM05,Rakhial,Ahmedabad,16-07-2024,33.05,67.06,31.36,12.03,1.09,33.48
AHM05,Rakhial,Ahmedabad,17-07-2024,20.53,40.51,32.38,12.48,1.01,26.91
AHM05,Rakhial,Ahmedabad,18-07-2024,18.14,39.16,17.53,13.51,0.44,30.92
AHM05,Rakhial,Ahmedabad,19-07-2024,16.16,35.46,19.26,10.93,0.56,23.23
AHM05,Rakhial,Ahmedabad,20-07-2024,17.69,38.16,14.54,12.21,0.62,22.99
AHM05,Rakhial,Ahmedabad,21-07-2024,19.04,39.98,17.39,11.75,0.62,22.16
AHM05,Rakhial,Ahmedabad,22-07-2024,17.6,38.3,23.69,11.64,0.56,22.41
AHM05,Rakhial,Ahmedabad,23-07-2024,17.06,36.06,21.17,11.65,0.6,15.21
AHM05,Rakhial,Ahmedabad,24-07-2024,17.44,35.34,22.96,12.47,0.61,17.99
AHM05,Rakhial,Ahmedabad,25-07-2024,32.48,67.58,14.28,12.08,0.67,16.16
AHM05,Rakhial,Ahmedabad,26-07-2024,43.51,90.88,12.4,12.55,0.72,16.33
AHM05,Rakhial,Ahmedabad,27-07-2024,45.3,92.93,10.99,11.66,0.72,19.58
AHM05,Rakhial,Ahmedabad,28-07-2024,46.94,93.2,8.03,11.18,0.65,21.35
AHM05,Rakhial,Ahmedabad,29-07-2024,28.31,55.17,9.37,11.95,0.7,14.77
AHM05,Rakhial,Ahmedabad,30-07-2024,28.3,58.37,11.2,11.93,0.68,20.12
AHM05,Rakhial,Ahmedabad,31-07-2024,29.84,61.31,10.34,11.89,0.65,22.26
AHM05,Rakhial,Ahmedabad,01-08-2024,27.07,56.55,12.43,12.49,0.68,16.09
AHM05,Rakhial,Ahmedabad,02-08-2024,19.35,40.27,14.72,9.05,0.62,17.98
AHM05,Rakhial,Ahmedabad,03-08-2024,19.53,41.31,20.37,5.64,0.44,13.85
AHM05,Rakhial,Ahmedabad,04-08-2024,24.26,50.46,18.28,10.11,0.42,18.04
AHM05,Rakhial,Ahmedabad,05-08-2024,23.86,50.04,18.47,12.26,0.41,20.45
AHM05,Rakhial,Ahmedabad,06-08-2024,30.4,64.74,19.06,12.1,0.41,21.13
AHM05,Rakhial,Ahmedabad,07-08-2024,36.09,77.26,16.97,13.94,0.37,22.63
AHM05,Rakhial,Ahmedabad,08-08-2024,36.63,83.22,20.34,15.16,0.41,19.8
AHM05,Rakhial,Ahmedabad,09-08-2024,35.44,79.41,17.78,21.73,0.42,21.19
AHM05,Rakhial,Ahmedabad,10-08-2024,30.41,64.49,19.79,25.62,0.42,21.29
AHM05,Rakhial,Ahmedabad,11-08-2024,25.64,54.42,17.2,31.01,0.42,21.04
AHM05,Rakhial,Ahmedabad,12-08-2024,25.55,53.25,18.43,25,0.37,21.65
AHM05,Rakhial,Ahmedabad,13-08-2024,31.49,66.13,18.41,23.86,0.39,20.81
AHM05,Rakhial,Ahmedabad,14-08-2024,36.82,75.88,18.78,24.6,0.37,20.48
AHM05,Rakhial,Ahmedabad,15-08-2024,27.39,57.83,14.15,23.74,0.37,21.94
AHM05,Rakhial,Ahmedabad,16-08-2024,28.63,59.86,15.44,24.81,0.39,16
AHM05,Rakhial,Ahmedabad,17-08-2024,30.5,64.43,19.48,22.4,0.49,13.44
AHM05,Rakhial,Ahmedabad,18-08-2024,31.63,64.71,18.47,19.25,0.32,17.66
AHM05,Rakhial,Ahmedabad,19-08-2024,35.13,71.51,18.6,20.86,0.38,18.74
AHM05,Rakhial,Ahmedabad,20-08-2024,42.74,86.09,19.73,20.37,0.36,20.62
AHM05,Rakhial,Ahmedabad,21-08-2024,43.95,100.11,21.94,20.39,0.51,13.69
AHM05,Rakhial,Ahmedabad,22-08-2024,47.91,96.58,23.43,21.11,0.43,15.82
AHM05,Rakhial,Ahmedabad,23-08-2024,39.72,86.05,24.49,20.25,0.46,12.96
AHM05,Rakhial,Ahmedabad,24-08-2024,26.44,51.06,18.47,21.06,0.43,20.57
AHM05,Rakhial,Ahmedabad,25-08-2024,18.52,37,13.32,20.81,0.37,15.98
AHM05,Rakhial,Ahmedabad,26-08-2024,3.88,7.89,12.61,19.79,0.37,20.37
AHM05,Rakhial,Ahmedabad,27-08-2024,3.54,6.97,11.83,13.49,0.44,17.61
AHM05,Rakhial,Ahmedabad,28-08-2024,11.09,22.62,14.05,11.12,0.55,11.99
AHM05,Rakhial,Ahmedabad,29-08-2024,NaN,NaN,NaN,NaN,NaN,NaN
AHM05,Rakhial,Ahmedabad,30-08-2024,42.79,89.52,19.01,11.84,1.47,18.81
AHM05,Rakhial,Ahmedabad,31-08-2024,34.11,69.67,19.87,15.37,0.79,18.99
AHM05,Rakhial,Ahmedabad,01-09-2024,40.9,83.78,16.51,13.83,0.84,16.14
AHM05,Rakhial,Ahmedabad,02-09-2024,28.46,59.69,17.36,13.36,1.02,12.82
AHM05,Rakhial,Ahmedabad,03-09-2024,16.91,35.36,17.72,14,0.95,16.63
AHM05,Rakhial,Ahmedabad,04-09-2024,25.26,51.71,16.76,13.38,0.89,15.43
AHM05,Rakhial,Ahmedabad,05-09-2024,50.55,99.3,17.53,13.03,0.77,16.37
AHM05,Rakhial,Ahmedabad,06-09-2024,35.29,71.58,13.47,13.01,0.86,17.38
AHM05,Rakhial,Ahmedabad,07-09-2024,48.5,99.13,12.78,14.24,0.54,18.59
AHM05,Rakhial,Ahmedabad,08-09-2024,47.1,94.96,13.6,13.55,0.58,16.5
AHM05,Rakhial,Ahmedabad,09-09-2024,42.36,87.37,13.3,14.28,0.49,19.08
AHM05,Rakhial,Ahmedabad,10-09-2024,44.05,89.76,13.18,12.9,0.55,21.59
AHM05,Rakhial,Ahmedabad,11-09-2024,43.68,89.17,14.67,14.76,0.55,14.66
AHM05,Rakhial,Ahmedabad,12-09-2024,47.65,97.95,13.14,13.37,0.41,22.3
AHM05,Rakhial,Ahmedabad,13-09-2024,38.88,80.08,11.19,29.98,0.68,16.86
AHM05,Rakhial,Ahmedabad,14-09-2024,32.86,68.4,11.08,12.27,0.34,16.23
AHM05,Rakhial,Ahmedabad,15-09-2024,36.88,74.41,10.82,12.73,0.32,19.2
AHM05,Rakhial,Ahmedabad,16-09-2024,48.9,97.61,10.93,7.64,0.37,20.61
AHM05,Rakhial,Ahmedabad,17-09-2024,40.82,83.81,10.4,7.54,0.33,20.8
AHM05,Rakhial,Ahmedabad,18-09-2024,45.37,92.1,11.11,8.99,0.26,20.22
AHM05,Rakhial,Ahmedabad,19-09-2024,42.32,85.52,10.72,7.23,0.5,23.82
AHM05,Rakhial,Ahmedabad,20-09-2024,42.55,87.51,11.03,7.52,0.69,20.31
AHM05,Rakhial,Ahmedabad,21-09-2024,45.21,91.92,10.32,7.41,0.68,22.83
AHM05,Rakhial,Ahmedabad,22-09-2024,44.81,90.41,10.57,7.32,0.55,23.86
AHM05,Rakhial,Ahmedabad,23-09-2024,48.42,98.32,10.77,7.33,0.63,22.99
AHM05,Rakhial,Ahmedabad,24-09-2024,43.12,90.2,10.69,7.66,0.62,25.03
AHM05,Rakhial,Ahmedabad,25-09-2024,33.89,72.17,11.39,7.51,0.56,20.02
AHM05,Rakhial,Ahmedabad,26-09-2024,28.87,63.28,10.51,6.35,0.61,13.66
AHM05,Rakhial,Ahmedabad,27-09-2024,21.19,45.51,10.6,7.83,0.64,13.34
AHM05,Rakhial,Ahmedabad,28-09-2024,23.12,50.97,10.8,6.91,0.68,16.14
AHM05,Rakhial,Ahmedabad,29-09-2024,29.38,64.71,13.03,7.06,0.61,13.6
AHM05,Rakhial,Ahmedabad,30-09-2024,52.77,108.58,10.81,7.7,0.47,15.19
AHM05,Rakhial,Ahmedabad,01-10-2024,57.21,119.67,10.91,7.93,0.43,19.37
AHM05,Rakhial,Ahmedabad,02-10-2024,51.45,105.56,10.85,6.55,0.56,29.77
AHM05,Rakhial,Ahmedabad,03-10-2024,38.83,82,10.64,6.82,0.46,11.18
AHM05,Rakhial,Ahmedabad,04-10-2024,32.01,70.06,10.78,6.4,0.66,17.84
AHM05,Rakhial,Ahmedabad,05-10-2024,35.92,75.11,11.05,6.27,0.67,9.66
AHM05,Rakhial,Ahmedabad,06-10-2024,55.49,116.39,11.13,6.17,0.59,20.21
AHM05,Rakhial,Ahmedabad,07-10-2024,58.05,129.44,12.37,6.26,0.49,25.18
AHM05,Rakhial,Ahmedabad,08-10-2024,65.24,147.25,12.74,5.98,0.66,26.89
AHM05,Rakhial,Ahmedabad,09-10-2024,59.48,137.69,23.61,8.3,0.8,24.12
AHM05,Rakhial,Ahmedabad,10-10-2024,53.1,124.74,12.9,5.45,0.43,19.44
AHM05,Rakhial,Ahmedabad,11-10-2024,44.29,104,11.83,6.05,0.41,25.8
AHM05,Rakhial,Ahmedabad,12-10-2024,30.68,73.37,10.81,5.8,0.67,17.25
AHM05,Rakhial,Ahmedabad,13-10-2024,21.16,54.29,10.48,6.48,0.69,24.49
AHM05,Rakhial,Ahmedabad,14-10-2024,37.89,82.87,11.07,7.17,0.88,15.62
AHM05,Rakhial,Ahmedabad,15-10-2024,40.49,96.67,10.86,6.23,0.1,16.82
AHM05,Rakhial,Ahmedabad,16-10-2024,59.02,137.1,11.25,5.38,0.82,25.32
AHM05,Rakhial,Ahmedabad,17-10-2024,55.3,134.7,11.2,6.11,0.65,32.22
AHM05,Rakhial,Ahmedabad,18-10-2024,60.26,144.57,11.25,5.49,0.85,30.63
AHM05,Rakhial,Ahmedabad,19-10-2024,118.94,223.29,10.72,2.57,0.83,19.23
AHM05,Rakhial,Ahmedabad,20-10-2024,53.86,106.73,11.24,1.51,0.49,33.02
AHM05,Rakhial,Ahmedabad,21-10-2024,72.99,108.87,10.51,1.58,0.57,38.44
AHM05,Rakhial,Ahmedabad,22-10-2024,38.15,88.15,12.42,2.68,0.54,48.31
AHM05,Rakhial,Ahmedabad,23-10-2024,52.77,121.95,11.56,3.56,0.72,47.78
AHM05,Rakhial,Ahmedabad,24-10-2024,85.36,189.57,11.48,3.62,1.01,51.95
AHM05,Rakhial,Ahmedabad,25-10-2024,67.12,145.71,12.13,3.72,1.07,42.52
AHM05,Rakhial,Ahmedabad,26-10-2024,130.73,270.06,12.01,3.64,1.34,53.06
AHM05,Rakhial,Ahmedabad,27-10-2024,46.32,95.83,11.8,3.39,0.84,43.34
AHM05,Rakhial,Ahmedabad,28-10-2024,46.24,92.69,11.42,4.17,0.94,47.23
AHM05,Rakhial,Ahmedabad,29-10-2024,86.36,167.79,12.11,4.75,0.92,39.38
AHM05,Rakhial,Ahmedabad,30-10-2024,81.15,166.47,14.69,3.23,0.73,35.98
AHM05,Rakhial,Ahmedabad,31-10-2024,74.13,149.39,14.23,5.66,0.78,47.29
AHM05,Rakhial,Ahmedabad,01-11-2024,93.76,191.99,14.27,6.92,0.96,48.78
AHM05,Rakhial,Ahmedabad,02-11-2024,144.14,285.78,14.39,6.4,1.22,42.16
AHM05,Rakhial,Ahmedabad,03-11-2024,90.25,181.29,14.07,5.98,1.1,47.37
AHM05,Rakhial,Ahmedabad,04-11-2024,62.77,117.29,14.57,6.55,0.99,50.11
AHM05,Rakhial,Ahmedabad,05-11-2024,71.22,151.99,14.83,6.65,1.07,45.25
AHM05,Rakhial,Ahmedabad,06-11-2024,79.47,168.88,14.82,7.29,1.16,48.95
AHM05,Rakhial,Ahmedabad,07-11-2024,97.81,206.34,15.12,7.04,1.39,47.11
AHM05,Rakhial,Ahmedabad,08-11-2024,96.73,199.5,15.16,6,1.45,36.45
AHM05,Rakhial,Ahmedabad,09-11-2024,74.19,158.11,14.73,6.02,0.95,46.78
AHM05,Rakhial,Ahmedabad,10-11-2024,85.85,181.44,14.39,6.21,1.12,43.27
AHM05,Rakhial,Ahmedabad,11-11-2024,95.88,196.97,14.71,7.19,1.17,28.21
AHM05,Rakhial,Ahmedabad,12-11-2024,103.13,214.43,14.82,7.47,1.09,39.39
AHM05,Rakhial,Ahmedabad,13-11-2024,90.56,191.02,14.66,7.85,0.97,44.45
AHM05,Rakhial,Ahmedabad,14-11-2024,95.19,204.78,14.86,6.08,0.91,50.91
AHM05,Rakhial,Ahmedabad,15-11-2024,89.67,188.7,14.15,7.55,1.05,52.83
AHM05,Rakhial,Ahmedabad,16-11-2024,101.81,208.81,14.11,11.09,1.12,40.41
AHM05,Rakhial,Ahmedabad,17-11-2024,61.01,130.02,14.13,10.49,0.86,34.94
AHM05,Rakhial,Ahmedabad,18-11-2024,62.63,134.66,13.93,10.31,0.64,37.54
AHM05,Rakhial,Ahmedabad,19-11-2024,67.27,141,15.63,10.55,0.69,41.49
AHM05,Rakhial,Ahmedabad,20-11-2024,70.09,144.6,15.84,11.82,0.79,54.28
AHM05,Rakhial,Ahmedabad,21-11-2024,72.55,153.55,15.04,11.77,0.82,61.04
AHM05,Rakhial,Ahmedabad,22-11-2024,73.57,156.37,30.84,12.7,0.84,71.98
AHM05,Rakhial,Ahmedabad,23-11-2024,92.93,192.79,54.23,10.95,1.09,61.18
AHM05,Rakhial,Ahmedabad,24-11-2024,74.16,156.34,55.2,10.93,0.87,61.37
AHM05,Rakhial,Ahmedabad,25-11-2024,102.81,211.32,87.8,12.64,1.51,48.75
AHM05,Rakhial,Ahmedabad,26-11-2024,81.57,165.03,103.71,12.5,1.54,37.14
AHM05,Rakhial,Ahmedabad,27-11-2024,88.51,179.6,145.54,11.69,1.09,30.39
AHM05,Rakhial,Ahmedabad,28-11-2024,68.03,142.47,94.91,10.31,0.63,31.29
AHM05,Rakhial,Ahmedabad,29-11-2024,49.67,107.05,50.22,10.49,0.32,60.31
AHM05,Rakhial,Ahmedabad,30-11-2024,55.71,121.84,53.35,9.94,0.28,75.62
AHM05,Rakhial,Ahmedabad,01-12-2024,49.3,108.71,44.18,10.23,0.46,86.72
AHM05,Rakhial,Ahmedabad,02-12-2024,54.67,118.14,53.39,10.79,0.78,82.56
AHM05,Rakhial,Ahmedabad,03-12-2024,53.45,114.03,61.43,10.23,0.87,72.87
AHM05,Rakhial,Ahmedabad,04-12-2024,48.61,104.97,49.22,10.87,0.7,81
AHM05,Rakhial,Ahmedabad,05-12-2024,51.47,108.85,56.44,10.62,0.73,69.59
AHM05,Rakhial,Ahmedabad,06-12-2024,57.43,120.37,83.02,10.92,0.87,53.89
AHM05,Rakhial,Ahmedabad,07-12-2024,74.49,151.37,96.11,11.46,1.11,36.28
AHM05,Rakhial,Ahmedabad,08-12-2024,48.67,102.59,60.3,13.11,0.81,49.68
AHM05,Rakhial,Ahmedabad,09-12-2024,70.14,154.6,54.99,14.27,0.75,53.8
AHM05,Rakhial,Ahmedabad,10-12-2024,53.52,117.48,40.64,12.07,0.73,75.18
AHM05,Rakhial,Ahmedabad,11-12-2024,52.46,110.44,58.68,13.13,0.98,79.64
AHM05,Rakhial,Ahmedabad,12-12-2024,60.36,125.01,63.86,11.22,1.07,74.92
AHM05,Rakhial,Ahmedabad,13-12-2024,44.39,96.74,39.99,13.34,0.8,78.04
AHM05,Rakhial,Ahmedabad,14-12-2024,42.62,92.1,41.36,12.71,0.73,68.64
AHM05,Rakhial,Ahmedabad,15-12-2024,52.11,110.77,55.99,13.14,1.05,64.03
AHM05,Rakhial,Ahmedabad,16-12-2024,68.7,140.07,85.77,13.6,1.42,52.76
AHM05,Rakhial,Ahmedabad,17-12-2024,78.11,158.69,85.19,14,1.41,48.65
AHM05,Rakhial,Ahmedabad,18-12-2024,80.81,165.22,85.23,14.27,1.64,54.67
AHM05,Rakhial,Ahmedabad,19-12-2024,75.48,158.41,76.63,12.04,1.35,53.72
AHM05,Rakhial,Ahmedabad,20-12-2024,78.37,163.08,70.92,12.82,1.1,54.15
AHM05,Rakhial,Ahmedabad,21-12-2024,74.13,157.29,63.52,13.53,1.03,65.79
AHM05,Rakhial,Ahmedabad,22-12-2024,70.57,147.38,56.8,12.96,0.95,62.79
AHM05,Rakhial,Ahmedabad,23-12-2024,82.25,168.3,75.36,13.49,1.06,52.47
AHM05,Rakhial,Ahmedabad,24-12-2024,92.81,187.99,72.08,7.7,0.71,51.64
AHM05,Rakhial,Ahmedabad,25-12-2024,79.5,165.58,34.13,5.78,0.47,63.5
AHM05,Rakhial,Ahmedabad,26-12-2024,94.16,186.22,50.28,5.8,0.63,40.9
AHM05,Rakhial,Ahmedabad,27-12-2024,93.62,188.92,54.7,5.36,0.67,24.96
AHM05,Rakhial,Ahmedabad,28-12-2024,92.74,177.08,59.99,5.87,0.49,23.95
AHM05,Rakhial,Ahmedabad,29-12-2024,48.73,104.1,21.69,5.71,0.2,61.08
AHM05,Rakhial,Ahmedabad,30-12-2024,56.4,114.87,57.99,7.24,0.56,45.92
AHM05,Rakhial,Ahmedabad,31-12-2024,54.44,110.7,39.3,4.37,0.27,30.15
AHM05,Rakhial,Ahmedabad,01-01-2025,49.28,97.71,32.02,5.15,0.31,39.95
AHM05,Rakhial,Ahmedabad,02-01-2025,62.19,126.15,69.12,8.6,1.14,38.96
AHM05,Rakhial,Ahmedabad,03-01-2025,84.62,170.63,99.96,25.02,1.82,37.68
AHM05,Rakhial,Ahmedabad,04-01-2025,111.74,204.17,97.43,23.99,1.65,38.78
AHM05,Rakhial,Ahmedabad,05-01-2025,64.27,134.77,47.44,23.29,1.26,54.97
AHM05,Rakhial,Ahmedabad,06-01-2025,66.97,139.12,42.09,23.48,1.03,53.15
AHM05,Rakhial,Ahmedabad,07-01-2025,74.59,154.29,57.19,23.11,1.31,57.7
AHM05,Rakhial,Ahmedabad,08-01-2025,71.76,146.51,49.01,24.44,0.52,47.64
AHM05,Rakhial,Ahmedabad,09-01-2025,70.94,145.73,48.07,24.14,0.65,52.65
AHM05,Rakhial,Ahmedabad,10-01-2025,65.7,135.58,50.43,24.96,0.49,46.18
AHM05,Rakhial,Ahmedabad,11-01-2025,106.04,210.44,68.13,33.05,0.37,70.66
AHM05,Rakhial,Ahmedabad,12-01-2025,76.47,155.96,46.55,22.96,0.47,50.47
AHM05,Rakhial,Ahmedabad,13-01-2025,57.39,118.65,29.96,23,0.31,58.88
AHM05,Rakhial,Ahmedabad,14-01-2025,49.67,107.33,26.71,23.83,0.37,62.92
AHM05,Rakhial,Ahmedabad,15-01-2025,56.84,121.03,28.25,23.38,0.31,69.37
AHM05,Rakhial,Ahmedabad,16-01-2025,75.39,153.06,41.02,23.16,0.39,53.04
AHM05,Rakhial,Ahmedabad,17-01-2025,60.09,126.35,26.3,23.45,0.29,62.42
AHM05,Rakhial,Ahmedabad,18-01-2025,83.63,167.07,27.38,23.71,0.58,42.98
AHM05,Rakhial,Ahmedabad,19-01-2025,108.52,213.38,44.05,23.61,0.99,39.55
AHM05,Rakhial,Ahmedabad,20-01-2025,128.36,251.89,82.04,18.29,1.14,38.35
AHM05,Rakhial,Ahmedabad,21-01-2025,113.32,221.65,76.98,15.94,0.72,41.16
AHM05,Rakhial,Ahmedabad,22-01-2025,96.04,183.09,66.26,35.17,0.63,40.61
AHM05,Rakhial,Ahmedabad,23-01-2025,66.91,139.17,33.49,20.48,0.41,63.2
AHM05,Rakhial,Ahmedabad,24-01-2025,60.81,132.7,28.13,16.67,0.65,61.47
AHM05,Rakhial,Ahmedabad,25-01-2025,55.37,116.48,47.27,16.75,1.3,63.91
AHM05,Rakhial,Ahmedabad,26-01-2025,64.58,133.64,45.52,13.91,1.39,62.77
AHM05,Rakhial,Ahmedabad,27-01-2025,81.6,165.17,65.83,51.96,1.56,48.47
AHM05,Rakhial,Ahmedabad,28-01-2025,79.15,160.54,70.1,65.04,1.7,45.21
AHM05,Rakhial,Ahmedabad,29-01-2025,136.25,268.65,130.71,90.27,2.2,49.83
AHM05,Rakhial,Ahmedabad,30-01-2025,77.92,155.71,62.96,30.9,1.33,39.38
AHM05,Rakhial,Ahmedabad,31-01-2025,92.61,186.44,52.91,52.39,1.16,39.21
AHM05,Rakhial,Ahmedabad,01-02-2025,68.43,130.47,26.5,20.7,0.85,46.98
AHM05,Rakhial,Ahmedabad,02-02-2025,71.76,134.35,33.28,21.61,1.05,50.08
AHM05,Rakhial,Ahmedabad,03-02-2025,76.54,144.35,35.12,40.36,1.15,50.85
AHM05,Rakhial,Ahmedabad,04-02-2025,66.84,131.17,26.8,29.42,0.92,60.13
AHM05,Rakhial,Ahmedabad,05-02-2025,95.62,172.89,44.95,21.97,1.37,41.66
AHM05,Rakhial,Ahmedabad,06-02-2025,63.04,118.18,16.71,11.96,0.9,69.42
AHM05,Rakhial,Ahmedabad,07-02-2025,60.66,112.63,14.78,7.96,0.92,75.66
AHM05,Rakhial,Ahmedabad,08-02-2025,90.09,157.31,33.74,15.23,1.61,62.68
AHM05,Rakhial,Ahmedabad,09-02-2025,95.67,164.62,32.42,27.57,1.55,56.72
AHM05,Rakhial,Ahmedabad,10-02-2025,80.09,134.36,55.68,53.03,1.83,42.15
AHM05,Rakhial,Ahmedabad,11-02-2025,58.57,94.2,47.57,64.76,1.84,37.24
AHM05,Rakhial,Ahmedabad,12-02-2025,53.22,84.84,50.89,26.88,1.47,30.61
AHM05,Rakhial,Ahmedabad,13-02-2025,52.93,86.73,62.68,40.57,1.62,42.49
AHM05,Rakhial,Ahmedabad,14-02-2025,72.53,117.53,97.99,54.22,1.8,55.36
AHM05,Rakhial,Ahmedabad,15-02-2025,121.97,216.5,91.65,85.87,1.54,29.49
AHM05,Rakhial,Ahmedabad,16-02-2025,102.97,208,23.75,35.92,0.86,31.64
AHM05,Rakhial,Ahmedabad,17-02-2025,103.95,202.24,31.07,45.59,1.36,35.21
AHM05,Rakhial,Ahmedabad,18-02-2025,103.03,200.49,32.66,51.35,1.29,30.06
AHM05,Rakhial,Ahmedabad,19-02-2025,78.19,155.08,27.48,39.4,0.59,43.72
AHM05,Rakhial,Ahmedabad,20-02-2025,74.82,128.59,24.87,41.79,0.6,33.39
AHM05,Rakhial,Ahmedabad,21-02-2025,107.51,157.49,29.03,49.48,0.79,35.51
AHM05,Rakhial,Ahmedabad,22-02-2025,115.22,168.12,32.38,48.67,1.04,39.61
AHM05,Rakhial,Ahmedabad,23-02-2025,110.14,159.49,35.37,59.12,1.13,39.6
AHM05,Rakhial,Ahmedabad,24-02-2025,97.87,145.57,35.62,20.9,1.09,39.87
AHM05,Rakhial,Ahmedabad,25-02-2025,69,104.1,29.58,43.04,1.04,47.91
AHM05,Rakhial,Ahmedabad,26-02-2025,94.57,144.18,34.29,35.59,1.93,54.92
AHM05,Rakhial,Ahmedabad,27-02-2025,76.79,112.46,48,74.86,1.27,59.32
AHM05,Rakhial,Ahmedabad,28-02-2025,73.88,108.53,43.87,71.95,1.25,35.25
AHM05,Rakhial,Ahmedabad,01-03-2025,65.06,93.4,30,62.05,0.81,29.92
AHM05,Rakhial,Ahmedabad,02-03-2025,65.27,93.25,33.82,38.07,0.87,47.89
AHM05,Rakhial,Ahmedabad,03-03-2025,68.81,98.54,33.8,48.91,1.01,44.69
AHM05,Rakhial,Ahmedabad,04-03-2025,68.98,105.77,18.91,22.15,0.42,57.39
AHM05,Rakhial,Ahmedabad,05-03-2025,74.78,114.33,37.16,17.24,1.08,56.29
AHM05,Rakhial,Ahmedabad,06-03-2025,75.6,115.15,37.4,49.83,1.3,47.5
AHM05,Rakhial,Ahmedabad,07-03-2025,89.01,147.08,43.76,66.88,2.05,62.26
AHM05,Rakhial,Ahmedabad,08-03-2025,71.22,117.04,29.76,84.6,1.3,43.43
AHM05,Rakhial,Ahmedabad,09-03-2025,88.37,151.58,25.67,67.4,1.67,57.64
AHM05,Rakhial,Ahmedabad,10-03-2025,85.09,138.81,35.16,69.04,1.98,44.95
AHM05,Rakhial,Ahmedabad,11-03-2025,64.13,105.41,32.2,57.38,1.64,60.67
AHM05,Rakhial,Ahmedabad,12-03-2025,75.73,121.71,40.73,93.53,2,46.97
AHM05,Rakhial,Ahmedabad,13-03-2025,42.69,70.48,21.16,51.44,0.98,41.86
AHM05,Rakhial,Ahmedabad,14-03-2025,28.54,47.51,12.24,34.58,0.65,49.91
AHM05,Rakhial,Ahmedabad,15-03-2025,34.56,57.34,14.16,24.43,0.76,44.41
AHM05,Rakhial,Ahmedabad,16-03-2025,36.38,62.85,13.13,34.83,0.63,59.71
AHM05,Rakhial,Ahmedabad,17-03-2025,65.09,104.83,16.78,25.87,0.82,57.33
AHM05,Rakhial,Ahmedabad,18-03-2025,54.42,85.92,16.54,31,1.01,56.79
AHM05,Rakhial,Ahmedabad,19-03-2025,77.79,121.26,16.32,48.9,1.18,56.24
AHM05,Rakhial,Ahmedabad,20-03-2025,50.81,76.49,12.29,38.97,0.5,45.09
AHM05,Rakhial,Ahmedabad,21-03-2025,27.46,79.98,13.7,35.07,0.89,48.35
AHM05,Rakhial,Ahmedabad,22-03-2025,48.99,151.59,15.64,50.07,1.3,62.41
AHM05,Rakhial,Ahmedabad,23-03-2025,79.98,160.95,15.29,60.18,1.53,58.95
AHM05,Rakhial,Ahmedabad,24-03-2025,104.25,215.36,17.2,75.51,1.81,66.13
AHM05,Rakhial,Ahmedabad,25-03-2025,98.63,224.48,15.19,81.98,1.92,69.05
AHM05,Rakhial,Ahmedabad,26-03-2025,65.01,151.22,7.73,66.44,0.67,48.43
AHM05,Rakhial,Ahmedabad,27-03-2025,NaN,NaN,7.14,22.75,0.95,48.9
AHM05,Rakhial,Ahmedabad,28-03-2025,NaN,NaN,11.92,42.47,1.63,90.06
AHM05,Rakhial,Ahmedabad,29-03-2025,55.23,117.93,5.85,35.62,2.15,57.84
AHM05,Rakhial,Ahmedabad,30-03-2025,30.94,66.88,6.18,60.38,1.14,61.5
AHM05,Rakhial,Ahmedabad,31-03-2025,76.9,140.69,9.65,28.89,1.65,66.26
AHM05,Rakhial,Ahmedabad,01-04-2025,79.23,145.73,6.14,26.79,3.87,73.02
AHM05,Rakhial,Ahmedabad,02-04-2025,NaN,NaN,8.95,93.57,3.67,34.01
AHM05,Rakhial,Ahmedabad,03-04-2025,105.16,182.54,5.22,92.51,1.5,70.54
AHM05,Rakhial,Ahmedabad,04-04-2025,85.92,166.84,5.46,41.97,1.45,33.28
AHM05,Rakhial,Ahmedabad,05-04-2025,71.09,151.07,4.8,68.9,1.8,32.47
AHM05,Rakhial,Ahmedabad,06-04-2025,43.81,96.16,6.31,47.21,1.1,32.43
AHM05,Rakhial,Ahmedabad,07-04-2025,38.72,84.13,6.14,47.37,1.61,41.4
AHM05,Rakhial,Ahmedabad,08-04-2025,61.28,134.25,6.04,60.28,1.68,38.12
AHM05,Rakhial,Ahmedabad,09-04-2025,44.61,97.2,7.41,56.54,0.92,51.42
AHM05,Rakhial,Ahmedabad,10-04-2025,42.09,91.63,6.92,51.17,0.87,62.56
AHM05,Rakhial,Ahmedabad,11-04-2025,37.07,80.47,6.07,21.02,1.04,26
AHM05,Rakhial,Ahmedabad,12-04-2025,35.15,76.2,6.02,5.81,1.11,22.57
AHM05,Rakhial,Ahmedabad,13-04-2025,37.3,80.98,6.32,18.91,0.92,43
AHM05,Rakhial,Ahmedabad,14-04-2025,37.85,82.78,6.13,18.42,0.8,59.36
AHM05,Rakhial,Ahmedabad,15-04-2025,40.08,80.1,5.4,12.2,0.7,70.69
AHM05,Rakhial,Ahmedabad,16-04-2025,65.26,123.13,4.49,26.22,0.66,67.26
AHM05,Rakhial,Ahmedabad,17-04-2025,42.56,80.31,4.67,21.83,0.5,49.08
AHM05,Rakhial,Ahmedabad,18-04-2025,44.95,84.83,5.32,44.08,0.9,40.08
AHM05,Rakhial,Ahmedabad,19-04-2025,NaN,NaN,12.84,42.85,0.67,74.52
AHM05,Rakhial,Ahmedabad,20-04-2025,72.54,136.87,13.61,35.4,0.81,64.86
AHM05,Rakhial,Ahmedabad,21-04-2025,62.42,117.77,11.51,59.68,1.14,56.58
AHM05,Rakhial,Ahmedabad,22-04-2025,66.22,124.95,13.74,42.61,1.26,81.98
AHM05,Rakhial,Ahmedabad,23-04-2025,78.17,147.47,12.19,66.37,2.21,49.69
AHM05,Rakhial,Ahmedabad,24-04-2025,58.99,111.3,14.12,58.53,1.07,50.97
AHM05,Rakhial,Ahmedabad,25-04-2025,44.27,83.53,14.86,54.85,0.95,53.71
AHM05,Rakhial,Ahmedabad,26-04-2025,52.89,99.79,14.71,41.26,1.08,35.54
AHM05,Rakhial,Ahmedabad,27-04-2025,79.19,149.41,14.28,59.43,1.15,40.04
AHM05,Rakhial,Ahmedabad,28-04-2025,68.61,129.44,12.67,60.68,1.17,31.17
AHM05,Rakhial,Ahmedabad,29-04-2025,57.01,107.56,12.89,41.39,0.99,23.54
AHM05,Rakhial,Ahmedabad,30-04-2025,58.77,110.87,11.57,47.14,0.89,31.63
AHM05,Rakhial,Ahmedabad,01-05-2025,49.3,100.44,11.89,55.94,0.86,50.59
AHM05,Rakhial,Ahmedabad,02-05-2025,57.41,122.15,14.9,30.47,0.7,45.35
AHM05,Rakhial,Ahmedabad,03-05-2025,47.26,100.57,21.17,23.68,0.54,28.46
AHM05,Rakhial,Ahmedabad,04-05-2025,45.74,97.3,24.42,1.64,0.59,14.92
AHM05,Rakhial,Ahmedabad,05-05-2025,46.3,98.5,24.02,2.02,0.56,18.18
AHM05,Rakhial,Ahmedabad,06-05-2025,22.93,48.79,23.96,2.08,0.39,21.21
AHM05,Rakhial,Ahmedabad,07-05-2025,21.86,46.51,23.45,3.46,0.52,11.75
AHM05,Rakhial,Ahmedabad,08-05-2025,36.68,78.03,23.41,2.73,0.49,22.21
AHM05,Rakhial,Ahmedabad,09-05-2025,27.67,58.89,23.79,2.24,0.33,28.97
AHM05,Rakhial,Ahmedabad,10-05-2025,34.78,73.99,25.95,3.97,0.32,24.7
AHM05,Rakhial,Ahmedabad,11-05-2025,48.39,102.95,24.14,7.51,0.47,16.19
AHM05,Rakhial,Ahmedabad,12-05-2025,46.7,99.36,87.25,7.29,0.54,22.82
AHM05,Rakhial,Ahmedabad,13-05-2025,36.39,77.42,164.38,13.31,0.92,20.09
AHM05,Rakhial,Ahmedabad,14-05-2025,NaN,NaN,129.81,10.08,1.49,14.22
AHM05,Rakhial,Ahmedabad,15-05-2025,40.03,95.31,105.8,10.9,1.92,25.3
AHM05,Rakhial,Ahmedabad,16-05-2025,31.52,75.04,66.92,13.96,0.92,16.35
AHM05,Rakhial,Ahmedabad,17-05-2025,17.65,42.04,18.41,11.96,0.77,18.34
AHM05,Rakhial,Ahmedabad,18-05-2025,17.67,42.07,13.55,22.11,0.92,25.41
AHM05,Rakhial,Ahmedabad,19-05-2025,21.65,51.55,11.97,12.6,1.06,47.8
AHM05,Rakhial,Ahmedabad,20-05-2025,18.43,43.87,39.62,20.42,0.87,30.43
AHM05,Rakhial,Ahmedabad,21-05-2025,27.61,65.74,29.91,24.96,0.69,26.47
AHM05,Rakhial,Ahmedabad,22-05-2025,36.46,86.81,36.58,20.74,0.46,38.41
AHM05,Rakhial,Ahmedabad,23-05-2025,40.56,96.57,8.38,25.83,0.37,36.07
AHM05,Rakhial,Ahmedabad,24-05-2025,37.16,88.64,4.46,22.97,0.16,40.99
AHM05,Rakhial,Ahmedabad,25-05-2025,35.97,85.64,14.44,10.12,0.25,32.92
AHM05,Rakhial,Ahmedabad,26-05-2025,42.84,102.01,28.18,15.27,0.3,31.7
AHM05,Rakhial,Ahmedabad,27-05-2025,47.11,104.19,32.22,13.24,0.48,35.21
AHM05,Rakhial,Ahmedabad,28-05-2025,44.44,69.67,24.59,27.36,0.43,36.77
AHM05,Rakhial,Ahmedabad,29-05-2025,113.76,162.69,44.91,22.48,0.05,68.05
AHM05,Rakhial,Ahmedabad,30-05-2025,115.62,154.66,44.83,15.78,0.04,26.84
AHM05,Rakhial,Ahmedabad,31-05-2025,71.61,102.19,37.63,13.5,0.05,27.01
AHM05,Rakhial,Ahmedabad,01-06-2025,54.27,77.28,29.95,11.88,0.42,31.19
AHM05,Rakhial,Ahmedabad,02-06-2025,44.87,56.58,31.96,17,0.47,30.61
AHM05,Rakhial,Ahmedabad,03-06-2025,51.26,62.68,32.82,13.14,0.46,40.6
AHM05,Rakhial,Ahmedabad,04-06-2025,68.59,85.09,37.84,15.71,0.39,44.51
AHM05,Rakhial,Ahmedabad,05-06-2025,71.08,86.13,37.5,8.34,0.51,46.54
AHM05,Rakhial,Ahmedabad,06-06-2025,56.43,81,41.08,4.51,0.62,41.03
AHM05,Rakhial,Ahmedabad,07-06-2025,31.18,61.11,30.13,5.19,0.56,47.07
AHM05,Rakhial,Ahmedabad,08-06-2025,45.37,74.29,28.23,4.68,0.6,49.27
AHM05,Rakhial,Ahmedabad,09-06-2025,35.73,58.64,30.71,4.93,0.68,39.27
AHM05,Rakhial,Ahmedabad,10-06-2025,28.85,48.55,31.09,7.28,0.75,37.05
AHM05,Rakhial,Ahmedabad,11-06-2025,30.96,57.96,30.56,11.63,0.79,36.96
AHM05,Rakhial,Ahmedabad,12-06-2025,63.9,103.64,33.9,7.68,1.27,37.45
AHM05,Rakhial,Ahmedabad,13-06-2025,114.9,189.33,59.25,14.38,2.23,27.13
AHM05,Rakhial,Ahmedabad,14-06-2025,18.63,102.01,63.16,39.66,0.38,59.38
AHM05,Rakhial,Ahmedabad,15-06-2025,3.3,5.68,52.59,39.73,0.25,56.91
AHM05,Rakhial,Ahmedabad,16-06-2025,4.92,14.87,47.48,40.06,0.37,47.63
AHM05,Rakhial,Ahmedabad,17-06-2025,2.12,3.37,43.73,39.7,0.59,64.82
AHM05,Rakhial,Ahmedabad,18-06-2025,46.32,91.71,37.96,7.01,0.95,3.71
AHM05,Rakhial,Ahmedabad,19-06-2025,26.48,52.42,49.78,7.06,1.1,10.36
AHM05,Rakhial,Ahmedabad,20-06-2025,19.37,38.93,22.97,NaN,NaN,NaN
AHM05,Rakhial,Ahmedabad,21-06-2025,14.58,29.42,31.09,NaN,NaN,NaN
AHM05,Rakhial,Ahmedabad,22-06-2025,6.11,12.01,27.21,NaN,0.97,NaN
AHM05,Rakhial,Ahmedabad,23-06-2025,5.11,9.77,20.77,6.3,0.98,4.65
AHM05,Rakhial,Ahmedabad,24-06-2025,6.41,12.61,23.71,5.86,1.06,5.37
AHM05,Rakhial,Ahmedabad,25-06-2025,11.49,22.97,21.22,5.87,1.21,5.42
AHM05,Rakhial,Ahmedabad,26-06-2025,39.93,82.37,21.65,5.91,1.19,5.98
AHM05,Rakhial,Ahmedabad,27-06-2025,20.44,39.82,NaN,9.22,0.71,5.78
AHM05,Rakhial,Ahmedabad,28-06-2025,24.25,45.76,NaN,23.74,0.39,4.72
AHM05,Rakhial,Ahmedabad,29-06-2025,2.66,4.09,137.51,30.03,0.37,18.99
AHM05,Rakhial,Ahmedabad,30-06-2025,19.12,43.73,157.12,40.27,0.29,101.82
AHM05,Rakhial,Ahmedabad,01-07-2025,20.42,42.06,262.19,3.55,0.51,84.09
AHM05,Rakhial,Ahmedabad,02-07-2025,38.02,85.15,41.13,18.24,1.16,11.3
AHM05,Rakhial,Ahmedabad,03-07-2025,30.1,66.38,51.23,30.44,1.41,1.19
AHM05,Rakhial,Ahmedabad,04-07-2025,24.16,49.54,22.22,15.69,1.14,2.05
AHM05,Rakhial,Ahmedabad,05-07-2025,24.6,46.72,26.53,16.42,0.73,2.59
AHM05,Rakhial,Ahmedabad,06-07-2025,23.47,61.54,13.1,14.11,0.02,3.28
AHM05,Rakhial,Ahmedabad,07-07-2025,8.2,280.95,24.8,13.68,0.02,3.03
AHM05,Rakhial,Ahmedabad,08-07-2025,64.04,131.07,27.56,13.57,0.54,3.2
AHM05,Rakhial,Ahmedabad,09-07-2025,51.8,68.12,41.15,14.9,0.62,4.55
AHM05,Rakhial,Ahmedabad,10-07-2025,32.29,48.14,34.62,9.32,0.78,6.21
AHM05,Rakhial,Ahmedabad,11-07-2025,61.36,83.14,45.74,11.54,1.15,4.24
AHM05,Rakhial,Ahmedabad,12-07-2025,27.1,56.08,49.18,18.55,1.31,4.58
AHM05,Rakhial,Ahmedabad,13-07-2025,18.85,42.62,38.01,6.6,1.46,7.94
AHM05,Rakhial,Ahmedabad,14-07-2025,18.98,42.82,44.58,16.46,1.53,6.42
AHM05,Rakhial,Ahmedabad,15-07-2025,44.35,80.81,37.14,10.63,0.59,21.36
AHM05,Rakhial,Ahmedabad,16-07-2025,28.25,38.19,34.42,8.21,0.31,11.57
AHM05,Rakhial,Ahmedabad,17-07-2025,36.52,46.58,48.12,11.48,0.7,9.79
AHM05,Rakhial,Ahmedabad,18-07-2025,34.73,44.32,39.99,14.94,0.47,20.35
AHM05,Rakhial,Ahmedabad,19-07-2025,32.2,41.44,53.2,18.63,0.7,6.09
AHM05,Rakhial,Ahmedabad,20-07-2025,18.42,23.8,47.52,15.21,1,12.72
AHM05,Rakhial,Ahmedabad,21-07-2025,15.88,20.81,77.45,24.06,1.16,4.86
AHM05,Rakhial,Ahmedabad,22-07-2025,17.64,22.82,48.74,16.53,0.45,8.84
AHM05,Rakhial,Ahmedabad,23-07-2025,18.75,31.07,46.05,15.79,0.76,5.72
AHM05,Rakhial,Ahmedabad,24-07-2025,15.3,39.06,33.92,30.86,0.79,12.16
AHM05,Rakhial,Ahmedabad,25-07-2025,11.83,30.26,41.97,15.16,0.47,11.04
AHM05,Rakhial,Ahmedabad,26-07-2025,52.65,85.19,19.62,9.62,0.53,7.77
AHM05,Rakhial,Ahmedabad,27-07-2025,19.21,55.33,27.68,10.33,0.61,8.22
AHM05,Rakhial,Ahmedabad,28-07-2025,39.05,45.72,43.58,13.66,0.53,9.11
AHM05,Rakhial,Ahmedabad,29-07-2025,35.34,85.34,56.71,20.33,0.48,13.78
AHM05,Rakhial,Ahmedabad,30-07-2025,33.7,81.26,30.68,21.75,1.23,14.61
AHM05,Rakhial,Ahmedabad,31-07-2025,39.47,95.67,40.88,48.46,1.06,12.39
AHM05,Rakhial,Ahmedabad,01-08-2025,35.29,85.38,33.91,24.23,0.35,10.62
AHM05,Rakhial,Ahmedabad,02-08-2025,34.58,84.05,33.66,21.57,0.54,8.89
AHM05,Rakhial,Ahmedabad,03-08-2025,24.03,57.65,28.07,21.13,0.92,9.66
AHM05,Rakhial,Ahmedabad,04-08-2025,18.47,53.29,26.75,36.33,0.7,13.9
AHM05,Rakhial,Ahmedabad,05-08-2025,24.88,67.35,34.7,18.81,0.41,23.9
AHM05,Rakhial,Ahmedabad,06-08-2025,26,71.88,33.3,15.24,0.6,21.75
AHM05,Rakhial,Ahmedabad,07-08-2025,25.36,73.54,35.23,12.17,0.66,27.34
AHM05,Rakhial,Ahmedabad,08-08-2025,27.47,77.01,24.93,16.86,0.58,23.57
AHM05,Rakhial,Ahmedabad,09-08-2025,22.23,66.68,26,10.49,0.6,23.63
AHM05,Rakhial,Ahmedabad,10-08-2025,21.37,61.37,27.28,8.52,0.65,24.96
AHM05,Rakhial,Ahmedabad,11-08-2025,22.49,59.33,24.87,11.66,0.6,22.58
AHM05,Rakhial,Ahmedabad,12-08-2025,19.61,53.83,40.36,15.98,0.61,20.18
AHM05,Rakhial,Ahmedabad,13-08-2025,25.32,57.85,30.29,11.36,0.69,18.75
AHM05,Rakhial,Ahmedabad,14-08-2025,21.46,53.59,45.18,7.15,0.65,19.05
AHM05,Rakhial,Ahmedabad,15-08-2025,26.67,65.18,51.4,4.82,0.58,19.17
AHM05,Rakhial,Ahmedabad,16-08-2025,20.87,42.09,38.53,4.76,0.54,16.01
AHM05,Rakhial,Ahmedabad,17-08-2025,22.84,38.32,33.49,3.61,0.51,24.27
AHM05,Rakhial,Ahmedabad,18-08-2025,16.54,40.82,24.23,2.8,0.94,22.02
AHM05,Rakhial,Ahmedabad,19-08-2025,24.78,44.63,27.08,2.91,1.32,20.12
AHM05,Rakhial,Ahmedabad,20-08-2025,14.17,39.4,37.63,3.37,1.52,19.13
AHM05,Rakhial,Ahmedabad,21-08-2025,12.09,40.34,46.44,7.54,0.19,21.02
AHM05,Rakhial,Ahmedabad,22-08-2025,16.76,44.33,51.3,22.76,0.27,5.9
AHM05,Rakhial,Ahmedabad,23-08-2025,19.88,51.59,20.47,18.95,0.02,6.31
AHM05,Rakhial,Ahmedabad,24-08-2025,16.59,37.04,19.75,26.15,0.03,5.9
AHM05,Rakhial,Ahmedabad,25-08-2025,14.52,50.85,18.29,17.61,0.23,6.02
AHM05,Rakhial,Ahmedabad,26-08-2025,11,72.07,15.98,8.92,0.44,7.64
AHM05,Rakhial,Ahmedabad,27-08-2025,31.75,77.23,13.31,10.66,0.78,9.18
AHM05,Rakhial,Ahmedabad,28-08-2025,36.85,77.15,19.69,11.22,0.57,7.24
AHM05,Rakhial,Ahmedabad,29-08-2025,41,87.81,18.76,14.8,0.93,5.68
AHM05,Rakhial,Ahmedabad,30-08-2025,36.02,90.24,21.54,11.67,0.32,6.14
AHM05,Rakhial,Ahmedabad,31-08-2025,14.58,67.65,14.92,9.25,0.14,6.63
AHM05,Rakhial,Ahmedabad,01-09-2025,5.41,65.19,15.3,9.04,0.15,7.12
AHM05,Rakhial,Ahmedabad,02-09-2025,5.29,63.37,21.71,10.44,0.09,7.84
AHM05,Rakhial,Ahmedabad,03-09-2025,37.27,110.5,21.7,12.56,1.75,9.42
AHM05,Rakhial,Ahmedabad,04-09-2025,30.99,74.02,14.46,11.9,1.96,7.02
AHM05,Rakhial,Ahmedabad,05-09-2025,21.6,62.06,23.27,9.71,1.49,10.81
AHM05,Rakhial,Ahmedabad,06-09-2025,19.58,43.94,25.94,9.82,1.17,8.58
AHM05,Rakhial,Ahmedabad,07-09-2025,19.14,30.18,12.78,10.14,1.1,9.46
AHM05,Rakhial,Ahmedabad,08-09-2025,13.1,34.56,15.09,8.98,2.16,5.25
AHM05,Rakhial,Ahmedabad,09-09-2025,8.83,58.6,NaN,NaN,NaN,133.17
AHM05,Rakhial,Ahmedabad,10-09-2025,50.22,130.89,15.54,7.94,1.43,6.39
AHM05,Rakhial,Ahmedabad,11-09-2025,27.82,80.26,21.74,19.97,1.26,5.47
AHM05,Rakhial,Ahmedabad,12-09-2025,31.44,84.2,30.17,10.22,0.98,10.86
AHM05,Rakhial,Ahmedabad,13-09-2025,39.35,98.75,80.3,12.52,0.97,10.88
AHM05,Rakhial,Ahmedabad,14-09-2025,6.36,76.44,3.18,18.93,0.8,10.59
AHM05,Rakhial,Ahmedabad,15-09-2025,5.91,65.46,3.02,7.7,0.82,9.54
AHM05,Rakhial,Ahmedabad,16-09-2025,5.81,67.57,8.17,9.38,0.87,11.23
AHM05,Rakhial,Ahmedabad,17-09-2025,17.42,68.45,21.44,14.6,0.83,11.96
AHM05,Rakhial,Ahmedabad,18-09-2025,44.18,99.61,22.32,15.58,1.82,9.86
AHM05,Rakhial,Ahmedabad,19-09-2025,38.6,88.24,26.22,8.53,4.4,11.24
AHM05,Rakhial,Ahmedabad,20-09-2025,38.24,76.59,33.51,9.69,4.9,8.91
AHM05,Rakhial,Ahmedabad,21-09-2025,31.12,85,10.45,10.08,1,10.99
AHM05,Rakhial,Ahmedabad,22-09-2025,13.44,80.9,24.15,6.99,0.46,12.54
AHM05,Rakhial,Ahmedabad,23-09-2025,13.53,59.33,24.76,8.37,0.31,14.39
AHM05,Rakhial,Ahmedabad,24-09-2025,5.51,62.13,10.34,22.8,0.26,16.87
AHM05,Rakhial,Ahmedabad,25-09-2025,6.15,73.58,15.99,31.87,0.21,15.06
AHM05,Rakhial,Ahmedabad,26-09-2025,5.75,72.82,16.47,25.46,0.15,15.99
AHM05,Rakhial,Ahmedabad,27-09-2025,13.68,66.21,15.66,22.72,0.37,23.34
AHM05,Rakhial,Ahmedabad,28-09-2025,27.24,57.93,13.57,15.04,0.51,16.66
AHM05,Rakhial,Ahmedabad,29-09-2025,12.85,27.95,6.39,4.99,0.53,12.1
AHM05,Rakhial,Ahmedabad,30-09-2025,15.22,34.58,8.26,4.76,0.54,11.35
AHM05,Rakhial,Ahmedabad,01-10-2025,16.63,38.34,11.42,6.27,0.5,10.19
AHM05,Rakhial,Ahmedabad,02-10-2025,15.93,35.56,16.23,7.29,0.46,11.4
AHM05,Rakhial,Ahmedabad,03-10-2025,17.69,39.33,14.92,16.25,0.45,10.46
AHM05,Rakhial,Ahmedabad,04-10-2025,21.51,47.62,24.29,39.39,0.43,7.26
AHM05,Rakhial,Ahmedabad,05-10-2025,19.43,30.98,18.84,15.01,0.45,8.28
AHM05,Rakhial,Ahmedabad,06-10-2025,17.41,25.37,20.19,27.07,0.44,7.09
AHM05,Rakhial,Ahmedabad,07-10-2025,30.4,53.32,50.13,21.61,0.41,8.72
AHM05,Rakhial,Ahmedabad,08-10-2025,57.17,74.25,53.34,33.01,0.48,10.08
AHM05,Rakhial,Ahmedabad,09-10-2025,68.85,82.54,62.49,22.86,0.47,8.92
AHM05,Rakhial,Ahmedabad,10-10-2025,51.45,122.87,54.89,23.2,0.46,8.31
AHM05,Rakhial,Ahmedabad,11-10-2025,69.68,156.08,56.02,15.87,0.44,19.38
AHM05,Rakhial,Ahmedabad,12-10-2025,62.92,135.73,68.37,19.4,0.44,18.81
AHM05,Rakhial,Ahmedabad,13-10-2025,67.91,148.36,42.79,17.9,0.44,23.73
AHM05,Rakhial,Ahmedabad,14-10-2025,54.23,115.53,60.96,18.81,0.41,24.12
AHM05,Rakhial,Ahmedabad,15-10-2025,62.74,127.18,90.04,17.47,0.52,24.95
AHM05,Rakhial,Ahmedabad,16-10-2025,77.75,158.61,90.3,21.38,1.23,26.93
AHM05,Rakhial,Ahmedabad,17-10-2025,79.63,144.18,91.62,18.77,1.16,21.48
AHM05,Rakhial,Ahmedabad,18-10-2025,84.93,158.72,98.12,22.62,0.91,20.07
AHM05,Rakhial,Ahmedabad,19-10-2025,63.82,116.63,40.71,18.36,0.57,31.78
AHM05,Rakhial,Ahmedabad,20-10-2025,123.46,193.7,54.01,24.09,1.19,21.68
AHM05,Rakhial,Ahmedabad,21-10-2025,120.48,149.37,37.98,33.06,0.72,25.07
AHM05,Rakhial,Ahmedabad,22-10-2025,69.92,117.55,21.61,9.56,0.39,48.84
AHM05,Rakhial,Ahmedabad,23-10-2025,61.05,103.5,20.5,7.32,0.45,62.65
AHM05,Rakhial,Ahmedabad,24-10-2025,54.9,93.9,15.25,5.77,0.57,56.72
AHM05,Rakhial,Ahmedabad,25-10-2025,58.29,106.53,15.14,7.51,0.58,55.34
AHM05,Rakhial,Ahmedabad,26-10-2025,6.47,13.06,16.15,7.29,0.51,18.35
AHM05,Rakhial,Ahmedabad,27-10-2025,10.86,26.57,15.01,5.49,0.72,7.41
AHM05,Rakhial,Ahmedabad,28-10-2025,7.29,25.81,12.95,8.95,0.98,21.19
AHM05,Rakhial,Ahmedabad,29-10-2025,28.96,61.08,16.57,9.18,1.28,31.76
AHM05,Rakhial,Ahmedabad,30-10-2025,31.73,63.51,20.76,11.49,0.94,20.2
AHM05,Rakhial,Ahmedabad,31-10-2025,7.13,42.11,17.3,12.03,0.53,13.25
AHM05,Rakhial,Ahmedabad,01-11-2025,12.76,49.83,24.37,19.63,0.81,5.17
AHM05,Rakhial,Ahmedabad,02-11-2025,36.85,62.24,31.44,19.37,1.16,5.2
AHM05,Rakhial,Ahmedabad,03-11-2025,15.83,49.91,22.42,15.51,1.37,13.53
AHM05,Rakhial,Ahmedabad,04-11-2025,27.75,67.5,35.65,17.45,1.33,14.68
AHM05,Rakhial,Ahmedabad,05-11-2025,46.63,108.54,65.03,26.09,1.49,16.54
AHM05,Rakhial,Ahmedabad,06-11-2025,69.49,142.17,38.11,23.82,1.24,16.34
AHM05,Rakhial,Ahmedabad,07-11-2025,64,139.29,25.42,21.49,1.27,27.07
AHM05,Rakhial,Ahmedabad,08-11-2025,80.1,148.99,28.3,31.38,1.25,22.33
AHM05,Rakhial,Ahmedabad,09-11-2025,77.35,135.65,15.42,31.24,1.07,23.37
AHM05,Rakhial,Ahmedabad,10-11-2025,88.54,172.64,23.59,33.69,1.48,19.07
AHM05,Rakhial,Ahmedabad,11-11-2025,106.78,181.93,36.75,41.77,3.12,21.66
AHM05,Rakhial,Ahmedabad,12-11-2025,94.27,167.27,19.27,36.19,1,18.59
AHM05,Rakhial,Ahmedabad,13-11-2025,89.75,154.81,57.71,32.56,2.36,26.22
AHM05,Rakhial,Ahmedabad,14-11-2025,69.58,132.83,37.81,25.72,1.57,30.84
AHM05,Rakhial,Ahmedabad,15-11-2025,62.3,113.38,23.47,21.45,0.81,37.46
AHM05,Rakhial,Ahmedabad,16-11-2025,54.95,101.61,18.49,18.47,1.14,47.73
AHM05,Rakhial,Ahmedabad,17-11-2025,72.15,121.59,24.8,23.07,1.13,45.92
AHM05,Rakhial,Ahmedabad,18-11-2025,87.91,138.84,28.9,20.95,1.1,45.57
AHM05,Rakhial,Ahmedabad,19-11-2025,85.76,142.73,43.88,29.47,0.94,44.93
AHM05,Rakhial,Ahmedabad,20-11-2025,102.66,168.36,38.8,22.74,0.95,47.79
AHM05,Rakhial,Ahmedabad,21-11-2025,113.4,171.33,32.42,29.83,1.18,43.11
AHM05,Rakhial,Ahmedabad,22-11-2025,118.93,186.93,47.65,31.77,2.11,34.57
AHM05,Rakhial,Ahmedabad,23-11-2025,116.47,172.86,32.39,31.39,1.88,29.13
AHM05,Rakhial,Ahmedabad,24-11-2025,105.2,164.63,38.15,26.62,1.64,31.88
AHM05,Rakhial,Ahmedabad,25-11-2025,91.19,140.05,16.82,17.08,0.96,56.53
AHM05,Rakhial,Ahmedabad,26-11-2025,87,137.15,15.65,15.01,0.89,51.98
AHM05,Rakhial,Ahmedabad,27-11-2025,73.78,159.31,21.84,13.86,0.46,24.74
AHM05,Rakhial,Ahmedabad,28-11-2025,91.92,182.05,19.68,15.17,0.41,28.1
AHM05,Rakhial,Ahmedabad,29-11-2025,49.23,161.54,25.37,15.55,0.87,26.28
AHM05,Rakhial,Ahmedabad,30-11-2025,77.53,178.51,32.71,24.46,1.73,27.66
AHM05,Rakhial,Ahmedabad,01-12-2025,80.79,184.53,38.8,35.73,1.7,20.28
AHM05,Rakhial,Ahmedabad,02-12-2025,72.72,159.94,37.98,31.93,1.95,20.68
AHM05,Rakhial,Ahmedabad,03-12-2025,29.16,136.33,32.49,26.71,1.18,27.57
AHM05,Rakhial,Ahmedabad,04-12-2025,48.69,128.81,21.5,17.16,0.97,43.15
AHM05,Rakhial,Ahmedabad,05-12-2025,51.63,124.85,18.86,20.56,0.87,54.25
AHM05,Rakhial,Ahmedabad,06-12-2025,34.01,120.6,24.73,16.15,0.86,54.7
AHM05,Rakhial,Ahmedabad,07-12-2025,4.98,128.66,23.03,21.8,0.83,48.21
AHM05,Rakhial,Ahmedabad,08-12-2025,18.54,123.15,27.42,20.73,1.2,33.4
AHM05,Rakhial,Ahmedabad,09-12-2025,48.37,131.9,34.71,22.64,1.1,28.02
AHM05,Rakhial,Ahmedabad,10-12-2025,53.53,136.52,40.31,23.88,1.21,23.3
AHM05,Rakhial,Ahmedabad,11-12-2025,70.45,149.3,42.68,34.68,1.42,22.2
AHM05,Rakhial,Ahmedabad,12-12-2025,88.44,146.63,51.31,35.83,1.62,17.18
AHM05,Rakhial,Ahmedabad,13-12-2025,82.71,135.5,38.63,34.7,1.65,25.97
AHM05,Rakhial,Ahmedabad,14-12-2025,73.97,127.02,33.06,36.3,1.31,30
AHM05,Rakhial,Ahmedabad,15-12-2025,44.99,118.22,30.17,24.03,0.42,36.23
AHM05,Rakhial,Ahmedabad,16-12-2025,52.13,124.09,17.4,20.88,0.36,53.24
AHM05,Rakhial,Ahmedabad,17-12-2025,56.73,131.55,22.94,25.13,0.36,45.6
AHM05,Rakhial,Ahmedabad,18-12-2025,52.26,134.48,26.1,26.42,0.36,33.68
AHM05,Rakhial,Ahmedabad,19-12-2025,60.83,124.75,35.1,31.66,1.75,30.97
AHM05,Rakhial,Ahmedabad,20-12-2025,90.81,157.98,38.42,43.59,1.96,22.73
AHM05,Rakhial,Ahmedabad,21-12-2025,67.48,124.5,23.61,43.91,0.91,24.07
AHM05,Rakhial,Ahmedabad,22-12-2025,51.71,127.2,20.64,35.73,0.85,28.51
AHM05,Rakhial,Ahmedabad,23-12-2025,63.17,120.1,20.71,31.33,1.42,23.59
AHM05,Rakhial,Ahmedabad,24-12-2025,52.3,129.37,24.93,30.32,0.96,21.41
AHM05,Rakhial,Ahmedabad,25-12-2025,49.88,134.94,22.9,25.19,0.83,26.65
AHM05,Rakhial,Ahmedabad,26-12-2025,45.57,118.7,17.87,23.36,0.61,40.46
AHM05,Rakhial,Ahmedabad,27-12-2025,44.42,120.35,18.65,24.96,0.68,44.18
AHM05,Rakhial,Ahmedabad,28-12-2025,49.38,129.97,19.74,21.81,0.59,44.39
AHM05,Rakhial,Ahmedabad,29-12-2025,60.98,139.38,33.5,25.81,0.87,40.82
AHM05,Rakhial,Ahmedabad,30-12-2025,83.17,161.39,35.74,38.62,0.65,33.9
AHM05,Rakhial,Ahmedabad,31-12-2025,148.3,223.77,66.03,50.07,1.68,10.24
AHM06,SAC ISRO Bopal,Ahmedabad,01-01-2023,65.7,NaN,18.8,23.02,0.55,17.99
AHM06,SAC ISRO Bopal,Ahmedabad,02-01-2023,65.68,NaN,18.81,23.16,0.55,17.47
AHM06,SAC ISRO Bopal,Ahmedabad,03-01-2023,65.78,NaN,18.77,22.97,0.55,18.6
AHM06,SAC ISRO Bopal,Ahmedabad,04-01-2023,65.76,NaN,18.77,23.05,0.55,24.91
AHM06,SAC ISRO Bopal,Ahmedabad,05-01-2023,67.67,NaN,21.66,22.93,0.49,25.81
AHM06,SAC ISRO Bopal,Ahmedabad,06-01-2023,62.56,NaN,31.34,22.98,0.59,20.29
AHM06,SAC ISRO Bopal,Ahmedabad,07-01-2023,71.97,NaN,64.99,23.37,0.92,26.1
AHM06,SAC ISRO Bopal,Ahmedabad,08-01-2023,56.5,NaN,45.81,23.1,0.59,23.36
AHM06,SAC ISRO Bopal,Ahmedabad,09-01-2023,67.6,NaN,28.23,23.23,0.9,23.63
AHM06,SAC ISRO Bopal,Ahmedabad,10-01-2023,83.33,NaN,16.88,23.19,0.66,27.63
AHM06,SAC ISRO Bopal,Ahmedabad,11-01-2023,83.56,NaN,17.21,23.13,0.58,24.87
AHM06,SAC ISRO Bopal,Ahmedabad,12-01-2023,57.93,134.9,22.97,22.1,0.55,17.56
AHM06,SAC ISRO Bopal,Ahmedabad,13-01-2023,65.52,136.04,13.96,8.86,0.48,NaN
AHM06,SAC ISRO Bopal,Ahmedabad,14-01-2023,65.56,136.23,13.9,8.91,0.48,NaN
AHM06,SAC ISRO Bopal,Ahmedabad,15-01-2023,65.83,135.96,13.92,8.84,0.48,NaN
AHM06,SAC ISRO Bopal,Ahmedabad,16-01-2023,65.67,135.74,13.83,8.78,0.48,NaN
AHM06,SAC ISRO Bopal,Ahmedabad,17-01-2023,65.67,136.14,13.94,8.88,0.48,NaN
AHM06,SAC ISRO Bopal,Ahmedabad,18-01-2023,65.76,135.47,13.87,8.71,0.48,NaN
AHM06,SAC ISRO Bopal,Ahmedabad,19-01-2023,65.69,135.86,13.81,8.81,0.48,NaN
AHM06,SAC ISRO Bopal,Ahmedabad,20-01-2023,65.65,135.79,13.8,8.79,0.48,NaN
AHM06,SAC ISRO Bopal,Ahmedabad,21-01-2023,65.67,135.7,13.9,8.77,0.48,NaN
AHM06,SAC ISRO Bopal,Ahmedabad,22-01-2023,65.88,135.8,13.91,8.79,0.48,NaN
AHM06,SAC ISRO Bopal,Ahmedabad,23-01-2023,65.65,135.79,13.84,8.79,0.48,NaN
AHM06,SAC ISRO Bopal,Ahmedabad,24-01-2023,65.59,135.56,13.9,8.73,0.48,NaN
AHM06,SAC ISRO Bopal,Ahmedabad,25-01-2023,65.71,135.88,13.91,8.81,0.48,NaN
AHM06,SAC ISRO Bopal,Ahmedabad,26-01-2023,65.66,135.53,13.84,8.72,0.48,NaN
AHM06,SAC ISRO Bopal,Ahmedabad,27-01-2023,65.59,136.17,13.9,8.89,0.48,NaN
AHM06,SAC ISRO Bopal,Ahmedabad,28-01-2023,65.74,136.09,13.96,8.87,0.48,NaN
AHM06,SAC ISRO Bopal,Ahmedabad,29-01-2023,65.77,135.79,13.9,8.79,0.48,NaN
AHM06,SAC ISRO Bopal,Ahmedabad,30-01-2023,65.59,135.98,13.89,8.84,0.48,NaN
AHM06,SAC ISRO Bopal,Ahmedabad,31-01-2023,65.62,135.84,13.83,8.81,0.48,NaN
AHM06,SAC ISRO Bopal,Ahmedabad,01-02-2023,65.73,135.53,13.86,8.72,0.48,NaN
AHM06,SAC ISRO Bopal,Ahmedabad,02-02-2023,65.76,135.67,13.9,8.76,0.48,NaN
AHM06,SAC ISRO Bopal,Ahmedabad,03-02-2023,65.73,135.77,13.9,8.79,0.48,NaN
AHM06,SAC ISRO Bopal,Ahmedabad,04-02-2023,65.7,136.09,13.86,8.87,0.48,NaN
AHM06,SAC ISRO Bopal,Ahmedabad,05-02-2023,65.56,135.8,13.77,8.8,0.48,NaN
AHM06,SAC ISRO Bopal,Ahmedabad,06-02-2023,65.7,136.13,13.8,8.88,0.48,NaN
AHM06,SAC ISRO Bopal,Ahmedabad,07-02-2023,65.86,136.09,13.84,8.87,0.48,NaN
AHM06,SAC ISRO Bopal,Ahmedabad,08-02-2023,65.74,135.72,13.81,8.77,0.48,NaN
AHM06,SAC ISRO Bopal,Ahmedabad,09-02-2023,65.57,135.79,13.91,8.79,0.48,NaN
AHM06,SAC ISRO Bopal,Ahmedabad,10-02-2023,65.81,135.89,13.86,8.82,0.48,NaN
AHM06,SAC ISRO Bopal,Ahmedabad,11-02-2023,65.72,135.98,13.79,8.84,0.48,NaN
AHM06,SAC ISRO Bopal,Ahmedabad,12-02-2023,65.76,135.86,13.95,8.81,0.48,NaN
AHM06,SAC ISRO Bopal,Ahmedabad,13-02-2023,65.79,135.83,13.89,8.8,0.48,NaN
AHM06,SAC ISRO Bopal,Ahmedabad,14-02-2023,65.68,135.6,13.83,8.74,0.48,NaN
AHM06,SAC ISRO Bopal,Ahmedabad,15-02-2023,65.77,135.73,13.79,8.77,0.48,NaN
AHM06,SAC ISRO Bopal,Ahmedabad,16-02-2023,65.48,135.67,13.83,8.76,0.48,NaN
AHM06,SAC ISRO Bopal,Ahmedabad,17-02-2023,65.67,135.93,13.87,8.83,0.48,NaN
AHM06,SAC ISRO Bopal,Ahmedabad,18-02-2023,65.71,135.8,13.88,8.79,0.48,NaN
AHM06,SAC ISRO Bopal,Ahmedabad,19-02-2023,65.77,136.12,13.84,8.88,0.48,NaN
AHM06,SAC ISRO Bopal,Ahmedabad,20-02-2023,65.69,135.61,13.83,8.74,0.48,NaN
AHM06,SAC ISRO Bopal,Ahmedabad,21-02-2023,66.07,135.55,13.86,8.72,0.48,NaN
AHM06,SAC ISRO Bopal,Ahmedabad,22-02-2023,65.5,135.95,13.84,8.84,0.48,NaN
AHM06,SAC ISRO Bopal,Ahmedabad,23-02-2023,65.75,135.6,13.8,8.74,0.48,NaN
AHM06,SAC ISRO Bopal,Ahmedabad,24-02-2023,65.8,135.62,13.9,8.74,0.48,NaN
AHM06,SAC ISRO Bopal,Ahmedabad,25-02-2023,65.7,135.88,13.82,8.82,0.48,NaN
AHM06,SAC ISRO Bopal,Ahmedabad,26-02-2023,65.68,135.68,13.81,8.76,0.48,NaN
AHM06,SAC ISRO Bopal,Ahmedabad,27-02-2023,65.91,135.85,13.78,8.81,0.48,NaN
AHM06,SAC ISRO Bopal,Ahmedabad,28-02-2023,65.73,135.75,13.82,8.78,0.48,NaN
AHM06,SAC ISRO Bopal,Ahmedabad,01-03-2023,65.64,135.92,13.94,8.8,0.48,NaN
AHM06,SAC ISRO Bopal,Ahmedabad,02-03-2023,65.66,135.75,13.92,8.78,0.48,NaN
AHM06,SAC ISRO Bopal,Ahmedabad,03-03-2023,65.62,135.6,13.83,8.75,0.48,NaN
AHM06,SAC ISRO Bopal,Ahmedabad,04-03-2023,65.69,135.99,13.82,8.84,0.48,NaN
AHM06,SAC ISRO Bopal,Ahmedabad,05-03-2023,65.9,135.81,13.92,8.8,0.48,NaN
AHM06,SAC ISRO Bopal,Ahmedabad,06-03-2023,65.75,135.95,13.78,8.83,0.48,NaN
AHM06,SAC ISRO Bopal,Ahmedabad,07-03-2023,65.75,135.47,13.98,8.71,0.48,NaN
AHM06,SAC ISRO Bopal,Ahmedabad,08-03-2023,65.68,135.59,13.91,8.74,0.48,NaN
AHM06,SAC ISRO Bopal,Ahmedabad,09-03-2023,65.68,135.69,13.84,8.77,0.48,NaN
AHM06,SAC ISRO Bopal,Ahmedabad,10-03-2023,65.77,135.54,13.79,8.73,0.48,NaN
AHM06,SAC ISRO Bopal,Ahmedabad,11-03-2023,65.67,135.64,13.88,8.75,0.48,NaN
AHM06,SAC ISRO Bopal,Ahmedabad,12-03-2023,65.69,135.57,13.88,8.74,0.48,NaN
AHM06,SAC ISRO Bopal,Ahmedabad,13-03-2023,65.64,136,13.8,8.85,0.48,NaN
AHM06,SAC ISRO Bopal,Ahmedabad,14-03-2023,65.61,135.82,13.85,8.8,0.48,NaN
AHM06,SAC ISRO Bopal,Ahmedabad,15-03-2023,65.71,136.1,13.84,8.87,0.48,NaN
AHM06,SAC ISRO Bopal,Ahmedabad,16-03-2023,65.6,135.79,13.87,8.79,0.48,NaN
AHM06,SAC ISRO Bopal,Ahmedabad,17-03-2023,65.84,135.99,13.92,8.84,0.48,NaN
AHM06,SAC ISRO Bopal,Ahmedabad,18-03-2023,65.71,135.49,13.82,8.71,0.48,NaN
AHM06,SAC ISRO Bopal,Ahmedabad,19-03-2023,65.85,135.87,13.82,8.82,0.48,NaN
AHM06,SAC ISRO Bopal,Ahmedabad,20-03-2023,65.62,136.08,13.79,8.87,0.48,NaN
AHM06,SAC ISRO Bopal,Ahmedabad,21-03-2023,65.59,135.74,13.85,8.78,0.48,NaN
AHM06,SAC ISRO Bopal,Ahmedabad,22-03-2023,65.62,135.54,13.9,8.72,0.48,NaN
AHM06,SAC ISRO Bopal,Ahmedabad,23-03-2023,65.74,136.07,13.92,8.86,0.48,NaN
AHM06,SAC ISRO Bopal,Ahmedabad,24-03-2023,65.69,135.96,13.93,8.84,0.48,NaN
AHM06,SAC ISRO Bopal,Ahmedabad,25-03-2023,65.9,136.01,13.85,8.85,0.48,NaN
AHM06,SAC ISRO Bopal,Ahmedabad,26-03-2023,65.77,135.85,13.85,8.81,0.48,NaN
AHM06,SAC ISRO Bopal,Ahmedabad,27-03-2023,65.62,135.95,13.96,8.83,0.48,NaN
AHM06,SAC ISRO Bopal,Ahmedabad,28-03-2023,65.75,135.56,13.87,8.73,0.48,NaN
AHM06,SAC ISRO Bopal,Ahmedabad,29-03-2023,65.72,135.56,13.8,8.73,0.48,NaN
AHM06,SAC ISRO Bopal,Ahmedabad,30-03-2023,65.78,135.61,13.8,8.74,0.48,NaN
AHM06,SAC ISRO Bopal,Ahmedabad,31-03-2023,65.84,135.53,13.84,8.72,0.48,NaN
AHM06,SAC ISRO Bopal,Ahmedabad,01-04-2023,65.76,136.03,13.82,8.86,0.48,NaN
AHM06,SAC ISRO Bopal,Ahmedabad,02-04-2023,65.47,136.02,13.9,8.85,0.48,NaN
AHM06,SAC ISRO Bopal,Ahmedabad,03-04-2023,65.71,135.95,13.87,8.83,0.48,NaN
AHM06,SAC ISRO Bopal,Ahmedabad,04-04-2023,65.62,135.88,13.78,8.82,0.48,NaN
AHM06,SAC ISRO Bopal,Ahmedabad,05-04-2023,65.77,135.7,13.9,8.77,0.48,NaN
AHM06,SAC ISRO Bopal,Ahmedabad,06-04-2023,65.91,135.75,13.88,8.78,0.48,NaN
AHM06,SAC ISRO Bopal,Ahmedabad,07-04-2023,65.47,135.52,13.83,8.72,0.48,NaN
AHM06,SAC ISRO Bopal,Ahmedabad,08-04-2023,65.93,135.55,13.9,8.73,0.48,NaN
AHM06,SAC ISRO Bopal,Ahmedabad,09-04-2023,65.79,135.85,13.8,8.81,0.48,NaN
AHM06,SAC ISRO Bopal,Ahmedabad,10-04-2023,65.77,135.87,13.94,8.82,0.48,NaN
AHM06,SAC ISRO Bopal,Ahmedabad,11-04-2023,65.76,135.69,13.92,8.76,0.48,NaN
AHM06,SAC ISRO Bopal,Ahmedabad,12-04-2023,65.73,135.89,13.83,8.81,0.48,NaN
AHM06,SAC ISRO Bopal,Ahmedabad,13-04-2023,65.73,136.32,13.95,8.93,0.49,NaN
AHM06,SAC ISRO Bopal,Ahmedabad,14-04-2023,65.74,135.9,13.8,8.82,0.48,NaN
AHM06,SAC ISRO Bopal,Ahmedabad,15-04-2023,65.67,135.85,13.86,8.81,0.48,NaN
AHM06,SAC ISRO Bopal,Ahmedabad,16-04-2023,65.88,135.56,13.84,8.73,0.48,NaN
AHM06,SAC ISRO Bopal,Ahmedabad,17-04-2023,65.8,135.81,13.86,8.8,0.48,NaN
AHM06,SAC ISRO Bopal,Ahmedabad,18-04-2023,65.87,135.93,13.8,8.83,0.48,NaN
AHM06,SAC ISRO Bopal,Ahmedabad,19-04-2023,65.79,135.8,13.86,8.79,0.48,NaN
AHM06,SAC ISRO Bopal,Ahmedabad,20-04-2023,65.84,135.84,13.89,8.81,0.48,NaN
AHM06,SAC ISRO Bopal,Ahmedabad,21-04-2023,65.64,135.76,13.88,8.79,0.48,NaN
AHM06,SAC ISRO Bopal,Ahmedabad,22-04-2023,65.5,136.1,13.83,8.88,0.48,NaN
AHM06,SAC ISRO Bopal,Ahmedabad,23-04-2023,65.67,136.02,13.97,8.85,0.48,NaN
AHM06,SAC ISRO Bopal,Ahmedabad,24-04-2023,65.56,135.79,13.84,8.79,0.48,NaN
AHM06,SAC ISRO Bopal,Ahmedabad,25-04-2023,65.68,136.07,13.79,8.86,0.48,NaN
AHM06,SAC ISRO Bopal,Ahmedabad,26-04-2023,65.7,135.86,13.87,8.81,0.48,NaN
AHM06,SAC ISRO Bopal,Ahmedabad,27-04-2023,65.83,135.96,13.86,8.84,0.48,NaN
AHM06,SAC ISRO Bopal,Ahmedabad,28-04-2023,65.67,136.22,13.8,8.91,0.48,NaN
AHM06,SAC ISRO Bopal,Ahmedabad,29-04-2023,65.69,136.01,13.88,8.85,0.48,NaN
AHM06,SAC ISRO Bopal,Ahmedabad,30-04-2023,65.7,135.41,13.94,8.69,0.48,NaN
AHM06,SAC ISRO Bopal,Ahmedabad,01-05-2023,65.86,135.84,13.91,8.81,0.48,NaN
AHM06,SAC ISRO Bopal,Ahmedabad,02-05-2023,65.5,135.82,13.8,8.8,0.48,NaN
AHM06,SAC ISRO Bopal,Ahmedabad,03-05-2023,65.54,135.51,13.82,8.72,0.48,NaN
AHM06,SAC ISRO Bopal,Ahmedabad,04-05-2023,65.64,136.05,13.78,8.86,0.48,NaN
AHM06,SAC ISRO Bopal,Ahmedabad,05-05-2023,65.94,135.92,13.86,8.82,0.48,NaN
AHM06,SAC ISRO Bopal,Ahmedabad,06-05-2023,65.53,135.68,13.84,8.76,0.48,NaN
AHM06,SAC ISRO Bopal,Ahmedabad,07-05-2023,65.69,135.79,13.87,8.79,0.48,NaN
AHM06,SAC ISRO Bopal,Ahmedabad,08-05-2023,65.69,136.05,13.84,8.86,0.48,NaN
AHM06,SAC ISRO Bopal,Ahmedabad,09-05-2023,65.69,135.9,13.84,8.82,0.48,NaN
AHM06,SAC ISRO Bopal,Ahmedabad,10-05-2023,65.5,135.88,13.8,8.82,0.48,NaN
AHM06,SAC ISRO Bopal,Ahmedabad,11-05-2023,65.78,135.91,13.8,8.82,0.48,NaN
AHM06,SAC ISRO Bopal,Ahmedabad,12-05-2023,65.7,135.47,13.81,8.71,0.48,NaN
AHM06,SAC ISRO Bopal,Ahmedabad,13-05-2023,65.6,135.96,13.9,8.84,0.48,NaN
AHM06,SAC ISRO Bopal,Ahmedabad,14-05-2023,65.63,135.85,13.81,8.81,0.48,NaN
AHM06,SAC ISRO Bopal,Ahmedabad,15-05-2023,65.73,135.45,13.85,8.7,0.48,NaN
AHM06,SAC ISRO Bopal,Ahmedabad,16-05-2023,65.73,135.65,13.89,8.76,0.48,NaN
AHM06,SAC ISRO Bopal,Ahmedabad,17-05-2023,65.67,135.66,13.93,8.76,0.48,NaN
AHM06,SAC ISRO Bopal,Ahmedabad,18-05-2023,65.78,135.66,13.82,8.76,0.48,NaN
AHM06,SAC ISRO Bopal,Ahmedabad,19-05-2023,65.77,135.93,13.82,8.83,0.48,NaN
AHM06,SAC ISRO Bopal,Ahmedabad,20-05-2023,65.85,135.64,13.9,8.75,0.48,NaN
AHM06,SAC ISRO Bopal,Ahmedabad,21-05-2023,65.58,135.6,13.78,8.74,0.48,NaN
AHM06,SAC ISRO Bopal,Ahmedabad,22-05-2023,65.5,136.2,13.88,8.9,0.48,NaN
AHM06,SAC ISRO Bopal,Ahmedabad,23-05-2023,65.59,135.53,13.88,8.72,0.48,NaN
AHM06,SAC ISRO Bopal,Ahmedabad,24-05-2023,65.76,135.74,13.92,8.78,0.48,NaN
AHM06,SAC ISRO Bopal,Ahmedabad,25-05-2023,65.7,135.78,13.83,8.79,0.48,NaN
AHM06,SAC ISRO Bopal,Ahmedabad,26-05-2023,65.74,135.83,13.9,8.8,0.48,NaN
AHM06,SAC ISRO Bopal,Ahmedabad,27-05-2023,65.8,136.01,13.75,8.85,0.48,NaN
AHM06,SAC ISRO Bopal,Ahmedabad,28-05-2023,65.81,136.04,13.92,8.86,0.48,NaN
AHM06,SAC ISRO Bopal,Ahmedabad,29-05-2023,65.8,135.79,13.99,8.79,0.48,NaN
AHM06,SAC ISRO Bopal,Ahmedabad,30-05-2023,65.71,136.18,13.91,8.9,0.48,NaN
AHM06,SAC ISRO Bopal,Ahmedabad,31-05-2023,65.65,135.77,13.89,8.79,0.48,NaN
AHM06,SAC ISRO Bopal,Ahmedabad,01-06-2023,65.54,135.56,13.9,8.73,0.48,NaN
AHM06,SAC ISRO Bopal,Ahmedabad,02-06-2023,NaN,NaN,NaN,NaN,NaN,NaN
AHM06,SAC ISRO Bopal,Ahmedabad,03-06-2023,NaN,NaN,NaN,NaN,NaN,NaN
AHM06,SAC ISRO Bopal,Ahmedabad,04-06-2023,65.58,136.02,13.78,8.88,0.48,NaN
AHM06,SAC ISRO Bopal,Ahmedabad,05-06-2023,53.43,114.3,13.76,8.73,0.48,NaN
AHM06,SAC ISRO Bopal,Ahmedabad,06-06-2023,41.39,93.47,13.97,8.71,0.48,NaN
AHM06,SAC ISRO Bopal,Ahmedabad,07-06-2023,41.37,93.84,13.92,8.84,0.48,NaN
AHM06,SAC ISRO Bopal,Ahmedabad,08-06-2023,41.31,93.69,13.94,8.79,0.48,NaN
AHM06,SAC ISRO Bopal,Ahmedabad,09-06-2023,41.49,93.79,13.85,8.83,0.48,NaN
AHM06,SAC ISRO Bopal,Ahmedabad,10-06-2023,41.24,93.73,13.85,8.81,0.48,NaN
AHM06,SAC ISRO Bopal,Ahmedabad,11-06-2023,41.44,93.63,13.92,8.77,0.48,NaN
AHM06,SAC ISRO Bopal,Ahmedabad,12-06-2023,41.38,93.79,13.86,8.83,0.48,NaN
AHM06,SAC ISRO Bopal,Ahmedabad,13-06-2023,41.33,93.63,13.81,8.77,0.48,NaN
AHM06,SAC ISRO Bopal,Ahmedabad,14-06-2023,41.35,93.98,13.89,8.9,0.48,NaN
AHM06,SAC ISRO Bopal,Ahmedabad,15-06-2023,41.4,94.04,13.89,8.92,0.49,NaN
AHM06,SAC ISRO Bopal,Ahmedabad,16-06-2023,41.36,93.72,13.82,8.8,0.48,NaN
AHM06,SAC ISRO Bopal,Ahmedabad,17-06-2023,41.33,93.86,13.86,8.86,0.48,NaN
AHM06,SAC ISRO Bopal,Ahmedabad,18-06-2023,41.36,93.6,13.81,8.76,0.48,NaN
AHM06,SAC ISRO Bopal,Ahmedabad,19-06-2023,41.47,93.78,13.93,8.83,0.48,NaN
AHM06,SAC ISRO Bopal,Ahmedabad,20-06-2023,41.45,93.47,13.85,8.71,0.48,NaN
AHM06,SAC ISRO Bopal,Ahmedabad,21-06-2023,41.28,93.76,13.9,8.81,0.48,NaN
AHM06,SAC ISRO Bopal,Ahmedabad,22-06-2023,41.41,93.56,13.79,8.74,0.48,NaN
AHM06,SAC ISRO Bopal,Ahmedabad,23-06-2023,41.39,93.55,13.83,8.74,0.48,NaN
AHM06,SAC ISRO Bopal,Ahmedabad,24-06-2023,41.4,93.97,13.84,8.9,0.48,NaN
AHM06,SAC ISRO Bopal,Ahmedabad,25-06-2023,41.35,93.95,13.87,8.89,0.48,NaN
AHM06,SAC ISRO Bopal,Ahmedabad,26-06-2023,41.38,93.87,13.85,8.86,0.48,NaN
AHM06,SAC ISRO Bopal,Ahmedabad,27-06-2023,41.43,93.54,13.88,8.73,0.48,NaN
AHM06,SAC ISRO Bopal,Ahmedabad,28-06-2023,41.37,93.96,13.87,8.9,0.48,NaN
AHM06,SAC ISRO Bopal,Ahmedabad,29-06-2023,41.44,93.55,13.88,8.73,0.48,NaN
AHM06,SAC ISRO Bopal,Ahmedabad,30-06-2023,41.4,93.6,13.91,8.75,0.48,NaN
AHM06,SAC ISRO Bopal,Ahmedabad,01-07-2023,41.49,93.79,13.92,8.83,0.48,NaN
AHM06,SAC ISRO Bopal,Ahmedabad,02-07-2023,41.35,93.61,13.77,8.76,0.48,NaN
AHM06,SAC ISRO Bopal,Ahmedabad,03-07-2023,41.4,93.77,13.82,8.82,0.48,NaN
AHM06,SAC ISRO Bopal,Ahmedabad,04-07-2023,41.35,93.95,13.77,8.89,0.48,NaN
AHM06,SAC ISRO Bopal,Ahmedabad,05-07-2023,NaN,NaN,NaN,NaN,NaN,NaN
AHM06,SAC ISRO Bopal,Ahmedabad,06-07-2023,NaN,NaN,NaN,NaN,NaN,NaN
AHM06,SAC ISRO Bopal,Ahmedabad,07-07-2023,41.52,93.73,13.9,8.8,0.48,NaN
AHM06,SAC ISRO Bopal,Ahmedabad,08-07-2023,41.4,93.51,13.84,8.72,0.48,NaN
AHM06,SAC ISRO Bopal,Ahmedabad,09-07-2023,41.47,93.77,13.9,8.83,0.48,NaN
AHM06,SAC ISRO Bopal,Ahmedabad,10-07-2023,41.39,93.66,13.86,8.78,0.48,NaN
AHM06,SAC ISRO Bopal,Ahmedabad,11-07-2023,41.39,93.61,13.84,8.76,0.48,NaN
AHM06,SAC ISRO Bopal,Ahmedabad,12-07-2023,41.4,93.61,13.85,8.76,0.48,NaN
AHM06,SAC ISRO Bopal,Ahmedabad,13-07-2023,41.3,93.8,13.88,8.83,0.48,NaN
AHM06,SAC ISRO Bopal,Ahmedabad,14-07-2023,41.44,93.85,13.86,8.85,0.48,NaN
AHM06,SAC ISRO Bopal,Ahmedabad,15-07-2023,41.33,93.72,13.79,8.8,0.48,NaN
AHM06,SAC ISRO Bopal,Ahmedabad,16-07-2023,41.35,94.02,13.92,8.92,0.48,NaN
AHM06,SAC ISRO Bopal,Ahmedabad,17-07-2023,41.43,93.69,13.82,8.79,0.48,NaN
AHM06,SAC ISRO Bopal,Ahmedabad,18-07-2023,41.31,93.91,13.88,8.87,0.48,NaN
AHM06,SAC ISRO Bopal,Ahmedabad,19-07-2023,41.45,93.45,13.87,8.7,0.48,NaN
AHM06,SAC ISRO Bopal,Ahmedabad,20-07-2023,41.43,93.89,13.88,8.87,0.48,NaN
AHM06,SAC ISRO Bopal,Ahmedabad,21-07-2023,41.5,93.76,13.88,8.81,0.48,NaN
AHM06,SAC ISRO Bopal,Ahmedabad,22-07-2023,41.38,93.96,13.82,8.9,0.48,NaN
AHM06,SAC ISRO Bopal,Ahmedabad,23-07-2023,41.45,93.93,13.79,8.88,0.48,NaN
AHM06,SAC ISRO Bopal,Ahmedabad,24-07-2023,41.43,93.97,13.86,8.9,0.48,NaN
AHM06,SAC ISRO Bopal,Ahmedabad,25-07-2023,41.53,93.46,13.86,8.7,0.48,NaN
AHM06,SAC ISRO Bopal,Ahmedabad,26-07-2023,41.39,94.06,13.87,8.93,0.48,NaN
AHM06,SAC ISRO Bopal,Ahmedabad,27-07-2023,41.42,93.91,13.81,8.88,0.48,NaN
AHM06,SAC ISRO Bopal,Ahmedabad,28-07-2023,41.38,93.79,13.82,8.82,0.48,NaN
AHM06,SAC ISRO Bopal,Ahmedabad,29-07-2023,36.23,81.77,13.84,8.8,0.46,NaN
AHM06,SAC ISRO Bopal,Ahmedabad,30-07-2023,20.78,45.59,13.92,8.76,0.41,NaN
AHM06,SAC ISRO Bopal,Ahmedabad,31-07-2023,20.9,45.82,13.89,8.84,0.41,NaN
AHM06,SAC ISRO Bopal,Ahmedabad,01-08-2023,20.99,45.61,13.83,8.77,0.41,NaN
AHM06,SAC ISRO Bopal,Ahmedabad,02-08-2023,20.9,45.6,13.95,8.76,0.41,NaN
AHM06,SAC ISRO Bopal,Ahmedabad,03-08-2023,20.95,45.69,13.74,8.8,0.41,NaN
AHM06,SAC ISRO Bopal,Ahmedabad,04-08-2023,20.86,45.82,13.87,8.84,0.41,NaN
AHM06,SAC ISRO Bopal,Ahmedabad,05-08-2023,20.78,45.91,13.81,8.88,0.41,NaN
AHM06,SAC ISRO Bopal,Ahmedabad,06-08-2023,20.79,45.76,13.93,8.83,0.41,NaN
AHM06,SAC ISRO Bopal,Ahmedabad,07-08-2023,20.91,45.69,13.95,8.79,0.41,NaN
AHM06,SAC ISRO Bopal,Ahmedabad,08-08-2023,20.86,45.96,13.86,8.9,0.42,NaN
AHM06,SAC ISRO Bopal,Ahmedabad,09-08-2023,20.84,45.52,13.84,8.73,0.41,NaN
AHM06,SAC ISRO Bopal,Ahmedabad,10-08-2023,20.79,45.52,13.85,8.73,0.41,NaN
AHM06,SAC ISRO Bopal,Ahmedabad,11-08-2023,20.9,45.73,13.86,8.81,0.41,NaN
AHM06,SAC ISRO Bopal,Ahmedabad,12-08-2023,20.82,45.55,13.82,8.74,0.41,NaN
AHM06,SAC ISRO Bopal,Ahmedabad,13-08-2023,20.96,45.68,13.79,8.79,0.41,NaN
AHM06,SAC ISRO Bopal,Ahmedabad,14-08-2023,20.87,45.74,13.81,8.81,0.41,NaN
AHM06,SAC ISRO Bopal,Ahmedabad,15-08-2023,20.76,45.72,13.86,8.8,0.41,NaN
AHM06,SAC ISRO Bopal,Ahmedabad,16-08-2023,20.89,45.74,13.89,8.81,0.41,NaN
AHM06,SAC ISRO Bopal,Ahmedabad,17-08-2023,20.75,45.85,13.83,8.85,0.41,NaN
AHM06,SAC ISRO Bopal,Ahmedabad,18-08-2023,20.89,45.99,13.82,8.91,0.42,NaN
AHM06,SAC ISRO Bopal,Ahmedabad,19-08-2023,20.77,45.7,13.84,8.8,0.41,NaN
AHM06,SAC ISRO Bopal,Ahmedabad,20-08-2023,20.79,45.68,13.9,8.79,0.41,NaN
AHM06,SAC ISRO Bopal,Ahmedabad,21-08-2023,20.79,45.57,13.86,8.75,0.41,NaN
AHM06,SAC ISRO Bopal,Ahmedabad,22-08-2023,20.89,45.56,13.8,8.85,0.41,NaN
AHM06,SAC ISRO Bopal,Ahmedabad,23-08-2023,20.82,45.64,13.86,8.78,0.41,NaN
AHM06,SAC ISRO Bopal,Ahmedabad,24-08-2023,20.79,46,13.83,8.92,0.42,NaN
AHM06,SAC ISRO Bopal,Ahmedabad,25-08-2023,20.71,45.78,13.92,8.83,0.41,NaN
AHM06,SAC ISRO Bopal,Ahmedabad,26-08-2023,20.91,45.51,13.85,8.72,0.41,NaN
AHM06,SAC ISRO Bopal,Ahmedabad,27-08-2023,20.95,45.97,13.87,8.9,0.41,NaN
AHM06,SAC ISRO Bopal,Ahmedabad,28-08-2023,20.86,45.8,13.9,8.84,0.41,NaN
AHM06,SAC ISRO Bopal,Ahmedabad,29-08-2023,20.83,45.63,13.83,8.77,0.41,NaN
AHM06,SAC ISRO Bopal,Ahmedabad,30-08-2023,20.84,45.59,13.9,8.75,0.41,NaN
AHM06,SAC ISRO Bopal,Ahmedabad,31-08-2023,20.98,45.89,13.95,8.84,0.41,NaN
AHM06,SAC ISRO Bopal,Ahmedabad,01-09-2023,20.82,45.62,13.94,8.71,0.41,NaN
AHM06,SAC ISRO Bopal,Ahmedabad,02-09-2023,20.87,45.7,13.9,8.81,0.41,NaN
AHM06,SAC ISRO Bopal,Ahmedabad,03-09-2023,20.76,45.75,13.86,8.82,0.41,NaN
AHM06,SAC ISRO Bopal,Ahmedabad,04-09-2023,25.72,53.62,13.82,8.71,0.41,NaN
AHM06,SAC ISRO Bopal,Ahmedabad,05-09-2023,33.07,66.04,13.79,8.75,0.41,NaN
AHM06,SAC ISRO Bopal,Ahmedabad,06-09-2023,33.25,66.37,13.8,8.83,0.41,NaN
AHM06,SAC ISRO Bopal,Ahmedabad,07-09-2023,33.04,66.73,13.88,8.94,0.42,NaN
AHM06,SAC ISRO Bopal,Ahmedabad,08-09-2023,32.92,66.2,13.77,8.79,0.41,NaN
AHM06,SAC ISRO Bopal,Ahmedabad,09-09-2023,33.12,66.37,13.77,8.83,0.41,NaN
AHM06,SAC ISRO Bopal,Ahmedabad,10-09-2023,33.16,66.23,13.84,8.8,0.41,NaN
AHM06,SAC ISRO Bopal,Ahmedabad,11-09-2023,33.22,66.36,13.92,8.83,0.41,NaN
AHM06,SAC ISRO Bopal,Ahmedabad,12-09-2023,33.11,66.09,13.89,8.76,0.41,NaN
AHM06,SAC ISRO Bopal,Ahmedabad,13-09-2023,33.13,66.36,13.9,8.83,0.41,NaN
AHM06,SAC ISRO Bopal,Ahmedabad,14-09-2023,33.29,65.87,13.9,8.7,0.41,NaN
AHM06,SAC ISRO Bopal,Ahmedabad,15-09-2023,33.16,66.21,13.83,8.8,0.41,NaN
AHM06,SAC ISRO Bopal,Ahmedabad,16-09-2023,33.01,66.26,13.95,8.8,0.41,NaN
AHM06,SAC ISRO Bopal,Ahmedabad,17-09-2023,32.98,66.03,13.87,8.74,0.41,NaN
AHM06,SAC ISRO Bopal,Ahmedabad,18-09-2023,19.92,39.91,13.82,8.76,0.41,NaN
AHM06,SAC ISRO Bopal,Ahmedabad,19-09-2023,14.96,29.82,13.89,8.81,0.41,NaN
AHM06,SAC ISRO Bopal,Ahmedabad,20-09-2023,14.92,29.75,13.87,8.77,0.41,NaN
AHM06,SAC ISRO Bopal,Ahmedabad,21-09-2023,14.87,29.82,13.87,8.81,0.41,NaN
AHM06,SAC ISRO Bopal,Ahmedabad,22-09-2023,14.84,29.88,13.72,8.84,0.41,NaN
AHM06,SAC ISRO Bopal,Ahmedabad,23-09-2023,14.89,29.92,13.84,8.87,0.41,NaN
AHM06,SAC ISRO Bopal,Ahmedabad,24-09-2023,14.88,29.83,13.88,8.81,0.41,NaN
AHM06,SAC ISRO Bopal,Ahmedabad,25-09-2023,14.88,29.86,13.9,8.83,0.41,NaN
AHM06,SAC ISRO Bopal,Ahmedabad,26-09-2023,15.03,29.86,13.93,8.83,0.41,NaN
AHM06,SAC ISRO Bopal,Ahmedabad,27-09-2023,22.87,45.89,13.81,8.8,0.41,10.51
AHM06,SAC ISRO Bopal,Ahmedabad,28-09-2023,33.12,66.52,13.88,8.87,0.41,7.76
AHM06,SAC ISRO Bopal,Ahmedabad,29-09-2023,32.95,66.37,13.9,8.83,0.41,7.69
AHM06,SAC ISRO Bopal,Ahmedabad,30-09-2023,33.22,66.38,13.85,8.84,0.41,7.74
AHM06,SAC ISRO Bopal,Ahmedabad,01-10-2023,33.15,66.57,13.87,8.89,0.41,7.45
AHM06,SAC ISRO Bopal,Ahmedabad,02-10-2023,33.09,66.26,13.85,8.8,0.41,7.33
AHM06,SAC ISRO Bopal,Ahmedabad,03-10-2023,35.59,71.31,13.91,8.8,0.41,7.13
AHM06,SAC ISRO Bopal,Ahmedabad,04-10-2023,40.48,81.18,13.91,8.8,0.41,7.38
AHM06,SAC ISRO Bopal,Ahmedabad,05-10-2023,38.33,77.66,15.47,10.1,0.51,18.83
AHM06,SAC ISRO Bopal,Ahmedabad,06-10-2023,44.36,88.68,17.52,11.28,0.55,19.77
AHM06,SAC ISRO Bopal,Ahmedabad,07-10-2023,53.16,106.14,19.46,13.24,0.57,9.84
AHM06,SAC ISRO Bopal,Ahmedabad,08-10-2023,52.93,105.65,19.37,13.12,0.57,9.88
AHM06,SAC ISRO Bopal,Ahmedabad,09-10-2023,45.4,91.34,16.31,10.79,0.48,16.1
AHM06,SAC ISRO Bopal,Ahmedabad,10-10-2023,39.7,79.71,13.82,8.85,0.41,20.79
AHM06,SAC ISRO Bopal,Ahmedabad,11-10-2023,39.57,79.65,13.92,8.84,0.41,21.74
AHM06,SAC ISRO Bopal,Ahmedabad,12-10-2023,39.67,79.46,13.87,8.79,0.41,23.45
AHM06,SAC ISRO Bopal,Ahmedabad,13-10-2023,39.75,79.51,13.84,8.81,0.41,23.49
AHM06,SAC ISRO Bopal,Ahmedabad,14-10-2023,39.76,79.84,13.82,8.88,0.41,23.46
AHM06,SAC ISRO Bopal,Ahmedabad,15-10-2023,39.96,79.56,13.87,8.82,0.41,23.38
AHM06,SAC ISRO Bopal,Ahmedabad,16-10-2023,42.2,84.58,13.88,8.82,0.41,26.67
AHM06,SAC ISRO Bopal,Ahmedabad,17-10-2023,48.46,97.23,16.74,12.17,0.64,22.13
AHM06,SAC ISRO Bopal,Ahmedabad,18-10-2023,48.32,96.5,18.14,13.16,0.64,23.45
AHM06,SAC ISRO Bopal,Ahmedabad,19-10-2023,48.42,97.43,16.8,12.94,0.59,34.59
AHM06,SAC ISRO Bopal,Ahmedabad,20-10-2023,50.69,101.36,19.19,12.64,0.63,22.56
AHM06,SAC ISRO Bopal,Ahmedabad,21-10-2023,56.19,112.31,20.57,11.73,0.62,27.47
AHM06,SAC ISRO Bopal,Ahmedabad,22-10-2023,56.16,112.63,20.52,11.8,0.62,27.45
AHM06,SAC ISRO Bopal,Ahmedabad,23-10-2023,56.11,112.97,20.45,11.88,0.62,27.48
AHM06,SAC ISRO Bopal,Ahmedabad,24-10-2023,56.28,113.04,20.47,11.88,0.62,27.42
AHM06,SAC ISRO Bopal,Ahmedabad,25-10-2023,56.18,112.47,20.52,11.76,0.62,27.37
AHM06,SAC ISRO Bopal,Ahmedabad,26-10-2023,56.22,112.41,20.45,11.75,0.62,27.32
AHM06,SAC ISRO Bopal,Ahmedabad,27-10-2023,56.3,112.58,20.52,11.79,0.62,27.28
AHM06,SAC ISRO Bopal,Ahmedabad,28-10-2023,56.33,112.48,20.52,11.76,0.62,27.37
AHM06,SAC ISRO Bopal,Ahmedabad,29-10-2023,56.15,112.41,20.5,11.75,0.62,27.49
AHM06,SAC ISRO Bopal,Ahmedabad,30-10-2023,56.45,112.84,20.53,11.84,0.62,27.62
AHM06,SAC ISRO Bopal,Ahmedabad,31-10-2023,56.24,112.48,20.5,11.77,0.66,27.61
AHM06,SAC ISRO Bopal,Ahmedabad,01-11-2023,56.2,112.61,20.54,11.79,0.69,27.5
AHM06,SAC ISRO Bopal,Ahmedabad,02-11-2023,56.13,112.7,20.52,11.8,0.69,27.59
AHM06,SAC ISRO Bopal,Ahmedabad,03-11-2023,60.82,121.63,18.13,11.76,0.65,29.23
AHM06,SAC ISRO Bopal,Ahmedabad,04-11-2023,66.42,132.83,15.21,11.85,0.61,31
AHM06,SAC ISRO Bopal,Ahmedabad,05-11-2023,66.32,132.31,15.21,11.76,0.61,31.13
AHM06,SAC ISRO Bopal,Ahmedabad,06-11-2023,55.51,111.17,16.78,10.64,0.66,27.28
AHM06,SAC ISRO Bopal,Ahmedabad,07-11-2023,52.51,104.62,18.03,9.61,0.6,24.21
AHM06,SAC ISRO Bopal,Ahmedabad,08-11-2023,60.26,120.88,18.07,9.71,0.48,24.19
AHM06,SAC ISRO Bopal,Ahmedabad,09-11-2023,66.07,132.12,15.23,10.11,0.63,28.14
AHM06,SAC ISRO Bopal,Ahmedabad,10-11-2023,73.17,146.71,11.09,11.02,0.87,27.55
AHM06,SAC ISRO Bopal,Ahmedabad,11-11-2023,72.34,144.88,11.28,10.93,0.86,27.56
AHM06,SAC ISRO Bopal,Ahmedabad,12-11-2023,58.02,119.27,20.74,8.82,0.66,27.99
AHM06,SAC ISRO Bopal,Ahmedabad,13-11-2023,63.92,127.82,17.6,8.79,0.43,27.67
AHM06,SAC ISRO Bopal,Ahmedabad,14-11-2023,46.13,91.93,15.59,8.83,0.31,28.22
AHM06,SAC ISRO Bopal,Ahmedabad,15-11-2023,56.29,112.18,18.06,10.58,0.48,28.59
AHM06,SAC ISRO Bopal,Ahmedabad,16-11-2023,50.51,101.54,17.97,10.65,0.48,29.02
AHM06,SAC ISRO Bopal,Ahmedabad,17-11-2023,43.17,86.12,18.02,10.51,0.48,28.86
AHM06,SAC ISRO Bopal,Ahmedabad,18-11-2023,43.18,91.93,17.98,11.9,0.48,29.27
AHM06,SAC ISRO Bopal,Ahmedabad,19-11-2023,43.23,95.87,18.17,12.84,0.47,30.38
AHM06,SAC ISRO Bopal,Ahmedabad,20-11-2023,43.09,96.22,17.92,12.95,0.48,30.31
AHM06,SAC ISRO Bopal,Ahmedabad,21-11-2023,43.19,96.25,18.06,12.35,0.48,30.22
AHM06,SAC ISRO Bopal,Ahmedabad,22-11-2023,50.57,108.95,17.97,10.85,0.48,29.72
AHM06,SAC ISRO Bopal,Ahmedabad,23-11-2023,59.19,117.78,15.7,10.84,0.48,31.2
AHM06,SAC ISRO Bopal,Ahmedabad,24-11-2023,56.45,109.15,13.84,10.77,0.48,30.09
AHM06,SAC ISRO Bopal,Ahmedabad,25-11-2023,44.11,96.47,11.67,10.86,0.48,20.25
AHM06,SAC ISRO Bopal,Ahmedabad,26-11-2023,37.38,86.5,9.36,10.77,0.48,19.49
AHM06,SAC ISRO Bopal,Ahmedabad,27-11-2023,24.47,54.58,7.89,10.82,0.48,18.17
AHM06,SAC ISRO Bopal,Ahmedabad,28-11-2023,28.11,62.71,7.9,10.76,0.48,20.38
AHM06,SAC ISRO Bopal,Ahmedabad,29-11-2023,30.19,67.39,7.9,10.83,0.48,21.49
AHM06,SAC ISRO Bopal,Ahmedabad,30-11-2023,28.55,63.77,8.28,10.79,0.48,20.47
AHM06,SAC ISRO Bopal,Ahmedabad,01-12-2023,24.54,54.8,8.28,10.19,0.49,18.87
AHM06,SAC ISRO Bopal,Ahmedabad,02-12-2023,25.57,57.1,7.88,9.8,0.5,16.91
AHM06,SAC ISRO Bopal,Ahmedabad,03-12-2023,28.45,63.05,8.5,9.73,0.48,19.26
AHM06,SAC ISRO Bopal,Ahmedabad,04-12-2023,30.32,67.33,8.9,9.81,0.48,23.96
AHM06,SAC ISRO Bopal,Ahmedabad,05-12-2023,29.88,66.59,8.55,8.3,0.44,24.03
AHM06,SAC ISRO Bopal,Ahmedabad,06-12-2023,30.46,67.98,9.17,6.84,0.43,23.26
AHM06,SAC ISRO Bopal,Ahmedabad,07-12-2023,31.64,66.92,11.3,6.48,0.49,21.65
AHM06,SAC ISRO Bopal,Ahmedabad,08-12-2023,36.94,75.38,11.28,6.48,0.49,21.2
AHM06,SAC ISRO Bopal,Ahmedabad,09-12-2023,38.28,78.24,11.29,6.47,0.49,21.23
AHM06,SAC ISRO Bopal,Ahmedabad,10-12-2023,38.34,78.23,11.29,6.47,0.49,21.23
AHM06,SAC ISRO Bopal,Ahmedabad,11-12-2023,38.31,78.17,11.29,6.44,0.49,21.18
AHM06,SAC ISRO Bopal,Ahmedabad,12-12-2023,55.3,100.66,11.28,6.45,0.49,15.97
AHM06,SAC ISRO Bopal,Ahmedabad,13-12-2023,63.84,100.26,11.29,6.43,0.49,2.25
AHM06,SAC ISRO Bopal,Ahmedabad,14-12-2023,53.51,83.58,11.31,6.45,0.49,2.28
AHM06,SAC ISRO Bopal,Ahmedabad,15-12-2023,72.6,110.81,11.31,6.43,0.48,2.23
AHM06,SAC ISRO Bopal,Ahmedabad,16-12-2023,73.8,113.51,11.31,6.41,0.48,2.34
AHM06,SAC ISRO Bopal,Ahmedabad,17-12-2023,73.02,112.3,11.29,6.46,0.49,2.38
AHM06,SAC ISRO Bopal,Ahmedabad,18-12-2023,62.66,96.24,11.3,6.43,0.49,2.57
AHM06,SAC ISRO Bopal,Ahmedabad,19-12-2023,48.17,74.64,11.29,6.44,0.49,2.77
AHM06,SAC ISRO Bopal,Ahmedabad,20-12-2023,50.84,79.11,11.29,6.46,0.49,2.79
AHM06,SAC ISRO Bopal,Ahmedabad,21-12-2023,59.78,89.64,11.29,6.49,0.49,2.46
AHM06,SAC ISRO Bopal,Ahmedabad,22-12-2023,69.99,104.64,11.29,6.45,0.49,2.34
AHM06,SAC ISRO Bopal,Ahmedabad,23-12-2023,81.19,119.56,11.29,6.42,0.48,2.25
AHM06,SAC ISRO Bopal,Ahmedabad,24-12-2023,88.17,131.93,11.29,6.49,0.49,2.74
AHM06,SAC ISRO Bopal,Ahmedabad,25-12-2023,123.63,181.34,11.27,6.43,0.48,2.67
AHM06,SAC ISRO Bopal,Ahmedabad,26-12-2023,113.31,164.79,11.3,6.43,0.49,2.5
AHM06,SAC ISRO Bopal,Ahmedabad,27-12-2023,110.77,160.51,11.29,6.47,0.49,2.4
AHM06,SAC ISRO Bopal,Ahmedabad,28-12-2023,73.15,110.31,11.29,6.49,0.49,2.55
AHM06,SAC ISRO Bopal,Ahmedabad,29-12-2023,67.43,102.2,11.28,6.49,0.49,2.43
AHM06,SAC ISRO Bopal,Ahmedabad,30-12-2023,84.15,125.24,11.29,6.47,0.49,2.36
AHM06,SAC ISRO Bopal,Ahmedabad,31-12-2023,93.75,133.83,11.28,6.46,0.49,2.29
AHM06,SAC ISRO Bopal,Ahmedabad,01-01-2024,89.87,128.2,11.29,6.48,0.49,2.93
AHM06,SAC ISRO Bopal,Ahmedabad,02-01-2024,101.6,147.33,11.28,6.45,0.49,3.05
AHM06,SAC ISRO Bopal,Ahmedabad,03-01-2024,91.57,131,11.29,6.42,0.48,2.87
AHM06,SAC ISRO Bopal,Ahmedabad,04-01-2024,82.25,120.94,11.28,6.44,0.49,3.11
AHM06,SAC ISRO Bopal,Ahmedabad,05-01-2024,79.26,117.39,10.98,6.49,0.53,3.23
AHM06,SAC ISRO Bopal,Ahmedabad,06-01-2024,77.46,114.17,10.3,6.45,0.6,3.1
AHM06,SAC ISRO Bopal,Ahmedabad,07-01-2024,69.25,101.39,10.45,6.25,0.58,4
AHM06,SAC ISRO Bopal,Ahmedabad,08-01-2024,79.75,112.74,10.82,5.79,0.47,9.54
AHM06,SAC ISRO Bopal,Ahmedabad,09-01-2024,79.92,120.28,10.45,5.6,0.61,11.09
AHM06,SAC ISRO Bopal,Ahmedabad,10-01-2024,88.71,127.53,12.18,6.41,0.74,14.84
AHM06,SAC ISRO Bopal,Ahmedabad,11-01-2024,82.74,122.15,9.1,6.04,0.47,19.18
AHM06,SAC ISRO Bopal,Ahmedabad,12-01-2024,92.34,135.78,10.39,5.42,0.59,21.05
AHM06,SAC ISRO Bopal,Ahmedabad,13-01-2024,65.35,97.63,8.24,5.23,0.76,16.36
AHM06,SAC ISRO Bopal,Ahmedabad,14-01-2024,52.81,80.7,10.5,6.88,0.89,16.75
AHM06,SAC ISRO Bopal,Ahmedabad,15-01-2024,57.99,89.05,10.01,7.56,0.7,18.22
AHM06,SAC ISRO Bopal,Ahmedabad,16-01-2024,66.23,100.38,9.29,6.75,0.55,21.96
AHM06,SAC ISRO Bopal,Ahmedabad,17-01-2024,74.88,111.24,11.09,4.25,0.69,23.52
AHM06,SAC ISRO Bopal,Ahmedabad,18-01-2024,70.61,105.94,12,4.24,0.81,23.44
AHM06,SAC ISRO Bopal,Ahmedabad,19-01-2024,58.6,88.49,11.04,4.9,0.65,23.11
AHM06,SAC ISRO Bopal,Ahmedabad,20-01-2024,55.82,84.85,8.71,3.79,0.4,10.95
AHM06,SAC ISRO Bopal,Ahmedabad,21-01-2024,61.92,94.76,8.01,6.87,0.68,13.93
AHM06,SAC ISRO Bopal,Ahmedabad,22-01-2024,78.29,117.02,7.53,6.47,0.57,14.32
AHM06,SAC ISRO Bopal,Ahmedabad,23-01-2024,81.74,121.5,7.69,10.41,0.6,11.03
AHM06,SAC ISRO Bopal,Ahmedabad,24-01-2024,67.09,98.85,8.38,10.98,0.81,10.55
AHM06,SAC ISRO Bopal,Ahmedabad,25-01-2024,66.47,99.98,9.8,9.2,1.01,10.31
AHM06,SAC ISRO Bopal,Ahmedabad,26-01-2024,60.43,91.11,7.61,8.46,0.68,7.15
AHM06,SAC ISRO Bopal,Ahmedabad,27-01-2024,76.08,114.48,10.12,7.01,0.62,9.87
AHM06,SAC ISRO Bopal,Ahmedabad,28-01-2024,95.77,141.87,10.41,10.75,0.57,12.33
AHM06,SAC ISRO Bopal,Ahmedabad,29-01-2024,59.38,89.92,11.88,10.63,0.86,11.33
AHM06,SAC ISRO Bopal,Ahmedabad,30-01-2024,89.31,131.81,9.55,10.14,0.96,16
AHM06,SAC ISRO Bopal,Ahmedabad,31-01-2024,87.43,129.36,8.71,9.27,0.95,16.63
AHM06,SAC ISRO Bopal,Ahmedabad,01-02-2024,77.62,113.59,7.35,9.46,0.95,7.61
AHM06,SAC ISRO Bopal,Ahmedabad,02-02-2024,54.5,80.97,13.63,11.65,0.87,12.24
AHM06,SAC ISRO Bopal,Ahmedabad,03-02-2024,87.36,130.61,10.72,12.31,0.74,12.64
AHM06,SAC ISRO Bopal,Ahmedabad,04-02-2024,82.2,123.12,8.73,13.48,0.67,15.08
AHM06,SAC ISRO Bopal,Ahmedabad,05-02-2024,42.07,64.06,9.74,13.29,0.75,11.84
AHM06,SAC ISRO Bopal,Ahmedabad,06-02-2024,52.2,78.62,8.99,16.16,0.69,14.43
AHM06,SAC ISRO Bopal,Ahmedabad,07-02-2024,53.61,81.83,14.93,14.4,0.63,14.8
AHM06,SAC ISRO Bopal,Ahmedabad,08-02-2024,56.53,89.83,13.58,11.93,0.78,14.93
AHM06,SAC ISRO Bopal,Ahmedabad,09-02-2024,55.47,86.43,18.14,6.91,0.6,11.29
AHM06,SAC ISRO Bopal,Ahmedabad,10-02-2024,49.67,78.75,20.08,8.14,0.43,7.57
AHM06,SAC ISRO Bopal,Ahmedabad,11-02-2024,42.62,68.01,22.6,7.45,0.67,9.7
AHM06,SAC ISRO Bopal,Ahmedabad,12-02-2024,50.4,79.79,20.67,7.13,0.76,9.73
AHM06,SAC ISRO Bopal,Ahmedabad,13-02-2024,59.58,93.09,18.38,8.31,0.7,15.24
AHM06,SAC ISRO Bopal,Ahmedabad,14-02-2024,84.03,140.04,14.03,9.28,0.67,23.17
AHM06,SAC ISRO Bopal,Ahmedabad,15-02-2024,94.21,173.04,10.01,9.28,0.67,26.81
AHM06,SAC ISRO Bopal,Ahmedabad,16-02-2024,68.52,144.95,9.97,9.24,0.67,29.1
AHM06,SAC ISRO Bopal,Ahmedabad,17-02-2024,86.84,141.03,10,9.28,0.67,24.75
AHM06,SAC ISRO Bopal,Ahmedabad,18-02-2024,93.89,149.28,9.96,9.27,0.67,20.57
AHM06,SAC ISRO Bopal,Ahmedabad,19-02-2024,39.74,65.37,10.01,9.27,0.67,13.45
AHM06,SAC ISRO Bopal,Ahmedabad,20-02-2024,60.25,92.93,9.99,9.22,0.67,18.6
AHM06,SAC ISRO Bopal,Ahmedabad,21-02-2024,48.28,75.2,9.98,9.27,0.67,15.19
AHM06,SAC ISRO Bopal,Ahmedabad,22-02-2024,48.35,74.62,10.01,8.16,0.6,13.15
AHM06,SAC ISRO Bopal,Ahmedabad,23-02-2024,72.37,114.05,9.97,8.27,0.59,14.72
AHM06,SAC ISRO Bopal,Ahmedabad,24-02-2024,76.78,122.71,9.98,8.23,0.67,15.64
AHM06,SAC ISRO Bopal,Ahmedabad,25-02-2024,66.53,106.66,10,6.81,0.67,14.95
AHM06,SAC ISRO Bopal,Ahmedabad,26-02-2024,110.21,174.52,9.99,7.14,0.72,21
AHM06,SAC ISRO Bopal,Ahmedabad,27-02-2024,249.39,219.47,9.99,8.3,0.87,24.55
AHM06,SAC ISRO Bopal,Ahmedabad,28-02-2024,119.31,130.44,9.99,8.29,0.87,23.32
AHM06,SAC ISRO Bopal,Ahmedabad,29-02-2024,70.5,120.63,9.98,8.34,0.87,21.34
AHM06,SAC ISRO Bopal,Ahmedabad,01-03-2024,76.63,126.4,9.99,8.7,0.76,19.54
AHM06,SAC ISRO Bopal,Ahmedabad,02-03-2024,39.67,65.7,9.98,7.75,0.47,22.56
AHM06,SAC ISRO Bopal,Ahmedabad,03-03-2024,20.43,34.57,9.98,7,0.44,17.59
AHM06,SAC ISRO Bopal,Ahmedabad,04-03-2024,50.55,83.65,9.98,7.17,0.5,21.16
AHM06,SAC ISRO Bopal,Ahmedabad,05-03-2024,59.27,97.81,9.98,7.25,0.54,26.14
AHM06,SAC ISRO Bopal,Ahmedabad,06-03-2024,55.62,92.39,10.02,7.4,0.63,30.39
AHM06,SAC ISRO Bopal,Ahmedabad,07-03-2024,65.76,105.42,9.99,7.85,2.19,20.94
AHM06,SAC ISRO Bopal,Ahmedabad,08-03-2024,NaN,NaN,NaN,NaN,NaN,NaN
AHM06,SAC ISRO Bopal,Ahmedabad,09-03-2024,NaN,NaN,NaN,NaN,NaN,NaN
AHM06,SAC ISRO Bopal,Ahmedabad,10-03-2024,NaN,NaN,NaN,NaN,NaN,NaN
AHM06,SAC ISRO Bopal,Ahmedabad,11-03-2024,NaN,NaN,NaN,NaN,NaN,NaN
AHM06,SAC ISRO Bopal,Ahmedabad,12-03-2024,NaN,NaN,NaN,NaN,NaN,NaN
AHM06,SAC ISRO Bopal,Ahmedabad,13-03-2024,NaN,NaN,NaN,NaN,NaN,NaN
AHM06,SAC ISRO Bopal,Ahmedabad,14-03-2024,NaN,NaN,NaN,NaN,NaN,NaN
AHM06,SAC ISRO Bopal,Ahmedabad,15-03-2024,NaN,NaN,NaN,NaN,NaN,NaN
AHM06,SAC ISRO Bopal,Ahmedabad,16-03-2024,NaN,NaN,NaN,NaN,NaN,NaN
AHM06,SAC ISRO Bopal,Ahmedabad,17-03-2024,NaN,NaN,NaN,NaN,NaN,NaN
AHM06,SAC ISRO Bopal,Ahmedabad,18-03-2024,NaN,NaN,NaN,NaN,NaN,NaN
AHM06,SAC ISRO Bopal,Ahmedabad,19-03-2024,NaN,NaN,NaN,NaN,NaN,NaN
AHM06,SAC ISRO Bopal,Ahmedabad,20-03-2024,NaN,NaN,NaN,NaN,NaN,NaN
AHM06,SAC ISRO Bopal,Ahmedabad,21-03-2024,NaN,NaN,NaN,NaN,NaN,NaN
AHM06,SAC ISRO Bopal,Ahmedabad,22-03-2024,NaN,NaN,NaN,NaN,NaN,NaN
AHM06,SAC ISRO Bopal,Ahmedabad,23-03-2024,NaN,NaN,NaN,NaN,NaN,NaN
AHM06,SAC ISRO Bopal,Ahmedabad,24-03-2024,NaN,NaN,NaN,NaN,NaN,NaN
AHM06,SAC ISRO Bopal,Ahmedabad,25-03-2024,NaN,NaN,NaN,NaN,NaN,NaN
AHM06,SAC ISRO Bopal,Ahmedabad,26-03-2024,NaN,NaN,NaN,NaN,NaN,NaN
AHM06,SAC ISRO Bopal,Ahmedabad,27-03-2024,NaN,NaN,NaN,NaN,NaN,NaN
AHM06,SAC ISRO Bopal,Ahmedabad,28-03-2024,NaN,NaN,NaN,NaN,NaN,NaN
AHM06,SAC ISRO Bopal,Ahmedabad,29-03-2024,NaN,NaN,NaN,NaN,NaN,NaN
AHM06,SAC ISRO Bopal,Ahmedabad,30-03-2024,NaN,NaN,NaN,NaN,NaN,NaN
AHM06,SAC ISRO Bopal,Ahmedabad,31-03-2024,NaN,NaN,NaN,NaN,NaN,NaN
AHM06,SAC ISRO Bopal,Ahmedabad,01-04-2024,NaN,NaN,NaN,NaN,NaN,NaN
AHM06,SAC ISRO Bopal,Ahmedabad,02-04-2024,NaN,NaN,NaN,NaN,NaN,NaN
AHM06,SAC ISRO Bopal,Ahmedabad,03-04-2024,NaN,NaN,NaN,NaN,NaN,NaN
AHM06,SAC ISRO Bopal,Ahmedabad,04-04-2024,NaN,NaN,NaN,NaN,NaN,NaN
AHM06,SAC ISRO Bopal,Ahmedabad,05-04-2024,NaN,NaN,NaN,NaN,NaN,NaN
AHM06,SAC ISRO Bopal,Ahmedabad,06-04-2024,NaN,NaN,NaN,NaN,NaN,NaN
AHM06,SAC ISRO Bopal,Ahmedabad,07-04-2024,NaN,NaN,NaN,NaN,NaN,NaN
AHM06,SAC ISRO Bopal,Ahmedabad,08-04-2024,NaN,NaN,NaN,NaN,NaN,NaN
AHM06,SAC ISRO Bopal,Ahmedabad,09-04-2024,NaN,NaN,NaN,NaN,NaN,NaN
AHM06,SAC ISRO Bopal,Ahmedabad,10-04-2024,NaN,NaN,NaN,NaN,NaN,NaN
AHM06,SAC ISRO Bopal,Ahmedabad,11-04-2024,NaN,NaN,NaN,NaN,NaN,NaN
AHM06,SAC ISRO Bopal,Ahmedabad,12-04-2024,NaN,NaN,NaN,NaN,NaN,NaN
AHM06,SAC ISRO Bopal,Ahmedabad,13-04-2024,NaN,NaN,NaN,NaN,NaN,NaN
AHM06,SAC ISRO Bopal,Ahmedabad,14-04-2024,NaN,NaN,NaN,NaN,NaN,NaN
AHM06,SAC ISRO Bopal,Ahmedabad,15-04-2024,NaN,NaN,NaN,NaN,NaN,NaN
AHM06,SAC ISRO Bopal,Ahmedabad,16-04-2024,NaN,NaN,NaN,NaN,NaN,NaN
AHM06,SAC ISRO Bopal,Ahmedabad,17-04-2024,NaN,NaN,NaN,NaN,NaN,NaN
AHM06,SAC ISRO Bopal,Ahmedabad,18-04-2024,NaN,NaN,NaN,NaN,NaN,NaN
AHM06,SAC ISRO Bopal,Ahmedabad,19-04-2024,NaN,NaN,NaN,NaN,NaN,NaN
AHM06,SAC ISRO Bopal,Ahmedabad,20-04-2024,NaN,NaN,NaN,NaN,NaN,NaN
AHM06,SAC ISRO Bopal,Ahmedabad,21-04-2024,NaN,NaN,NaN,NaN,NaN,NaN
AHM06,SAC ISRO Bopal,Ahmedabad,22-04-2024,NaN,NaN,NaN,NaN,NaN,NaN
AHM06,SAC ISRO Bopal,Ahmedabad,23-04-2024,NaN,NaN,NaN,NaN,NaN,NaN
AHM06,SAC ISRO Bopal,Ahmedabad,24-04-2024,NaN,NaN,NaN,NaN,NaN,NaN
AHM06,SAC ISRO Bopal,Ahmedabad,25-04-2024,NaN,NaN,NaN,NaN,NaN,NaN
AHM06,SAC ISRO Bopal,Ahmedabad,26-04-2024,NaN,NaN,NaN,NaN,NaN,NaN
AHM06,SAC ISRO Bopal,Ahmedabad,27-04-2024,NaN,NaN,NaN,NaN,NaN,NaN
AHM06,SAC ISRO Bopal,Ahmedabad,28-04-2024,NaN,NaN,NaN,NaN,NaN,NaN
AHM06,SAC ISRO Bopal,Ahmedabad,29-04-2024,NaN,NaN,NaN,NaN,NaN,NaN
AHM06,SAC ISRO Bopal,Ahmedabad,30-04-2024,NaN,NaN,NaN,NaN,NaN,NaN
AHM06,SAC ISRO Bopal,Ahmedabad,01-05-2024,NaN,NaN,NaN,NaN,NaN,NaN
AHM06,SAC ISRO Bopal,Ahmedabad,02-05-2024,NaN,NaN,NaN,NaN,NaN,NaN
AHM06,SAC ISRO Bopal,Ahmedabad,03-05-2024,NaN,NaN,NaN,NaN,NaN,NaN
AHM06,SAC ISRO Bopal,Ahmedabad,04-05-2024,NaN,NaN,NaN,NaN,NaN,NaN
AHM06,SAC ISRO Bopal,Ahmedabad,05-05-2024,NaN,NaN,NaN,NaN,NaN,NaN
AHM06,SAC ISRO Bopal,Ahmedabad,06-05-2024,NaN,NaN,NaN,NaN,NaN,NaN
AHM06,SAC ISRO Bopal,Ahmedabad,07-05-2024,NaN,NaN,NaN,NaN,NaN,NaN
AHM06,SAC ISRO Bopal,Ahmedabad,08-05-2024,NaN,NaN,NaN,NaN,NaN,NaN
AHM06,SAC ISRO Bopal,Ahmedabad,09-05-2024,NaN,NaN,NaN,NaN,NaN,NaN
AHM06,SAC ISRO Bopal,Ahmedabad,10-05-2024,NaN,NaN,NaN,NaN,NaN,NaN
AHM06,SAC ISRO Bopal,Ahmedabad,11-05-2024,NaN,NaN,NaN,NaN,NaN,NaN
AHM06,SAC ISRO Bopal,Ahmedabad,12-05-2024,NaN,NaN,NaN,NaN,NaN,NaN
AHM06,SAC ISRO Bopal,Ahmedabad,13-05-2024,NaN,NaN,NaN,NaN,NaN,NaN
AHM06,SAC ISRO Bopal,Ahmedabad,14-05-2024,NaN,NaN,NaN,NaN,NaN,NaN
AHM06,SAC ISRO Bopal,Ahmedabad,15-05-2024,NaN,NaN,NaN,NaN,NaN,NaN
AHM06,SAC ISRO Bopal,Ahmedabad,16-05-2024,NaN,NaN,NaN,NaN,NaN,NaN
AHM06,SAC ISRO Bopal,Ahmedabad,17-05-2024,NaN,NaN,NaN,NaN,NaN,NaN
AHM06,SAC ISRO Bopal,Ahmedabad,18-05-2024,NaN,NaN,NaN,NaN,NaN,NaN
AHM06,SAC ISRO Bopal,Ahmedabad,19-05-2024,NaN,NaN,NaN,NaN,NaN,NaN
AHM06,SAC ISRO Bopal,Ahmedabad,20-05-2024,NaN,NaN,NaN,NaN,NaN,NaN
AHM06,SAC ISRO Bopal,Ahmedabad,21-05-2024,NaN,NaN,NaN,NaN,NaN,NaN
AHM06,SAC ISRO Bopal,Ahmedabad,22-05-2024,NaN,NaN,NaN,NaN,NaN,NaN
AHM06,SAC ISRO Bopal,Ahmedabad,23-05-2024,NaN,NaN,NaN,NaN,NaN,NaN
AHM06,SAC ISRO Bopal,Ahmedabad,24-05-2024,NaN,NaN,NaN,NaN,NaN,NaN
AHM06,SAC ISRO Bopal,Ahmedabad,25-05-2024,NaN,NaN,NaN,NaN,NaN,NaN
AHM06,SAC ISRO Bopal,Ahmedabad,26-05-2024,NaN,NaN,NaN,NaN,NaN,NaN
AHM06,SAC ISRO Bopal,Ahmedabad,27-05-2024,NaN,NaN,NaN,NaN,NaN,NaN
AHM06,SAC ISRO Bopal,Ahmedabad,28-05-2024,NaN,NaN,NaN,NaN,NaN,NaN
AHM06,SAC ISRO Bopal,Ahmedabad,29-05-2024,NaN,NaN,NaN,NaN,NaN,NaN
AHM06,SAC ISRO Bopal,Ahmedabad,30-05-2024,NaN,NaN,NaN,NaN,NaN,NaN
AHM06,SAC ISRO Bopal,Ahmedabad,31-05-2024,NaN,NaN,NaN,NaN,NaN,NaN
AHM06,SAC ISRO Bopal,Ahmedabad,01-06-2024,NaN,NaN,NaN,NaN,NaN,NaN
AHM06,SAC ISRO Bopal,Ahmedabad,02-06-2024,NaN,NaN,NaN,NaN,NaN,NaN
AHM06,SAC ISRO Bopal,Ahmedabad,03-06-2024,NaN,NaN,NaN,NaN,NaN,NaN
AHM06,SAC ISRO Bopal,Ahmedabad,04-06-2024,NaN,NaN,NaN,NaN,NaN,NaN
AHM06,SAC ISRO Bopal,Ahmedabad,05-06-2024,NaN,NaN,NaN,NaN,NaN,NaN
AHM06,SAC ISRO Bopal,Ahmedabad,06-06-2024,NaN,NaN,NaN,NaN,NaN,NaN
AHM06,SAC ISRO Bopal,Ahmedabad,07-06-2024,NaN,NaN,NaN,NaN,NaN,NaN
AHM06,SAC ISRO Bopal,Ahmedabad,08-06-2024,NaN,NaN,NaN,NaN,NaN,NaN
AHM06,SAC ISRO Bopal,Ahmedabad,09-06-2024,NaN,NaN,NaN,NaN,NaN,NaN
AHM06,SAC ISRO Bopal,Ahmedabad,10-06-2024,NaN,NaN,NaN,NaN,NaN,NaN
AHM06,SAC ISRO Bopal,Ahmedabad,11-06-2024,NaN,NaN,NaN,NaN,NaN,NaN
AHM06,SAC ISRO Bopal,Ahmedabad,12-06-2024,NaN,NaN,NaN,NaN,NaN,NaN
AHM06,SAC ISRO Bopal,Ahmedabad,13-06-2024,NaN,NaN,NaN,NaN,NaN,NaN
AHM06,SAC ISRO Bopal,Ahmedabad,14-06-2024,NaN,NaN,NaN,NaN,NaN,NaN
AHM06,SAC ISRO Bopal,Ahmedabad,15-06-2024,NaN,NaN,NaN,NaN,NaN,NaN
AHM06,SAC ISRO Bopal,Ahmedabad,16-06-2024,NaN,NaN,NaN,NaN,NaN,NaN
AHM06,SAC ISRO Bopal,Ahmedabad,17-06-2024,NaN,NaN,NaN,NaN,NaN,NaN
AHM06,SAC ISRO Bopal,Ahmedabad,18-06-2024,NaN,NaN,NaN,NaN,NaN,NaN
AHM06,SAC ISRO Bopal,Ahmedabad,19-06-2024,NaN,NaN,NaN,NaN,NaN,NaN
AHM06,SAC ISRO Bopal,Ahmedabad,20-06-2024,NaN,NaN,NaN,NaN,NaN,NaN
AHM06,SAC ISRO Bopal,Ahmedabad,21-06-2024,NaN,NaN,NaN,NaN,NaN,NaN
AHM06,SAC ISRO Bopal,Ahmedabad,22-06-2024,NaN,NaN,NaN,NaN,NaN,NaN
AHM06,SAC ISRO Bopal,Ahmedabad,23-06-2024,NaN,NaN,NaN,NaN,NaN,NaN
AHM06,SAC ISRO Bopal,Ahmedabad,24-06-2024,NaN,NaN,NaN,NaN,NaN,NaN
AHM06,SAC ISRO Bopal,Ahmedabad,25-06-2024,NaN,NaN,NaN,NaN,NaN,NaN
AHM06,SAC ISRO Bopal,Ahmedabad,26-06-2024,NaN,NaN,NaN,NaN,NaN,NaN
AHM06,SAC ISRO Bopal,Ahmedabad,27-06-2024,NaN,NaN,NaN,NaN,NaN,NaN
AHM06,SAC ISRO Bopal,Ahmedabad,28-06-2024,NaN,NaN,NaN,NaN,NaN,NaN
AHM06,SAC ISRO Bopal,Ahmedabad,29-06-2024,NaN,NaN,NaN,NaN,NaN,NaN
AHM06,SAC ISRO Bopal,Ahmedabad,30-06-2024,NaN,NaN,NaN,NaN,NaN,NaN
AHM06,SAC ISRO Bopal,Ahmedabad,01-07-2024,NaN,NaN,NaN,NaN,NaN,NaN
AHM06,SAC ISRO Bopal,Ahmedabad,02-07-2024,NaN,NaN,NaN,NaN,NaN,NaN
AHM06,SAC ISRO Bopal,Ahmedabad,03-07-2024,NaN,NaN,NaN,NaN,NaN,NaN
AHM06,SAC ISRO Bopal,Ahmedabad,04-07-2024,NaN,NaN,NaN,NaN,NaN,NaN
AHM06,SAC ISRO Bopal,Ahmedabad,05-07-2024,NaN,NaN,NaN,NaN,NaN,NaN
AHM06,SAC ISRO Bopal,Ahmedabad,06-07-2024,NaN,NaN,NaN,NaN,NaN,NaN
AHM06,SAC ISRO Bopal,Ahmedabad,07-07-2024,NaN,NaN,NaN,NaN,NaN,NaN
AHM06,SAC ISRO Bopal,Ahmedabad,08-07-2024,NaN,NaN,NaN,NaN,NaN,NaN
AHM06,SAC ISRO Bopal,Ahmedabad,09-07-2024,NaN,NaN,NaN,NaN,NaN,NaN
AHM06,SAC ISRO Bopal,Ahmedabad,10-07-2024,NaN,NaN,NaN,NaN,NaN,NaN
AHM06,SAC ISRO Bopal,Ahmedabad,11-07-2024,NaN,NaN,NaN,NaN,NaN,NaN
AHM06,SAC ISRO Bopal,Ahmedabad,12-07-2024,NaN,NaN,NaN,NaN,NaN,NaN
AHM06,SAC ISRO Bopal,Ahmedabad,13-07-2024,NaN,NaN,NaN,NaN,NaN,NaN
AHM06,SAC ISRO Bopal,Ahmedabad,14-07-2024,NaN,NaN,NaN,NaN,NaN,NaN
AHM06,SAC ISRO Bopal,Ahmedabad,15-07-2024,NaN,NaN,NaN,NaN,NaN,NaN
AHM06,SAC ISRO Bopal,Ahmedabad,16-07-2024,NaN,NaN,NaN,NaN,NaN,NaN
AHM06,SAC ISRO Bopal,Ahmedabad,17-07-2024,NaN,NaN,NaN,NaN,NaN,NaN
AHM06,SAC ISRO Bopal,Ahmedabad,18-07-2024,NaN,NaN,NaN,NaN,NaN,NaN
AHM06,SAC ISRO Bopal,Ahmedabad,19-07-2024,NaN,NaN,NaN,NaN,NaN,NaN
AHM06,SAC ISRO Bopal,Ahmedabad,20-07-2024,NaN,NaN,NaN,NaN,NaN,NaN
AHM06,SAC ISRO Bopal,Ahmedabad,21-07-2024,NaN,NaN,NaN,NaN,NaN,NaN
AHM06,SAC ISRO Bopal,Ahmedabad,22-07-2024,NaN,NaN,NaN,NaN,NaN,NaN
AHM06,SAC ISRO Bopal,Ahmedabad,23-07-2024,NaN,NaN,NaN,NaN,NaN,NaN
AHM06,SAC ISRO Bopal,Ahmedabad,24-07-2024,NaN,NaN,NaN,NaN,NaN,NaN
AHM06,SAC ISRO Bopal,Ahmedabad,25-07-2024,NaN,NaN,NaN,NaN,NaN,NaN
AHM06,SAC ISRO Bopal,Ahmedabad,26-07-2024,NaN,NaN,NaN,NaN,NaN,NaN
AHM06,SAC ISRO Bopal,Ahmedabad,27-07-2024,NaN,NaN,NaN,NaN,NaN,NaN
AHM06,SAC ISRO Bopal,Ahmedabad,28-07-2024,NaN,NaN,NaN,NaN,NaN,NaN
AHM06,SAC ISRO Bopal,Ahmedabad,29-07-2024,NaN,NaN,NaN,NaN,NaN,NaN
AHM06,SAC ISRO Bopal,Ahmedabad,30-07-2024,NaN,NaN,NaN,NaN,NaN,NaN
AHM06,SAC ISRO Bopal,Ahmedabad,31-07-2024,NaN,NaN,NaN,NaN,NaN,NaN
AHM06,SAC ISRO Bopal,Ahmedabad,01-08-2024,NaN,NaN,NaN,NaN,NaN,NaN
AHM06,SAC ISRO Bopal,Ahmedabad,02-08-2024,NaN,NaN,NaN,NaN,NaN,NaN
AHM06,SAC ISRO Bopal,Ahmedabad,03-08-2024,NaN,NaN,NaN,NaN,NaN,NaN
AHM06,SAC ISRO Bopal,Ahmedabad,04-08-2024,NaN,NaN,NaN,NaN,NaN,NaN
AHM06,SAC ISRO Bopal,Ahmedabad,05-08-2024,NaN,NaN,NaN,NaN,NaN,NaN
AHM06,SAC ISRO Bopal,Ahmedabad,06-08-2024,NaN,NaN,NaN,NaN,NaN,NaN
AHM06,SAC ISRO Bopal,Ahmedabad,07-08-2024,NaN,NaN,NaN,NaN,NaN,NaN
AHM06,SAC ISRO Bopal,Ahmedabad,08-08-2024,NaN,NaN,NaN,NaN,NaN,NaN
AHM06,SAC ISRO Bopal,Ahmedabad,09-08-2024,NaN,NaN,NaN,NaN,NaN,NaN
AHM06,SAC ISRO Bopal,Ahmedabad,10-08-2024,NaN,NaN,NaN,NaN,NaN,NaN
AHM06,SAC ISRO Bopal,Ahmedabad,11-08-2024,NaN,NaN,NaN,NaN,NaN,NaN
AHM06,SAC ISRO Bopal,Ahmedabad,12-08-2024,NaN,NaN,NaN,NaN,NaN,NaN
AHM06,SAC ISRO Bopal,Ahmedabad,13-08-2024,NaN,NaN,NaN,NaN,NaN,NaN
AHM06,SAC ISRO Bopal,Ahmedabad,14-08-2024,NaN,NaN,NaN,NaN,NaN,NaN
AHM06,SAC ISRO Bopal,Ahmedabad,15-08-2024,NaN,NaN,NaN,NaN,NaN,NaN
AHM06,SAC ISRO Bopal,Ahmedabad,16-08-2024,NaN,NaN,NaN,NaN,NaN,NaN
AHM06,SAC ISRO Bopal,Ahmedabad,17-08-2024,NaN,NaN,NaN,NaN,NaN,NaN
AHM06,SAC ISRO Bopal,Ahmedabad,18-08-2024,NaN,NaN,NaN,NaN,NaN,NaN
AHM06,SAC ISRO Bopal,Ahmedabad,19-08-2024,NaN,NaN,NaN,NaN,NaN,NaN
AHM06,SAC ISRO Bopal,Ahmedabad,20-08-2024,NaN,NaN,NaN,NaN,NaN,NaN
AHM06,SAC ISRO Bopal,Ahmedabad,21-08-2024,NaN,NaN,NaN,NaN,NaN,NaN
AHM06,SAC ISRO Bopal,Ahmedabad,22-08-2024,NaN,NaN,NaN,NaN,NaN,NaN
AHM06,SAC ISRO Bopal,Ahmedabad,23-08-2024,NaN,NaN,NaN,NaN,NaN,NaN
AHM06,SAC ISRO Bopal,Ahmedabad,24-08-2024,NaN,NaN,NaN,NaN,NaN,NaN
AHM06,SAC ISRO Bopal,Ahmedabad,25-08-2024,NaN,NaN,NaN,NaN,NaN,NaN
AHM06,SAC ISRO Bopal,Ahmedabad,26-08-2024,NaN,NaN,NaN,NaN,NaN,NaN
AHM06,SAC ISRO Bopal,Ahmedabad,27-08-2024,NaN,NaN,NaN,NaN,NaN,NaN
AHM06,SAC ISRO Bopal,Ahmedabad,28-08-2024,NaN,NaN,NaN,NaN,NaN,NaN
AHM06,SAC ISRO Bopal,Ahmedabad,29-08-2024,NaN,NaN,NaN,NaN,NaN,NaN
AHM06,SAC ISRO Bopal,Ahmedabad,30-08-2024,NaN,NaN,NaN,NaN,NaN,NaN
AHM06,SAC ISRO Bopal,Ahmedabad,31-08-2024,NaN,NaN,NaN,NaN,NaN,NaN
AHM06,SAC ISRO Bopal,Ahmedabad,01-09-2024,NaN,NaN,NaN,NaN,NaN,NaN
AHM06,SAC ISRO Bopal,Ahmedabad,02-09-2024,NaN,NaN,NaN,NaN,NaN,NaN
AHM06,SAC ISRO Bopal,Ahmedabad,03-09-2024,NaN,NaN,NaN,NaN,NaN,NaN
AHM06,SAC ISRO Bopal,Ahmedabad,04-09-2024,NaN,NaN,NaN,NaN,NaN,NaN
AHM06,SAC ISRO Bopal,Ahmedabad,05-09-2024,NaN,NaN,NaN,NaN,NaN,NaN
AHM06,SAC ISRO Bopal,Ahmedabad,06-09-2024,NaN,NaN,NaN,NaN,NaN,NaN
AHM06,SAC ISRO Bopal,Ahmedabad,07-09-2024,NaN,NaN,NaN,NaN,NaN,NaN
AHM06,SAC ISRO Bopal,Ahmedabad,08-09-2024,NaN,NaN,NaN,NaN,NaN,NaN
AHM06,SAC ISRO Bopal,Ahmedabad,09-09-2024,NaN,NaN,11.55,0.14,0.62,NaN
AHM06,SAC ISRO Bopal,Ahmedabad,10-09-2024,NaN,NaN,6.15,1.6,0.63,18.5
AHM06,SAC ISRO Bopal,Ahmedabad,11-09-2024,NaN,NaN,2.63,1.55,0.63,10.99
AHM06,SAC ISRO Bopal,Ahmedabad,12-09-2024,NaN,NaN,2.51,1.88,0.65,11.77
AHM06,SAC ISRO Bopal,Ahmedabad,13-09-2024,NaN,NaN,3.15,1.94,0.42,19.76
AHM06,SAC ISRO Bopal,Ahmedabad,14-09-2024,NaN,NaN,3.89,2.28,0.16,36.19
AHM06,SAC ISRO Bopal,Ahmedabad,15-09-2024,NaN,NaN,3.74,1.73,0.17,36.89
AHM06,SAC ISRO Bopal,Ahmedabad,16-09-2024,NaN,NaN,3.69,1.62,0.19,37.05
AHM06,SAC ISRO Bopal,Ahmedabad,17-09-2024,NaN,NaN,3.6,1.79,0.21,30.55
AHM06,SAC ISRO Bopal,Ahmedabad,18-09-2024,NaN,NaN,6,1.59,0.26,15.72
AHM06,SAC ISRO Bopal,Ahmedabad,19-09-2024,NaN,NaN,9.27,1.62,0.28,17.47
AHM06,SAC ISRO Bopal,Ahmedabad,20-09-2024,NaN,NaN,9.67,1.08,0.31,18.86
AHM06,SAC ISRO Bopal,Ahmedabad,21-09-2024,NaN,NaN,9.97,0.18,0.33,16.26
AHM06,SAC ISRO Bopal,Ahmedabad,22-09-2024,NaN,NaN,9.76,0.07,0.34,16.4
AHM06,SAC ISRO Bopal,Ahmedabad,23-09-2024,NaN,NaN,9.6,0.52,0.4,15.53
AHM06,SAC ISRO Bopal,Ahmedabad,24-09-2024,NaN,NaN,9.81,0.8,0.53,16
AHM06,SAC ISRO Bopal,Ahmedabad,25-09-2024,NaN,NaN,9.64,1.66,0.61,18.15
AHM06,SAC ISRO Bopal,Ahmedabad,26-09-2024,NaN,NaN,9.83,1.29,0.76,10.24
AHM06,SAC ISRO Bopal,Ahmedabad,27-09-2024,NaN,NaN,9.5,1.46,0.76,9
AHM06,SAC ISRO Bopal,Ahmedabad,28-09-2024,NaN,NaN,9.47,2.16,0.87,10.42
AHM06,SAC ISRO Bopal,Ahmedabad,29-09-2024,NaN,NaN,9.23,1.62,0.83,8.97
AHM06,SAC ISRO Bopal,Ahmedabad,30-09-2024,NaN,NaN,9.34,1.27,0.92,8.48
AHM06,SAC ISRO Bopal,Ahmedabad,01-10-2024,NaN,NaN,9.24,0.69,0.92,9.99
AHM06,SAC ISRO Bopal,Ahmedabad,02-10-2024,NaN,NaN,9.11,1.05,0.97,13.59
AHM06,SAC ISRO Bopal,Ahmedabad,03-10-2024,NaN,NaN,9.3,0.55,1.03,17.35
AHM06,SAC ISRO Bopal,Ahmedabad,04-10-2024,NaN,NaN,9.16,1.43,1.07,16.76
AHM06,SAC ISRO Bopal,Ahmedabad,05-10-2024,NaN,NaN,9.35,1.13,1.17,14.74
AHM06,SAC ISRO Bopal,Ahmedabad,06-10-2024,NaN,NaN,10.55,1.1,1.27,18.56
AHM06,SAC ISRO Bopal,Ahmedabad,07-10-2024,NaN,NaN,11.07,1.46,1.42,17.89
AHM06,SAC ISRO Bopal,Ahmedabad,08-10-2024,82.03,164.71,12.92,1.07,1.38,16.48
AHM06,SAC ISRO Bopal,Ahmedabad,09-10-2024,74.12,151.74,12.04,1.35,1,22.16
AHM06,SAC ISRO Bopal,Ahmedabad,10-10-2024,NaN,NaN,11.1,0.71,1.03,18.09
AHM06,SAC ISRO Bopal,Ahmedabad,11-10-2024,NaN,NaN,10.41,1.11,0.98,17.78
AHM06,SAC ISRO Bopal,Ahmedabad,12-10-2024,NaN,NaN,10.02,1.13,1.06,15.29
AHM06,SAC ISRO Bopal,Ahmedabad,13-10-2024,NaN,NaN,9.48,0.29,1.09,21.14
AHM06,SAC ISRO Bopal,Ahmedabad,14-10-2024,31.88,67.41,9.03,0.64,1.14,18.66
AHM06,SAC ISRO Bopal,Ahmedabad,15-10-2024,33.54,73.69,10.19,1.38,0.82,16.68
AHM06,SAC ISRO Bopal,Ahmedabad,16-10-2024,53.84,113.76,10.36,1,0.63,20.48
AHM06,SAC ISRO Bopal,Ahmedabad,17-10-2024,76.72,158.54,11.26,0.26,0.73,23.85
AHM06,SAC ISRO Bopal,Ahmedabad,18-10-2024,88.61,178.96,11.95,1.11,0.69,23.58
AHM06,SAC ISRO Bopal,Ahmedabad,19-10-2024,49.97,103.92,11.04,0.06,0.54,21.84
AHM06,SAC ISRO Bopal,Ahmedabad,20-10-2024,33.23,69.35,9.24,1.39,0.41,23.4
AHM06,SAC ISRO Bopal,Ahmedabad,21-10-2024,35.36,77.39,9.3,1.27,0.54,30.24
AHM06,SAC ISRO Bopal,Ahmedabad,22-10-2024,46.51,101.18,9.7,1.3,0.61,26.95
AHM06,SAC ISRO Bopal,Ahmedabad,23-10-2024,78.16,162.24,13.37,0.63,0.91,23.12
AHM06,SAC ISRO Bopal,Ahmedabad,24-10-2024,85.41,172.87,15.6,0.65,0.9,19.49
AHM06,SAC ISRO Bopal,Ahmedabad,25-10-2024,115.56,227.39,13.49,0.54,1.21,18.28
AHM06,SAC ISRO Bopal,Ahmedabad,26-10-2024,82.97,167.02,10.91,0.87,1.01,19.37
AHM06,SAC ISRO Bopal,Ahmedabad,27-10-2024,54.47,109.06,9.51,0.85,0.7,16.32
AHM06,SAC ISRO Bopal,Ahmedabad,28-10-2024,66.18,128.32,10.6,0.95,0.92,16.29
AHM06,SAC ISRO Bopal,Ahmedabad,29-10-2024,64.61,122.81,10.51,0.92,0.89,16.33
AHM06,SAC ISRO Bopal,Ahmedabad,30-10-2024,59.05,114.15,9.46,0.97,0.92,15.54
AHM06,SAC ISRO Bopal,Ahmedabad,31-10-2024,72.15,140.21,9.17,1.27,0.93,18.07
AHM06,SAC ISRO Bopal,Ahmedabad,01-11-2024,90.88,173.35,9.33,0.05,0.92,17.96
AHM06,SAC ISRO Bopal,Ahmedabad,02-11-2024,64.69,122.15,8.76,1.03,0.91,16.16
AHM06,SAC ISRO Bopal,Ahmedabad,03-11-2024,54.6,103.06,8.53,0.8,0.99,21.52
AHM06,SAC ISRO Bopal,Ahmedabad,04-11-2024,56.12,107.88,8.78,1.23,1.14,21.79
AHM06,SAC ISRO Bopal,Ahmedabad,05-11-2024,74.42,144.88,11.92,1.49,1.05,21.46
AHM06,SAC ISRO Bopal,Ahmedabad,06-11-2024,78.77,152.99,12.13,2.7,0.67,28.58
AHM06,SAC ISRO Bopal,Ahmedabad,07-11-2024,84.52,163.31,11.94,2.47,0.78,22.43
AHM06,SAC ISRO Bopal,Ahmedabad,08-11-2024,75.72,145.5,11.28,2.28,0.7,18.36
AHM06,SAC ISRO Bopal,Ahmedabad,09-11-2024,67.61,130.56,11.43,2.61,0.64,18.03
AHM06,SAC ISRO Bopal,Ahmedabad,10-11-2024,72.41,138.81,11.37,2.53,0.84,18.38
AHM06,SAC ISRO Bopal,Ahmedabad,11-11-2024,71.23,136.38,11.39,2.49,0.83,20.08
AHM06,SAC ISRO Bopal,Ahmedabad,12-11-2024,79.32,151.72,11.52,2.56,0.9,20.25
AHM06,SAC ISRO Bopal,Ahmedabad,13-11-2024,98.86,187.61,12.73,2.35,1.16,29.12
AHM06,SAC ISRO Bopal,Ahmedabad,14-11-2024,100.62,190.14,13.33,2.7,1.06,16.03
AHM06,SAC ISRO Bopal,Ahmedabad,15-11-2024,88.72,171.1,11.65,3.17,0.79,18.35
AHM06,SAC ISRO Bopal,Ahmedabad,16-11-2024,111.23,209.8,9.92,5.69,0.81,15.9
AHM06,SAC ISRO Bopal,Ahmedabad,17-11-2024,80.77,157.26,8.19,4.14,0.76,18.39
AHM06,SAC ISRO Bopal,Ahmedabad,18-11-2024,87.15,168.21,8.34,4.63,0.76,18.76
AHM06,SAC ISRO Bopal,Ahmedabad,19-11-2024,87.62,168.4,10.35,4.03,0.68,25.03
AHM06,SAC ISRO Bopal,Ahmedabad,20-11-2024,90.7,174.66,12.97,3.91,0.61,25.55
AHM06,SAC ISRO Bopal,Ahmedabad,21-11-2024,90.49,174.42,13.55,3.95,0.61,25.29
AHM06,SAC ISRO Bopal,Ahmedabad,22-11-2024,103.11,196.65,14.64,4.64,0.63,26.99
AHM06,SAC ISRO Bopal,Ahmedabad,23-11-2024,108.57,206.44,13.96,4.74,0.67,24.83
AHM06,SAC ISRO Bopal,Ahmedabad,24-11-2024,112.55,211.95,13.91,4.22,0.71,27.11
AHM06,SAC ISRO Bopal,Ahmedabad,25-11-2024,121.78,228.39,14.08,4.07,0.7,20.32
AHM06,SAC ISRO Bopal,Ahmedabad,26-11-2024,114.4,215.12,13.7,3.86,0.66,18.85
AHM06,SAC ISRO Bopal,Ahmedabad,27-11-2024,131.25,241.53,14.76,4.53,0.73,17.89
AHM06,SAC ISRO Bopal,Ahmedabad,28-11-2024,121.38,225.19,14.38,4.5,0.75,19.49
AHM06,SAC ISRO Bopal,Ahmedabad,29-11-2024,86.97,165.65,12.97,3.47,0.52,22.33
AHM06,SAC ISRO Bopal,Ahmedabad,30-11-2024,79.23,158.79,12.8,3.54,0.49,28.05
AHM06,SAC ISRO Bopal,Ahmedabad,01-12-2024,55.08,124.51,12.68,4.35,0.53,30.05
AHM06,SAC ISRO Bopal,Ahmedabad,02-12-2024,60.34,135.62,12.66,3.84,0.51,34.22
AHM06,SAC ISRO Bopal,Ahmedabad,03-12-2024,53.68,123.1,12.73,3.95,0.47,38.76
AHM06,SAC ISRO Bopal,Ahmedabad,04-12-2024,52.64,119.69,13.13,3.5,0.45,36.8
AHM06,SAC ISRO Bopal,Ahmedabad,05-12-2024,54,121.29,12.37,3.69,0.46,29.81
AHM06,SAC ISRO Bopal,Ahmedabad,06-12-2024,49.27,111.08,12.89,3.57,0.46,25.42
AHM06,SAC ISRO Bopal,Ahmedabad,07-12-2024,50.57,111.94,14.07,4.02,0.55,21.7
AHM06,SAC ISRO Bopal,Ahmedabad,08-12-2024,48.62,108.83,15.61,3.82,0.5,24.65
AHM06,SAC ISRO Bopal,Ahmedabad,09-12-2024,61.61,142.08,14.91,3.21,0.38,44.03
AHM06,SAC ISRO Bopal,Ahmedabad,10-12-2024,51.01,118.53,13.8,3.19,0.36,69
AHM06,SAC ISRO Bopal,Ahmedabad,11-12-2024,49.42,113.12,11.3,3.16,0.39,68.55
AHM06,SAC ISRO Bopal,Ahmedabad,12-12-2024,60.33,135.58,7.37,3.84,0.59,65.96
AHM06,SAC ISRO Bopal,Ahmedabad,13-12-2024,51.82,119.56,6.42,2.92,0.53,48.46
AHM06,SAC ISRO Bopal,Ahmedabad,14-12-2024,45.65,102.87,5.98,2.89,0.48,NaN
AHM06,SAC ISRO Bopal,Ahmedabad,15-12-2024,47.53,106.18,5.92,3.19,0.55,NaN
AHM06,SAC ISRO Bopal,Ahmedabad,16-12-2024,45.33,101.57,9.17,3.22,0.6,49.59
AHM06,SAC ISRO Bopal,Ahmedabad,17-12-2024,56.37,128.44,8.17,2.53,0.69,50.5
AHM06,SAC ISRO Bopal,Ahmedabad,18-12-2024,76.09,166.53,13.04,4.33,0.8,29.7
AHM06,SAC ISRO Bopal,Ahmedabad,19-12-2024,82.04,182.04,14.56,1.3,0.96,34.22
AHM06,SAC ISRO Bopal,Ahmedabad,20-12-2024,68.29,150.57,12.73,1.26,0.83,30.45
AHM06,SAC ISRO Bopal,Ahmedabad,21-12-2024,NaN,NaN,NaN,NaN,NaN,NaN
AHM06,SAC ISRO Bopal,Ahmedabad,22-12-2024,NaN,NaN,NaN,NaN,NaN,NaN
AHM06,SAC ISRO Bopal,Ahmedabad,23-12-2024,60.15,136.97,10.28,1.02,0.69,39.81
AHM06,SAC ISRO Bopal,Ahmedabad,24-12-2024,64.38,143.23,10.89,1.13,0.64,36.77
AHM06,SAC ISRO Bopal,Ahmedabad,25-12-2024,78.28,173.24,11.55,1.17,0.82,35.75
AHM06,SAC ISRO Bopal,Ahmedabad,26-12-2024,82.86,183.81,11.73,1.15,0.85,30.08
AHM06,SAC ISRO Bopal,Ahmedabad,27-12-2024,66.55,146.66,9.93,1.1,0.81,27.25
AHM06,SAC ISRO Bopal,Ahmedabad,28-12-2024,67.83,147.29,10.63,1.14,0.77,31.31
AHM06,SAC ISRO Bopal,Ahmedabad,29-12-2024,45.12,102.9,10.17,1.05,0.6,35.77
AHM06,SAC ISRO Bopal,Ahmedabad,30-12-2024,43.9,97.39,10.75,1.1,0.61,34.2
AHM06,SAC ISRO Bopal,Ahmedabad,31-12-2024,51.07,113.12,12.28,1.03,0.7,31.04
AHM06,SAC ISRO Bopal,Ahmedabad,01-01-2025,48.84,108.84,11.44,1.11,0.71,27.55
AHM06,SAC ISRO Bopal,Ahmedabad,02-01-2025,53.84,118.11,13.64,0.99,0.73,24.66
AHM06,SAC ISRO Bopal,Ahmedabad,03-01-2025,72.06,156.17,15.7,1.09,0.85,27.61
AHM06,SAC ISRO Bopal,Ahmedabad,04-01-2025,63.93,140.27,13.61,1.08,0.76,29.86
AHM06,SAC ISRO Bopal,Ahmedabad,05-01-2025,38.94,89.12,9.14,1.19,0.58,32.65
AHM06,SAC ISRO Bopal,Ahmedabad,06-01-2025,39.83,90.59,11.17,1.03,0.53,34.35
AHM06,SAC ISRO Bopal,Ahmedabad,07-01-2025,49.24,109.3,9.4,1.05,0.43,33.69
AHM06,SAC ISRO Bopal,Ahmedabad,08-01-2025,57.06,123.62,8.86,1.09,0.5,32.32
AHM06,SAC ISRO Bopal,Ahmedabad,09-01-2025,49.27,108.33,9.81,1.13,0.5,28.8
AHM06,SAC ISRO Bopal,Ahmedabad,10-01-2025,73.31,162.27,8.68,1.38,0.64,24.55
AHM06,SAC ISRO Bopal,Ahmedabad,11-01-2025,70.32,152.25,7.07,1.07,0.92,18.38
AHM06,SAC ISRO Bopal,Ahmedabad,12-01-2025,44.33,98.77,6.9,1.17,0.46,16.45
AHM06,SAC ISRO Bopal,Ahmedabad,13-01-2025,32.41,73.13,6.59,1.14,0.33,13.72
AHM06,SAC ISRO Bopal,Ahmedabad,14-01-2025,NaN,NaN,NaN,NaN,NaN,NaN
AHM06,SAC ISRO Bopal,Ahmedabad,15-01-2025,NaN,NaN,NaN,NaN,NaN,NaN
AHM06,SAC ISRO Bopal,Ahmedabad,16-01-2025,38.9,89.78,4.32,1.26,0.26,24.56
AHM06,SAC ISRO Bopal,Ahmedabad,17-01-2025,42.64,99.65,4.08,1.05,0.45,23.98
AHM06,SAC ISRO Bopal,Ahmedabad,18-01-2025,60.88,133.87,5.03,1.17,0.79,19.45
AHM06,SAC ISRO Bopal,Ahmedabad,19-01-2025,65.75,144.99,5.16,1.2,0.85,22.03
AHM06,SAC ISRO Bopal,Ahmedabad,20-01-2025,79.94,173.48,5.82,1.13,0.84,21.56
AHM06,SAC ISRO Bopal,Ahmedabad,21-01-2025,69.62,152.23,5.23,1.13,0.78,20.8
AHM06,SAC ISRO Bopal,Ahmedabad,22-01-2025,55.86,122.84,4.61,1.07,0.73,16.2
AHM06,SAC ISRO Bopal,Ahmedabad,23-01-2025,39.98,90.3,3.96,1.13,0.48,19.9
AHM06,SAC ISRO Bopal,Ahmedabad,24-01-2025,44.44,103.34,4.81,1.07,0.41,21.12
AHM06,SAC ISRO Bopal,Ahmedabad,25-01-2025,38.81,88.23,4.65,1.11,0.39,25.98
AHM06,SAC ISRO Bopal,Ahmedabad,26-01-2025,49.91,111.59,5.03,1.12,0.57,22.67
AHM06,SAC ISRO Bopal,Ahmedabad,27-01-2025,56.93,125.7,5.96,1.13,0.57,20.59
AHM06,SAC ISRO Bopal,Ahmedabad,28-01-2025,59.46,129.95,7.08,1.34,0.59,19.49
AHM06,SAC ISRO Bopal,Ahmedabad,29-01-2025,72.97,156.75,8.96,1.77,0.86,20.97
AHM06,SAC ISRO Bopal,Ahmedabad,30-01-2025,29.61,65.17,5.66,1.2,0.35,18.58
AHM06,SAC ISRO Bopal,Ahmedabad,31-01-2025,41.83,91.73,6.36,1.22,0.36,20.22
AHM06,SAC ISRO Bopal,Ahmedabad,01-02-2025,45.75,96.95,6.12,1.22,0.27,14.73
AHM06,SAC ISRO Bopal,Ahmedabad,02-02-2025,51.89,102.43,7.44,1.23,0.37,18.72
AHM06,SAC ISRO Bopal,Ahmedabad,03-02-2025,47.76,83.44,8.95,1.26,0.5,21.35
AHM06,SAC ISRO Bopal,Ahmedabad,04-02-2025,36.18,65.5,7.45,1.23,0.32,20.93
AHM06,SAC ISRO Bopal,Ahmedabad,05-02-2025,38.6,68.46,8.61,1.24,0.29,17.15
AHM06,SAC ISRO Bopal,Ahmedabad,06-02-2025,39.8,73.98,8.59,1.32,0.34,24.8
AHM06,SAC ISRO Bopal,Ahmedabad,07-02-2025,30.36,56.35,9.55,1.96,0.47,27.83
AHM06,SAC ISRO Bopal,Ahmedabad,08-02-2025,36.41,65.52,11.68,2.63,0.65,23.83
AHM06,SAC ISRO Bopal,Ahmedabad,09-02-2025,45.71,80.7,11.12,2.11,0.83,19.89
AHM06,SAC ISRO Bopal,Ahmedabad,10-02-2025,43.17,75.87,10.97,2,0.74,18.41
AHM06,SAC ISRO Bopal,Ahmedabad,11-02-2025,35.01,61.86,8.81,1.83,0.71,13.08
AHM06,SAC ISRO Bopal,Ahmedabad,12-02-2025,41.35,73.38,8.66,1.58,0.63,15.5
AHM06,SAC ISRO Bopal,Ahmedabad,13-02-2025,44.95,79.43,13.4,1.83,0.56,19.06
AHM06,SAC ISRO Bopal,Ahmedabad,14-02-2025,60.09,105.01,16.16,2.02,0.85,21.17
AHM06,SAC ISRO Bopal,Ahmedabad,15-02-2025,NaN,NaN,11.76,1.87,0.67,20.08
AHM06,SAC ISRO Bopal,Ahmedabad,16-02-2025,NaN,NaN,9.47,1.62,0.52,17.2
AHM06,SAC ISRO Bopal,Ahmedabad,17-02-2025,NaN,NaN,7.51,1.62,0.73,13.79
AHM06,SAC ISRO Bopal,Ahmedabad,18-02-2025,NaN,NaN,8.96,1.42,0.59,16.35
AHM06,SAC ISRO Bopal,Ahmedabad,19-02-2025,NaN,NaN,11.04,1.21,0.31,23.11
AHM06,SAC ISRO Bopal,Ahmedabad,20-02-2025,NaN,NaN,11.17,1.17,0.35,14.59
AHM06,SAC ISRO Bopal,Ahmedabad,21-02-2025,NaN,NaN,13.27,1.29,0.5,17.91
AHM06,SAC ISRO Bopal,Ahmedabad,22-02-2025,NaN,NaN,16.45,1.41,0.6,16.37
AHM06,SAC ISRO Bopal,Ahmedabad,23-02-2025,NaN,NaN,17.57,1.58,0.7,10.25
AHM06,SAC ISRO Bopal,Ahmedabad,24-02-2025,NaN,NaN,22.8,1.57,0.36,24.85
AHM06,SAC ISRO Bopal,Ahmedabad,25-02-2025,NaN,NaN,22.51,1.32,0.34,20.06
AHM06,SAC ISRO Bopal,Ahmedabad,26-02-2025,NaN,NaN,22.47,1.29,0.54,25.47
AHM06,SAC ISRO Bopal,Ahmedabad,27-02-2025,NaN,NaN,21.41,1.4,0.86,30.31
AHM06,SAC ISRO Bopal,Ahmedabad,28-02-2025,NaN,NaN,17.78,1.23,0.65,16.4
AHM06,SAC ISRO Bopal,Ahmedabad,01-03-2025,NaN,NaN,15,1.14,0.55,13.84
AHM06,SAC ISRO Bopal,Ahmedabad,02-03-2025,NaN,NaN,12.36,1.08,0.46,8.97
AHM06,SAC ISRO Bopal,Ahmedabad,03-03-2025,NaN,NaN,14.49,1.06,0.44,22.3
AHM06,SAC ISRO Bopal,Ahmedabad,04-03-2025,NaN,NaN,12.79,1.04,0.34,22.69
AHM06,SAC ISRO Bopal,Ahmedabad,05-03-2025,NaN,NaN,14.72,1.06,0.34,23.26
AHM06,SAC ISRO Bopal,Ahmedabad,06-03-2025,NaN,NaN,24.22,1.23,0.78,20.56
AHM06,SAC ISRO Bopal,Ahmedabad,07-03-2025,NaN,NaN,21.39,1.34,0.82,21.07
AHM06,SAC ISRO Bopal,Ahmedabad,08-03-2025,NaN,NaN,23.69,1.29,1,18.75
AHM06,SAC ISRO Bopal,Ahmedabad,09-03-2025,NaN,NaN,27.16,1.41,1.11,30.8
AHM06,SAC ISRO Bopal,Ahmedabad,10-03-2025,NaN,NaN,30.21,1.42,1,29.46
AHM06,SAC ISRO Bopal,Ahmedabad,11-03-2025,NaN,NaN,26.45,1.4,0.84,37.4
AHM06,SAC ISRO Bopal,Ahmedabad,12-03-2025,NaN,NaN,21.43,2.65,0.57,23.91
AHM06,SAC ISRO Bopal,Ahmedabad,13-03-2025,NaN,NaN,15.82,3.37,0.16,22.33
AHM06,SAC ISRO Bopal,Ahmedabad,14-03-2025,NaN,NaN,12.06,2.17,0.13,24.77
AHM06,SAC ISRO Bopal,Ahmedabad,15-03-2025,NaN,NaN,12.68,1.78,0.28,23.35
AHM06,SAC ISRO Bopal,Ahmedabad,16-03-2025,NaN,NaN,12.94,1.61,0.32,26.5
AHM06,SAC ISRO Bopal,Ahmedabad,17-03-2025,NaN,NaN,14.92,1.55,0.38,29.71
AHM06,SAC ISRO Bopal,Ahmedabad,18-03-2025,NaN,NaN,18.87,1.48,0.39,34.43
AHM06,SAC ISRO Bopal,Ahmedabad,19-03-2025,NaN,NaN,13.91,1.47,0.42,31.29
AHM06,SAC ISRO Bopal,Ahmedabad,20-03-2025,NaN,NaN,10.18,1.43,0.44,22.17
AHM06,SAC ISRO Bopal,Ahmedabad,21-03-2025,NaN,NaN,11.96,1.43,0.52,26.52
AHM06,SAC ISRO Bopal,Ahmedabad,22-03-2025,NaN,NaN,21.27,1.49,0.7,35.68
AHM06,SAC ISRO Bopal,Ahmedabad,23-03-2025,NaN,NaN,24.05,1.58,0.71,34.65
AHM06,SAC ISRO Bopal,Ahmedabad,24-03-2025,NaN,NaN,27.3,1.53,0.71,42.94
AHM06,SAC ISRO Bopal,Ahmedabad,25-03-2025,NaN,NaN,23.72,1.3,0.38,39.59
AHM06,SAC ISRO Bopal,Ahmedabad,26-03-2025,NaN,NaN,16.25,1.22,0.24,25.82
AHM06,SAC ISRO Bopal,Ahmedabad,27-03-2025,NaN,NaN,12.24,1.25,0.12,21.15
AHM06,SAC ISRO Bopal,Ahmedabad,28-03-2025,NaN,NaN,13.53,1.13,0.07,20.87
AHM06,SAC ISRO Bopal,Ahmedabad,29-03-2025,NaN,NaN,NaN,NaN,NaN,NaN
AHM06,SAC ISRO Bopal,Ahmedabad,30-03-2025,NaN,NaN,NaN,NaN,NaN,NaN
AHM06,SAC ISRO Bopal,Ahmedabad,31-03-2025,NaN,NaN,NaN,NaN,NaN,NaN
AHM06,SAC ISRO Bopal,Ahmedabad,01-04-2025,44.41,75.11,17.01,1.2,0.31,45.24
AHM06,SAC ISRO Bopal,Ahmedabad,02-04-2025,68.93,107.45,26.49,1.2,0.53,27.99
AHM06,SAC ISRO Bopal,Ahmedabad,03-04-2025,81.02,125.56,23.1,1.18,0.84,20.6
AHM06,SAC ISRO Bopal,Ahmedabad,04-04-2025,54.87,84.19,11.1,1.13,1.01,14.5
AHM06,SAC ISRO Bopal,Ahmedabad,05-04-2025,69.35,106.95,11.89,1.17,1.02,20.46
AHM06,SAC ISRO Bopal,Ahmedabad,06-04-2025,43.91,67.05,9.81,1.14,0.69,22
AHM06,SAC ISRO Bopal,Ahmedabad,07-04-2025,59.93,88.98,14.47,1.09,0.91,20.26
AHM06,SAC ISRO Bopal,Ahmedabad,08-04-2025,68.54,103.42,17.2,1.15,0.71,18.75
AHM06,SAC ISRO Bopal,Ahmedabad,09-04-2025,46.82,73.5,13.96,1.18,0.32,25.59
AHM06,SAC ISRO Bopal,Ahmedabad,10-04-2025,50.89,80.49,11.15,1.2,0.19,33.85
AHM06,SAC ISRO Bopal,Ahmedabad,11-04-2025,43.23,66.45,10.62,1.21,0.22,17.07
AHM06,SAC ISRO Bopal,Ahmedabad,12-04-2025,48.75,73.83,10.32,1.19,0.34,12.88
AHM06,SAC ISRO Bopal,Ahmedabad,13-04-2025,NaN,NaN,NaN,NaN,NaN,NaN
AHM06,SAC ISRO Bopal,Ahmedabad,14-04-2025,NaN,NaN,NaN,NaN,NaN,NaN
AHM06,SAC ISRO Bopal,Ahmedabad,15-04-2025,53.66,89.13,9.01,1.24,0.26,26.39
AHM06,SAC ISRO Bopal,Ahmedabad,16-04-2025,47.71,72.67,11.59,1.41,0.51,17.56
AHM06,SAC ISRO Bopal,Ahmedabad,17-04-2025,41.26,63.01,9.89,1.68,0.6,18.07
AHM06,SAC ISRO Bopal,Ahmedabad,18-04-2025,45.99,68.73,11.59,1.75,0.68,17.4
AHM06,SAC ISRO Bopal,Ahmedabad,19-04-2025,59.14,88.35,12.84,1.78,0.82,20.33
AHM06,SAC ISRO Bopal,Ahmedabad,20-04-2025,69.96,102.37,9.77,1.7,1.03,24.16
AHM06,SAC ISRO Bopal,Ahmedabad,21-04-2025,74.3,109.15,14.56,1.77,0.98,19.15
AHM06,SAC ISRO Bopal,Ahmedabad,22-04-2025,64.66,95.64,15.93,1.82,0.35,23.71
AHM06,SAC ISRO Bopal,Ahmedabad,23-04-2025,76.32,114.04,23.28,2.27,0.54,22.82
AHM06,SAC ISRO Bopal,Ahmedabad,24-04-2025,61.28,99,17.38,2.61,0.52,23.09
AHM06,SAC ISRO Bopal,Ahmedabad,25-04-2025,NaN,NaN,11.82,2.68,0.46,26.8
AHM06,SAC ISRO Bopal,Ahmedabad,26-04-2025,NaN,NaN,11.48,2.73,0.61,23.56
AHM06,SAC ISRO Bopal,Ahmedabad,27-04-2025,NaN,NaN,14.46,2.9,0.64,22.41
AHM06,SAC ISRO Bopal,Ahmedabad,28-04-2025,74.04,141.11,11.56,2.82,0.6,24.07
AHM06,SAC ISRO Bopal,Ahmedabad,29-04-2025,53.73,101.06,12,7.01,0.67,17.83
AHM06,SAC ISRO Bopal,Ahmedabad,30-04-2025,51.13,96.15,12.4,8.7,0.57,17.89
AHM06,SAC ISRO Bopal,Ahmedabad,01-05-2025,48.7,91.48,11.72,11.92,0.47,21.92
AHM06,SAC ISRO Bopal,Ahmedabad,02-05-2025,46.99,87.98,13.07,10.45,0.47,19.2
AHM06,SAC ISRO Bopal,Ahmedabad,03-05-2025,49.28,94.28,11.53,8.98,0.49,20.02
AHM06,SAC ISRO Bopal,Ahmedabad,04-05-2025,45.18,87.89,9.47,2.74,0.32,13.67
AHM06,SAC ISRO Bopal,Ahmedabad,05-05-2025,54.15,88.02,9.82,1.95,0.3,15.35
AHM06,SAC ISRO Bopal,Ahmedabad,06-05-2025,15.54,29.52,12.6,1.58,0.35,19.31
AHM06,SAC ISRO Bopal,Ahmedabad,07-05-2025,14.06,25.88,12.44,1.12,0.58,14.58
AHM06,SAC ISRO Bopal,Ahmedabad,08-05-2025,22.45,46.48,10.11,1.31,0.59,18.47
AHM06,SAC ISRO Bopal,Ahmedabad,09-05-2025,25.36,54.12,11.03,1.32,0.53,25.47
AHM06,SAC ISRO Bopal,Ahmedabad,10-05-2025,36.84,73.11,12.6,1.38,0.53,22.98
AHM06,SAC ISRO Bopal,Ahmedabad,11-05-2025,38.65,74.93,9.03,1.42,0.45,16.12
AHM06,SAC ISRO Bopal,Ahmedabad,12-05-2025,NaN,NaN,NaN,NaN,NaN,NaN
AHM06,SAC ISRO Bopal,Ahmedabad,13-05-2025,38.24,73.98,7.67,1.43,0.57,24.04
AHM06,SAC ISRO Bopal,Ahmedabad,14-05-2025,49.07,93.76,10.18,1.41,0.53,15.65
AHM06,SAC ISRO Bopal,Ahmedabad,15-05-2025,43.41,83.09,8.71,1.52,0.5,14.8
AHM06,SAC ISRO Bopal,Ahmedabad,16-05-2025,32.05,63.8,8.39,1.55,0.49,14.31
AHM06,SAC ISRO Bopal,Ahmedabad,17-05-2025,31.09,60.95,7.16,1.69,0.48,11.28
AHM06,SAC ISRO Bopal,Ahmedabad,18-05-2025,34.03,66.71,9.51,1.8,0.45,12.58
AHM06,SAC ISRO Bopal,Ahmedabad,19-05-2025,47.42,89.47,8.08,1.79,0.47,14.42
AHM06,SAC ISRO Bopal,Ahmedabad,20-05-2025,43.6,83.68,11.45,1.88,0.63,14.78
AHM06,SAC ISRO Bopal,Ahmedabad,21-05-2025,38.25,73.9,9.92,1.45,0.57,25.84
AHM06,SAC ISRO Bopal,Ahmedabad,22-05-2025,43.73,85.92,11.85,0.65,0.59,25.7
AHM06,SAC ISRO Bopal,Ahmedabad,23-05-2025,55.13,113.14,14.87,1.29,0.54,25.51
AHM06,SAC ISRO Bopal,Ahmedabad,24-05-2025,40.92,81.51,7.93,1.39,0.31,25.57
AHM06,SAC ISRO Bopal,Ahmedabad,25-05-2025,60.73,124.85,8.38,0.76,0.38,16.5
AHM06,SAC ISRO Bopal,Ahmedabad,26-05-2025,45.54,85.71,10.45,0.87,0.36,17.11
AHM06,SAC ISRO Bopal,Ahmedabad,27-05-2025,74.29,143.49,8.11,0.8,0.37,8.78
AHM06,SAC ISRO Bopal,Ahmedabad,28-05-2025,50.05,93.88,6.34,1.33,0.19,9.08
AHM06,SAC ISRO Bopal,Ahmedabad,29-05-2025,41.4,77.73,6.61,1.34,0.18,12.94
AHM06,SAC ISRO Bopal,Ahmedabad,30-05-2025,52.7,99.46,NaN,1.3,0.1,10.06
AHM06,SAC ISRO Bopal,Ahmedabad,31-05-2025,43.27,83.33,NaN,1.29,0.06,9.55
AHM06,SAC ISRO Bopal,Ahmedabad,01-06-2025,43.46,82.39,NaN,1.33,0.13,8.31
AHM06,SAC ISRO Bopal,Ahmedabad,02-06-2025,42.73,90.93,NaN,1.38,0.29,9.94
AHM06,SAC ISRO Bopal,Ahmedabad,03-06-2025,37.71,68.53,7.11,1.43,0.36,10.85
AHM06,SAC ISRO Bopal,Ahmedabad,04-06-2025,57.84,123.04,7.09,1.6,0.4,16.51
AHM06,SAC ISRO Bopal,Ahmedabad,05-06-2025,69.08,116.55,7.92,1.65,0.48,11.53
AHM06,SAC ISRO Bopal,Ahmedabad,06-06-2025,68.62,116.58,7.82,1.76,0.38,10.89
AHM06,SAC ISRO Bopal,Ahmedabad,07-06-2025,53.05,98.1,6.75,1.79,0.31,13.73
AHM06,SAC ISRO Bopal,Ahmedabad,08-06-2025,60.36,102.93,5.72,1.79,0.28,14.81
AHM06,SAC ISRO Bopal,Ahmedabad,09-06-2025,52.6,87.84,5.86,2.16,0.33,12.81
AHM06,SAC ISRO Bopal,Ahmedabad,10-06-2025,36.27,59.08,6.47,4.82,0.42,14.55
AHM06,SAC ISRO Bopal,Ahmedabad,11-06-2025,28.3,53.93,6.2,4.48,0.37,12.81
AHM06,SAC ISRO Bopal,Ahmedabad,12-06-2025,39.44,65.58,7.36,5.29,0.35,12.47
AHM06,SAC ISRO Bopal,Ahmedabad,13-06-2025,59.74,97.01,7.42,6.01,0.38,14.28
AHM06,SAC ISRO Bopal,Ahmedabad,14-06-2025,63.66,112.68,4.43,4.02,0.4,18.68
AHM06,SAC ISRO Bopal,Ahmedabad,15-06-2025,18.39,32.26,4.28,2.24,0.43,29.19
AHM06,SAC ISRO Bopal,Ahmedabad,16-06-2025,31.8,56.43,5.6,2.36,0.47,20.76
AHM06,SAC ISRO Bopal,Ahmedabad,17-06-2025,9.18,16.16,3.97,2.28,0.36,13.16
AHM06,SAC ISRO Bopal,Ahmedabad,18-06-2025,32.78,57.05,3.59,2.41,0.27,13.5
AHM06,SAC ISRO Bopal,Ahmedabad,19-06-2025,28.26,54.08,3.62,2.52,0.36,16.07
AHM06,SAC ISRO Bopal,Ahmedabad,20-06-2025,38.18,68.49,5.34,1.04,0.44,11.41
AHM06,SAC ISRO Bopal,Ahmedabad,21-06-2025,29.85,51.8,5.62,0.91,0.36,NaN
AHM06,SAC ISRO Bopal,Ahmedabad,22-06-2025,33.59,56.65,5.07,0.9,0.21,18.47
AHM06,SAC ISRO Bopal,Ahmedabad,23-06-2025,22.23,37.12,4.98,0.7,0.26,13.61
AHM06,SAC ISRO Bopal,Ahmedabad,24-06-2025,31.4,54.2,4.99,0.61,0.33,8.51
AHM06,SAC ISRO Bopal,Ahmedabad,25-06-2025,35.56,61.7,4.74,0.93,0.19,9.29
AHM06,SAC ISRO Bopal,Ahmedabad,26-06-2025,30.7,52.39,5.16,1.04,0.28,11.65
AHM06,SAC ISRO Bopal,Ahmedabad,27-06-2025,19.12,34.04,4.81,0.92,0.5,12.26
AHM06,SAC ISRO Bopal,Ahmedabad,28-06-2025,20.21,36.24,4.51,0.97,1.03,17.51
AHM06,SAC ISRO Bopal,Ahmedabad,29-06-2025,16.96,29.07,4.52,1.13,1.32,11.74
AHM06,SAC ISRO Bopal,Ahmedabad,30-06-2025,23.84,39.98,4.33,1.02,0.3,11.22
AHM06,SAC ISRO Bopal,Ahmedabad,01-07-2025,22.52,38.75,3.83,1.21,0.34,10.69
AHM06,SAC ISRO Bopal,Ahmedabad,02-07-2025,30.44,52.65,3.88,1.24,0.84,8.8
AHM06,SAC ISRO Bopal,Ahmedabad,03-07-2025,21.11,36.27,3.94,1.16,2.05,9.54
AHM06,SAC ISRO Bopal,Ahmedabad,04-07-2025,15.35,26.08,4.06,0.99,NaN,10.78
AHM06,SAC ISRO Bopal,Ahmedabad,05-07-2025,17.47,31.15,3.88,0.82,NaN,9.46
AHM06,SAC ISRO Bopal,Ahmedabad,06-07-2025,25.67,44.31,3.98,0.68,NaN,11.24
AHM06,SAC ISRO Bopal,Ahmedabad,07-07-2025,30.94,49.34,3.8,0.94,NaN,12.2
AHM06,SAC ISRO Bopal,Ahmedabad,08-07-2025,43.99,70.15,4.46,0.95,NaN,10.26
AHM06,SAC ISRO Bopal,Ahmedabad,09-07-2025,44.57,71.38,5.51,1.09,0.55,11.15
AHM06,SAC ISRO Bopal,Ahmedabad,10-07-2025,42.66,67.93,NaN,1.01,0.51,10.03
AHM06,SAC ISRO Bopal,Ahmedabad,11-07-2025,31.01,49.87,NaN,1.05,0.46,11.61
AHM06,SAC ISRO Bopal,Ahmedabad,12-07-2025,26.01,41.68,34.6,0.96,0.42,12.23
AHM06,SAC ISRO Bopal,Ahmedabad,13-07-2025,28.19,44.75,35.33,0.95,0.39,13.85
AHM06,SAC ISRO Bopal,Ahmedabad,14-07-2025,29.19,47.71,36.22,0.95,0.37,12.4
AHM06,SAC ISRO Bopal,Ahmedabad,15-07-2025,41.41,68.97,34.58,0.97,0.3,11.83
AHM06,SAC ISRO Bopal,Ahmedabad,16-07-2025,51.35,87.99,42.49,1.83,0.25,18.39
AHM06,SAC ISRO Bopal,Ahmedabad,17-07-2025,46.69,86.85,21.08,2.94,0.23,20.32
AHM06,SAC ISRO Bopal,Ahmedabad,18-07-2025,45.36,88.43,NaN,2.65,0.26,16.35
AHM06,SAC ISRO Bopal,Ahmedabad,19-07-2025,26.77,50.76,NaN,2.79,0.22,12.59
AHM06,SAC ISRO Bopal,Ahmedabad,20-07-2025,21.6,40.56,NaN,2.49,0.17,16
AHM06,SAC ISRO Bopal,Ahmedabad,21-07-2025,21.53,44.25,18.82,2.34,0.41,13.21
AHM06,SAC ISRO Bopal,Ahmedabad,22-07-2025,25.68,52.17,19.95,2.46,0.57,18.92
AHM06,SAC ISRO Bopal,Ahmedabad,23-07-2025,27.34,56.76,18.72,2.45,0.48,17.17
AHM06,SAC ISRO Bopal,Ahmedabad,24-07-2025,22.6,48.62,18.75,2.64,0.41,16.84
AHM06,SAC ISRO Bopal,Ahmedabad,25-07-2025,18.92,39.32,18.73,2.62,0.34,18.58
AHM06,SAC ISRO Bopal,Ahmedabad,26-07-2025,30.63,63.54,18.71,2.91,0.26,15.34
AHM06,SAC ISRO Bopal,Ahmedabad,27-07-2025,17.83,35.85,18.68,2.84,0.17,14.98
AHM06,SAC ISRO Bopal,Ahmedabad,28-07-2025,18.49,38.28,18.74,2.29,0.13,12.55
AHM06,SAC ISRO Bopal,Ahmedabad,29-07-2025,23.87,49.98,19.08,2.22,0.54,12.99
AHM06,SAC ISRO Bopal,Ahmedabad,30-07-2025,33.9,70.7,20.95,2.14,1.01,12.68
AHM06,SAC ISRO Bopal,Ahmedabad,31-07-2025,43.31,94.51,21.08,2.49,0.82,14.98
AHM06,SAC ISRO Bopal,Ahmedabad,01-08-2025,27.28,64.9,21.97,2.63,0.43,12.14
AHM06,SAC ISRO Bopal,Ahmedabad,02-08-2025,28.72,62.53,20.67,2.81,0.28,12
AHM06,SAC ISRO Bopal,Ahmedabad,03-08-2025,18.86,41.31,20.81,2.9,0.23,14.83
AHM06,SAC ISRO Bopal,Ahmedabad,04-08-2025,17.5,37.27,20.96,2.82,0.17,15.45
AHM06,SAC ISRO Bopal,Ahmedabad,05-08-2025,22.27,47.92,20.86,2.97,0.11,17.57
AHM06,SAC ISRO Bopal,Ahmedabad,06-08-2025,26.73,55.5,20.93,2.7,0.06,16.07
AHM06,SAC ISRO Bopal,Ahmedabad,07-08-2025,32.14,67.61,20.76,2.61,0.27,19.56
AHM06,SAC ISRO Bopal,Ahmedabad,08-08-2025,35.74,66.94,20.55,2.33,0.48,18.98
AHM06,SAC ISRO Bopal,Ahmedabad,09-08-2025,30.08,59.88,20.8,2.34,0.39,17.98
AHM06,SAC ISRO Bopal,Ahmedabad,10-08-2025,30.24,55.73,20.94,3.12,0.34,19.34
AHM06,SAC ISRO Bopal,Ahmedabad,11-08-2025,24.41,44.16,20.76,3.74,0.28,19.02
AHM06,SAC ISRO Bopal,Ahmedabad,12-08-2025,18.96,45.98,21.1,2.72,0.23,16.42
AHM06,SAC ISRO Bopal,Ahmedabad,13-08-2025,13.98,38.46,20.91,0.85,0.27,9.05
AHM06,SAC ISRO Bopal,Ahmedabad,14-08-2025,20.86,54.21,21.07,1.02,0.29,7.05
AHM06,SAC ISRO Bopal,Ahmedabad,15-08-2025,19.88,43.84,20.94,0.82,0.23,10.28
AHM06,SAC ISRO Bopal,Ahmedabad,16-08-2025,13.36,34.27,20.8,0.79,0.13,7.7
AHM06,SAC ISRO Bopal,Ahmedabad,17-08-2025,10.58,27.9,20.77,0.97,0.09,14.38
AHM06,SAC ISRO Bopal,Ahmedabad,18-08-2025,19.77,48.91,20.83,1.12,0.39,14.23
AHM06,SAC ISRO Bopal,Ahmedabad,19-08-2025,26.81,54.2,21.03,1.05,0.33,11.65
AHM06,SAC ISRO Bopal,Ahmedabad,20-08-2025,14.48,33.03,21.06,1.28,0.47,8.19
AHM06,SAC ISRO Bopal,Ahmedabad,21-08-2025,6.04,14.76,20.97,1.36,0.6,9.05
AHM06,SAC ISRO Bopal,Ahmedabad,22-08-2025,4.36,10.24,20.5,0.96,0.56,8.03
AHM06,SAC ISRO Bopal,Ahmedabad,23-08-2025,8.54,16.73,20.95,0.91,0.62,6.49
AHM06,SAC ISRO Bopal,Ahmedabad,24-08-2025,5.51,11.59,20.57,1.18,0.58,6.25
AHM06,SAC ISRO Bopal,Ahmedabad,25-08-2025,12.33,24.3,20.76,1.12,0.58,7.11
AHM06,SAC ISRO Bopal,Ahmedabad,26-08-2025,18.9,36.58,21.11,1,0.48,17.44
AHM06,SAC ISRO Bopal,Ahmedabad,27-08-2025,30.22,55.63,21.38,1.57,0.61,14.62
AHM06,SAC ISRO Bopal,Ahmedabad,28-08-2025,48.86,83.99,20.45,2.05,0.68,13.59
AHM06,SAC ISRO Bopal,Ahmedabad,29-08-2025,28.9,53.67,20.9,2.28,0.67,11.36
AHM06,SAC ISRO Bopal,Ahmedabad,30-08-2025,38.12,69.77,20.81,2.1,0.62,18.44
AHM06,SAC ISRO Bopal,Ahmedabad,31-08-2025,22.91,43.79,21.06,2.21,0.57,20.86
AHM06,SAC ISRO Bopal,Ahmedabad,01-09-2025,25.64,48.34,20.85,2.16,0.51,20.13
AHM06,SAC ISRO Bopal,Ahmedabad,02-09-2025,34.83,63.37,20.74,1.96,0.47,23.44
AHM06,SAC ISRO Bopal,Ahmedabad,03-09-2025,43.13,79.45,20.93,2.11,0.35,24.03
AHM06,SAC ISRO Bopal,Ahmedabad,04-09-2025,24.07,45.91,20.87,2.16,0.41,19.44
AHM06,SAC ISRO Bopal,Ahmedabad,05-09-2025,17.18,31.67,20.55,2.02,0.41,37.93
AHM06,SAC ISRO Bopal,Ahmedabad,06-09-2025,13.22,24.39,21.05,2.07,0.35,36.24
AHM06,SAC ISRO Bopal,Ahmedabad,07-09-2025,9.64,17.25,21.23,2.03,0.32,36.61
AHM06,SAC ISRO Bopal,Ahmedabad,08-09-2025,30.24,53.46,19.28,2.2,0.28,20.87
AHM06,SAC ISRO Bopal,Ahmedabad,09-09-2025,32.63,60.94,17.13,0.37,0.39,15.81
AHM06,SAC ISRO Bopal,Ahmedabad,10-09-2025,35.96,64.84,17.36,0.66,0.59,12.32
AHM06,SAC ISRO Bopal,Ahmedabad,11-09-2025,30.64,57.98,17.3,0.63,0.57,12.93
AHM06,SAC ISRO Bopal,Ahmedabad,12-09-2025,34.24,62.43,17.4,0.46,0.58,14.39
AHM06,SAC ISRO Bopal,Ahmedabad,13-09-2025,30.34,55.91,17.35,0.51,0.56,12.1
AHM06,SAC ISRO Bopal,Ahmedabad,14-09-2025,25.43,47.75,17.39,0.55,0.51,12.14
AHM06,SAC ISRO Bopal,Ahmedabad,15-09-2025,22.93,43.36,17.57,0.5,0.49,12.72
AHM06,SAC ISRO Bopal,Ahmedabad,16-09-2025,27.83,49.83,16.99,0.56,0.46,16
AHM06,SAC ISRO Bopal,Ahmedabad,17-09-2025,28.08,53.17,17.49,0.5,0.39,13.81
AHM06,SAC ISRO Bopal,Ahmedabad,18-09-2025,36.42,68.88,17.46,0.49,0.4,16.16
AHM06,SAC ISRO Bopal,Ahmedabad,19-09-2025,39.99,69.7,17.89,0.75,0.42,20.3
AHM06,SAC ISRO Bopal,Ahmedabad,20-09-2025,32.75,58.5,17.87,0.77,0.5,12.03
AHM06,SAC ISRO Bopal,Ahmedabad,21-09-2025,30.55,55.01,18.51,0.74,0.41,6.72
AHM06,SAC ISRO Bopal,Ahmedabad,22-09-2025,26.88,48.75,18.39,0.85,0.3,10
AHM06,SAC ISRO Bopal,Ahmedabad,23-09-2025,29.45,52.7,17.12,0.8,0.25,15.33
AHM06,SAC ISRO Bopal,Ahmedabad,24-09-2025,34.41,61.67,17.54,1,0.18,19.34
AHM06,SAC ISRO Bopal,Ahmedabad,25-09-2025,39.57,69.51,17.67,1.01,0.56,16.87
AHM06,SAC ISRO Bopal,Ahmedabad,26-09-2025,29.63,57.18,16.94,0.72,0.46,16.92
AHM06,SAC ISRO Bopal,Ahmedabad,27-09-2025,34.49,69.26,17.27,0.71,0.25,23.76
AHM06,SAC ISRO Bopal,Ahmedabad,28-09-2025,32.07,60.91,16.81,0.88,0.49,17.8
AHM06,SAC ISRO Bopal,Ahmedabad,29-09-2025,12.35,24.73,18.07,0.82,0.63,12.78
AHM06,SAC ISRO Bopal,Ahmedabad,30-09-2025,16.96,31.74,19.18,0.85,0.55,19.45
AHM06,SAC ISRO Bopal,Ahmedabad,01-10-2025,26.38,43.59,18.33,1.04,0.49,15.84
AHM06,SAC ISRO Bopal,Ahmedabad,02-10-2025,29.35,52.53,18.27,0.89,0.46,15.76
AHM06,SAC ISRO Bopal,Ahmedabad,03-10-2025,29.37,54.52,16.27,1.05,0.45,15.54
AHM06,SAC ISRO Bopal,Ahmedabad,04-10-2025,22.04,41.09,17.26,0.78,0.35,14.01
AHM06,SAC ISRO Bopal,Ahmedabad,05-10-2025,11.95,21.48,17.59,0.95,0.35,14.56
AHM06,SAC ISRO Bopal,Ahmedabad,06-10-2025,6.45,11.81,17.55,0.91,0.35,15.03
AHM06,SAC ISRO Bopal,Ahmedabad,07-10-2025,28.21,50.78,17.32,0.93,0.42,10.43
AHM06,SAC ISRO Bopal,Ahmedabad,08-10-2025,28.81,52.49,16.79,1.61,0.46,13.66
AHM06,SAC ISRO Bopal,Ahmedabad,09-10-2025,59.82,113.15,17.73,1.79,0.5,14.98
AHM06,SAC ISRO Bopal,Ahmedabad,10-10-2025,133.39,237.5,17.47,2.01,0.45,14.56
AHM06,SAC ISRO Bopal,Ahmedabad,11-10-2025,159.23,286.81,16.82,1.59,0.54,15.31
AHM06,SAC ISRO Bopal,Ahmedabad,12-10-2025,115.04,203.34,17.47,1.76,0.37,17.04
AHM06,SAC ISRO Bopal,Ahmedabad,13-10-2025,108.32,190.96,18.82,1.56,0.37,17.94
AHM06,SAC ISRO Bopal,Ahmedabad,14-10-2025,79.8,149.55,18.43,1.72,0.55,17.52
AHM06,SAC ISRO Bopal,Ahmedabad,15-10-2025,63.96,118.07,18.14,1.74,0.49,19.82
AHM06,SAC ISRO Bopal,Ahmedabad,16-10-2025,90.44,159.11,17.74,1.49,0.55,24.95
AHM06,SAC ISRO Bopal,Ahmedabad,17-10-2025,73.32,126.64,21.75,2.21,0.51,26.03
AHM06,SAC ISRO Bopal,Ahmedabad,18-10-2025,81.79,141.28,20.16,2.3,0.61,27.68
AHM06,SAC ISRO Bopal,Ahmedabad,19-10-2025,79.23,135.17,18.34,5.99,0.51,27.42
AHM06,SAC ISRO Bopal,Ahmedabad,20-10-2025,84.52,158.88,17.31,10.71,0.49,29.55
AHM06,SAC ISRO Bopal,Ahmedabad,21-10-2025,128.52,213.28,17.27,44.11,1.64,35.18
AHM06,SAC ISRO Bopal,Ahmedabad,22-10-2025,60.59,114.9,17.42,8.72,0.74,42.69
AHM06,SAC ISRO Bopal,Ahmedabad,23-10-2025,57.58,103.58,16.83,5.98,0.9,46.5
AHM06,SAC ISRO Bopal,Ahmedabad,24-10-2025,59.74,112.56,17.38,4,0.78,47.84
AHM06,SAC ISRO Bopal,Ahmedabad,25-10-2025,60.94,109.41,17.12,2.51,0.63,55.68
AHM06,SAC ISRO Bopal,Ahmedabad,26-10-2025,25.29,52.77,17.28,2.79,0.42,27.21
AHM06,SAC ISRO Bopal,Ahmedabad,27-10-2025,12.97,26.32,17.19,0.87,0.38,10.62
AHM06,SAC ISRO Bopal,Ahmedabad,28-10-2025,3.41,7.65,16.95,1.52,0.41,16.39
AHM06,SAC ISRO Bopal,Ahmedabad,29-10-2025,25.82,50.78,17.28,0.83,0.44,26.26
AHM06,SAC ISRO Bopal,Ahmedabad,30-10-2025,24.3,51.98,17.04,1.68,0.41,9.6
AHM06,SAC ISRO Bopal,Ahmedabad,31-10-2025,9.46,19.85,17.05,2.05,0.42,8.07
AHM06,SAC ISRO Bopal,Ahmedabad,01-11-2025,12.44,33.48,16.77,2.26,0.36,5.39
AHM06,SAC ISRO Bopal,Ahmedabad,02-11-2025,26.85,54.68,17.41,2.69,0.43,10.19
AHM06,SAC ISRO Bopal,Ahmedabad,03-11-2025,12.74,33.56,16.53,1.71,0.29,25.19
AHM06,SAC ISRO Bopal,Ahmedabad,04-11-2025,29.24,71.41,16.34,0.85,0.33,19.46
AHM06,SAC ISRO Bopal,Ahmedabad,05-11-2025,31.32,39.86,15.97,1.35,0.43,12.25
AHM06,SAC ISRO Bopal,Ahmedabad,06-11-2025,27.09,49.16,16.49,1.71,0.46,15.66
AHM06,SAC ISRO Bopal,Ahmedabad,07-11-2025,35.33,77.43,16.56,2.36,0.62,17.57
AHM06,SAC ISRO Bopal,Ahmedabad,08-11-2025,99.67,184.5,16.97,2.03,0.84,14.63
AHM06,SAC ISRO Bopal,Ahmedabad,09-11-2025,22.15,46.38,17.1,2.18,0.92,19.05
AHM06,SAC ISRO Bopal,Ahmedabad,10-11-2025,77.13,175.86,16.9,4.22,1.1,18.07
AHM06,SAC ISRO Bopal,Ahmedabad,11-11-2025,67.91,169.31,16.73,3.1,1.09,21.74
AHM06,SAC ISRO Bopal,Ahmedabad,12-11-2025,85.12,169.97,17.48,2.76,0.87,16.61
AHM06,SAC ISRO Bopal,Ahmedabad,13-11-2025,88.32,168.52,17.81,3.18,0.83,13.99
AHM06,SAC ISRO Bopal,Ahmedabad,14-11-2025,58.53,125.88,17.2,3.02,0.42,29.12
AHM06,SAC ISRO Bopal,Ahmedabad,15-11-2025,76.91,146.79,17.26,4.41,0.53,21.09
AHM06,SAC ISRO Bopal,Ahmedabad,16-11-2025,64.05,123.75,17.57,2.2,0.51,26.91
AHM06,SAC ISRO Bopal,Ahmedabad,17-11-2025,69.81,132.17,16.76,3.96,0.71,24.48
AHM06,SAC ISRO Bopal,Ahmedabad,18-11-2025,89.47,172.52,17.27,4.59,0.79,21.07
AHM06,SAC ISRO Bopal,Ahmedabad,19-11-2025,86.78,164.44,17.13,4.53,0.84,23.33
AHM06,SAC ISRO Bopal,Ahmedabad,20-11-2025,93.28,184.21,43.95,5.16,0.79,21.92
AHM06,SAC ISRO Bopal,Ahmedabad,21-11-2025,87.49,192.86,34.94,19.91,0.54,27.11
AHM06,SAC ISRO Bopal,Ahmedabad,22-11-2025,73.47,192.18,32.95,10.22,0.37,23.26
AHM06,SAC ISRO Bopal,Ahmedabad,23-11-2025,51.27,151.65,26.77,2.8,0.3,21.84
AHM06,SAC ISRO Bopal,Ahmedabad,24-11-2025,69.65,157.04,30.25,3.09,0.56,24.01
AHM06,SAC ISRO Bopal,Ahmedabad,25-11-2025,73.41,188.49,28.8,2.04,0.66,27.82
AHM06,SAC ISRO Bopal,Ahmedabad,26-11-2025,85.28,174.13,37.18,3.05,0.45,33.47
AHM06,SAC ISRO Bopal,Ahmedabad,27-11-2025,97.15,184.48,34.94,2.95,0.54,35.09
AHM06,SAC ISRO Bopal,Ahmedabad,28-11-2025,110.47,212.74,44.83,3.28,0.47,26.21
AHM06,SAC ISRO Bopal,Ahmedabad,29-11-2025,91.54,170.37,35.51,3.17,0.62,23.7
AHM06,SAC ISRO Bopal,Ahmedabad,30-11-2025,87.9,148.19,30.1,3.12,0.58,21.18
AHM06,SAC ISRO Bopal,Ahmedabad,01-12-2025,99.16,173.65,33.44,3.06,0.54,17.11
AHM06,SAC ISRO Bopal,Ahmedabad,02-12-2025,63.1,156.68,31.82,2.11,0.45,14.84
AHM06,SAC ISRO Bopal,Ahmedabad,03-12-2025,63.68,116.54,29.67,4.92,0.52,17.33
AHM06,SAC ISRO Bopal,Ahmedabad,04-12-2025,57.24,97.33,25.34,2.45,0.64,24.92
AHM06,SAC ISRO Bopal,Ahmedabad,05-12-2025,60.56,101.05,25.06,2.57,0.49,33.06
AHM06,SAC ISRO Bopal,Ahmedabad,06-12-2025,61.44,112.07,27.26,2.63,0.36,29.29
AHM06,SAC ISRO Bopal,Ahmedabad,07-12-2025,60.55,111.28,30.56,4.37,0.25,22.49
AHM06,SAC ISRO Bopal,Ahmedabad,08-12-2025,51.16,93.4,31.05,3.69,0.31,17.21
AHM06,SAC ISRO Bopal,Ahmedabad,09-12-2025,70.01,133.44,33.43,5.61,0.26,17.95
AHM06,SAC ISRO Bopal,Ahmedabad,10-12-2025,63.18,122.7,35.26,3.44,0.2,16.36
AHM06,SAC ISRO Bopal,Ahmedabad,11-12-2025,75.88,159.47,34.35,2.15,0.15,16.99
AHM06,SAC ISRO Bopal,Ahmedabad,12-12-2025,75.05,174.7,35.82,2.5,0.22,18.5
AHM06,SAC ISRO Bopal,Ahmedabad,13-12-2025,74.9,177.05,37.22,5.68,0.41,15.35
AHM06,SAC ISRO Bopal,Ahmedabad,14-12-2025,64.06,134.39,33.62,4.67,0.2,18.2
AHM06,SAC ISRO Bopal,Ahmedabad,15-12-2025,63.6,137.16,33.27,5.34,0.32,18.47
AHM06,SAC ISRO Bopal,Ahmedabad,16-12-2025,73.93,137.86,28.02,3.04,0.22,26
AHM06,SAC ISRO Bopal,Ahmedabad,17-12-2025,69.08,128.74,32,5.82,0.58,25.12
AHM06,SAC ISRO Bopal,Ahmedabad,18-12-2025,78.54,150.78,32.48,4.42,0.79,18.42
AHM06,SAC ISRO Bopal,Ahmedabad,19-12-2025,73.94,148.41,34.59,4.81,0.6,16.26
AHM06,SAC ISRO Bopal,Ahmedabad,20-12-2025,82.64,196.8,40.25,7.54,0.65,18.31
AHM06,SAC ISRO Bopal,Ahmedabad,21-12-2025,69.34,140.67,36.69,5.5,0.32,15.32
AHM06,SAC ISRO Bopal,Ahmedabad,22-12-2025,68.9,131.82,35.05,5.78,0.32,18.51
AHM06,SAC ISRO Bopal,Ahmedabad,23-12-2025,73.54,142.24,35.64,12.24,0.54,13.24
AHM06,SAC ISRO Bopal,Ahmedabad,24-12-2025,68.55,137.73,30.93,6.64,0.31,14.92
AHM06,SAC ISRO Bopal,Ahmedabad,25-12-2025,68.4,114.1,29.9,5.83,0.2,18.49
AHM06,SAC ISRO Bopal,Ahmedabad,26-12-2025,66.77,120.47,32.25,5.41,0.24,20.33
AHM06,SAC ISRO Bopal,Ahmedabad,27-12-2025,68.42,121.55,31.86,7.27,0.28,20.09
AHM06,SAC ISRO Bopal,Ahmedabad,28-12-2025,71.04,143.62,35.08,9.91,0.34,17.28
AHM06,SAC ISRO Bopal,Ahmedabad,29-12-2025,74.14,141.87,31.95,8.07,0.27,24.07
AHM06,SAC ISRO Bopal,Ahmedabad,30-12-2025,77.3,156.76,30.63,4.65,0.32,25.94
AHM06,SAC ISRO Bopal,Ahmedabad,31-12-2025,NaN,235.67,38.27,4.99,0.59,9.38
AHM07,SAC ISRO Satellite,Ahmedabad,01-01-2023,NaN,NaN,NaN,NaN,NaN,NaN
AHM07,SAC ISRO Satellite,Ahmedabad,02-01-2023,NaN,NaN,NaN,NaN,NaN,NaN
AHM07,SAC ISRO Satellite,Ahmedabad,03-01-2023,NaN,NaN,NaN,NaN,NaN,NaN
AHM07,SAC ISRO Satellite,Ahmedabad,04-01-2023,NaN,NaN,NaN,NaN,NaN,NaN
AHM07,SAC ISRO Satellite,Ahmedabad,05-01-2023,NaN,NaN,NaN,NaN,NaN,NaN
AHM07,SAC ISRO Satellite,Ahmedabad,06-01-2023,NaN,NaN,NaN,NaN,NaN,NaN
AHM07,SAC ISRO Satellite,Ahmedabad,07-01-2023,NaN,NaN,NaN,NaN,NaN,NaN
AHM07,SAC ISRO Satellite,Ahmedabad,08-01-2023,NaN,NaN,NaN,NaN,NaN,NaN
AHM07,SAC ISRO Satellite,Ahmedabad,09-01-2023,NaN,NaN,NaN,NaN,NaN,NaN
AHM07,SAC ISRO Satellite,Ahmedabad,10-01-2023,NaN,NaN,NaN,NaN,NaN,NaN
AHM07,SAC ISRO Satellite,Ahmedabad,11-01-2023,NaN,NaN,NaN,NaN,NaN,NaN
AHM07,SAC ISRO Satellite,Ahmedabad,12-01-2023,NaN,NaN,9.56,4.58,0,5.8
AHM07,SAC ISRO Satellite,Ahmedabad,13-01-2023,NaN,NaN,9.57,4.49,0,5.41
AHM07,SAC ISRO Satellite,Ahmedabad,14-01-2023,NaN,NaN,9.58,4.57,0,4.38
AHM07,SAC ISRO Satellite,Ahmedabad,15-01-2023,NaN,NaN,9.58,4.54,0,4.52
AHM07,SAC ISRO Satellite,Ahmedabad,16-01-2023,NaN,NaN,9.59,5.61,0,6.57
AHM07,SAC ISRO Satellite,Ahmedabad,17-01-2023,NaN,NaN,9.56,5.44,0,7.45
AHM07,SAC ISRO Satellite,Ahmedabad,18-01-2023,NaN,NaN,9.56,5.03,0,7.39
AHM07,SAC ISRO Satellite,Ahmedabad,19-01-2023,NaN,NaN,9.59,4.8,0,8.74
AHM07,SAC ISRO Satellite,Ahmedabad,20-01-2023,NaN,NaN,9.6,4.75,0,6.49
AHM07,SAC ISRO Satellite,Ahmedabad,21-01-2023,NaN,NaN,9.61,4.64,0,5.27
AHM07,SAC ISRO Satellite,Ahmedabad,22-01-2023,NaN,NaN,NaN,4.41,0,5.91
AHM07,SAC ISRO Satellite,Ahmedabad,23-01-2023,57.4,116,9.59,4.48,0,6.34
AHM07,SAC ISRO Satellite,Ahmedabad,24-01-2023,57.38,116.33,9.56,4.24,0,6.23
AHM07,SAC ISRO Satellite,Ahmedabad,25-01-2023,57.46,116.2,9.62,4.65,0,5.51
AHM07,SAC ISRO Satellite,Ahmedabad,26-01-2023,57.41,116.16,9.56,5.11,0,6.36
AHM07,SAC ISRO Satellite,Ahmedabad,27-01-2023,57.45,116.36,9.59,5.14,0,10.95
AHM07,SAC ISRO Satellite,Ahmedabad,28-01-2023,57.35,116.06,9.57,4.79,0,5.13
AHM07,SAC ISRO Satellite,Ahmedabad,29-01-2023,57.48,116.16,9.54,4.51,0.73,3.94
AHM07,SAC ISRO Satellite,Ahmedabad,30-01-2023,57.47,116.06,9.58,4.65,0.3,4.6
AHM07,SAC ISRO Satellite,Ahmedabad,31-01-2023,57.35,116.18,9.58,4.67,0,6.17
AHM07,SAC ISRO Satellite,Ahmedabad,01-02-2023,57.51,116.22,9.52,5.28,0,4.53
AHM07,SAC ISRO Satellite,Ahmedabad,02-02-2023,57.39,116.31,9.57,4.88,0,5.89
AHM07,SAC ISRO Satellite,Ahmedabad,03-02-2023,57.38,116.21,9.57,5,0,6.41
AHM07,SAC ISRO Satellite,Ahmedabad,04-02-2023,57.44,116.27,9.57,5.74,0,4.87
AHM07,SAC ISRO Satellite,Ahmedabad,05-02-2023,57.45,116.2,9.6,5.1,0,4.59
AHM07,SAC ISRO Satellite,Ahmedabad,06-02-2023,57.46,116.08,9.57,4.51,NaN,3.84
AHM07,SAC ISRO Satellite,Ahmedabad,07-02-2023,57.44,116.11,9.58,4.38,NaN,4.76
AHM07,SAC ISRO Satellite,Ahmedabad,08-02-2023,57.48,116.15,9.59,4.75,NaN,5.62
AHM07,SAC ISRO Satellite,Ahmedabad,09-02-2023,57.41,116.37,9.56,5.1,NaN,6.41
AHM07,SAC ISRO Satellite,Ahmedabad,10-02-2023,57.4,116.15,9.62,5.07,NaN,4.22
AHM07,SAC ISRO Satellite,Ahmedabad,11-02-2023,57.43,116.16,9.58,4.92,NaN,3.14
AHM07,SAC ISRO Satellite,Ahmedabad,12-02-2023,57.43,116.26,9.62,5.13,NaN,3.53
AHM07,SAC ISRO Satellite,Ahmedabad,13-02-2023,57.46,116.12,9.58,4.23,NaN,4.65
AHM07,SAC ISRO Satellite,Ahmedabad,14-02-2023,57.49,116.26,9.59,4.95,NaN,5.22
AHM07,SAC ISRO Satellite,Ahmedabad,15-02-2023,57.39,116.17,9.62,5.82,NaN,7.16
AHM07,SAC ISRO Satellite,Ahmedabad,16-02-2023,57.38,116.32,9.56,4.75,NaN,6.44
AHM07,SAC ISRO Satellite,Ahmedabad,17-02-2023,57.35,116.12,9.58,4.79,NaN,5.26
AHM07,SAC ISRO Satellite,Ahmedabad,18-02-2023,57.41,116.22,9.57,5.99,NaN,5.05
AHM07,SAC ISRO Satellite,Ahmedabad,19-02-2023,57.41,116.26,9.6,5.4,NaN,4.99
AHM07,SAC ISRO Satellite,Ahmedabad,20-02-2023,57.4,116.1,9.62,5.47,NaN,8.37
AHM07,SAC ISRO Satellite,Ahmedabad,21-02-2023,57.4,116.03,9.6,5.59,NaN,4.39
AHM07,SAC ISRO Satellite,Ahmedabad,22-02-2023,57.45,116.15,9.58,5.42,NaN,4.38
AHM07,SAC ISRO Satellite,Ahmedabad,23-02-2023,57.34,116.12,9.57,4.81,NaN,3.28
AHM07,SAC ISRO Satellite,Ahmedabad,24-02-2023,57.44,116.12,9.61,6.48,NaN,7.8
AHM07,SAC ISRO Satellite,Ahmedabad,25-02-2023,57.41,116.18,9.57,4.81,NaN,3.77
AHM07,SAC ISRO Satellite,Ahmedabad,26-02-2023,57.35,116.14,9.55,4.86,NaN,3.95
AHM07,SAC ISRO Satellite,Ahmedabad,27-02-2023,57.38,116.33,9.63,5.49,NaN,5.47
AHM07,SAC ISRO Satellite,Ahmedabad,28-02-2023,57.47,116.26,NaN,4.88,NaN,5.29
AHM07,SAC ISRO Satellite,Ahmedabad,01-03-2023,57.41,116.15,NaN,4.72,NaN,5.64
AHM07,SAC ISRO Satellite,Ahmedabad,02-03-2023,57.49,116.09,NaN,7.87,NaN,17.33
AHM07,SAC ISRO Satellite,Ahmedabad,03-03-2023,57.44,116.27,NaN,7.43,NaN,17.65
AHM07,SAC ISRO Satellite,Ahmedabad,04-03-2023,57.39,116.2,NaN,5.51,NaN,5.11
AHM07,SAC ISRO Satellite,Ahmedabad,05-03-2023,57.42,116.48,NaN,4.98,NaN,4.82
AHM07,SAC ISRO Satellite,Ahmedabad,06-03-2023,57.39,116.21,NaN,5.71,NaN,10.39
AHM07,SAC ISRO Satellite,Ahmedabad,07-03-2023,57.43,116.23,NaN,6.11,NaN,9.51
AHM07,SAC ISRO Satellite,Ahmedabad,08-03-2023,57.41,116.03,NaN,4.82,NaN,4.49
AHM07,SAC ISRO Satellite,Ahmedabad,09-03-2023,57.46,116.22,NaN,5.09,NaN,5.05
AHM07,SAC ISRO Satellite,Ahmedabad,10-03-2023,57.48,116.16,NaN,5.04,NaN,7.02
AHM07,SAC ISRO Satellite,Ahmedabad,11-03-2023,57.47,116.08,9.62,4.71,NaN,3.87
AHM07,SAC ISRO Satellite,Ahmedabad,12-03-2023,57.43,116.08,9.56,4.89,NaN,3.44
AHM07,SAC ISRO Satellite,Ahmedabad,13-03-2023,57.48,116.23,9.59,6.3,NaN,9.37
AHM07,SAC ISRO Satellite,Ahmedabad,14-03-2023,57.44,116.29,9.51,5.14,NaN,9.12
AHM07,SAC ISRO Satellite,Ahmedabad,15-03-2023,57.42,116.22,9.54,4.79,NaN,3.59
AHM07,SAC ISRO Satellite,Ahmedabad,16-03-2023,57.49,116.26,9.59,6.54,NaN,14.34
AHM07,SAC ISRO Satellite,Ahmedabad,17-03-2023,57.36,116.14,9.56,5.42,NaN,4.88
AHM07,SAC ISRO Satellite,Ahmedabad,18-03-2023,57.37,116.28,9.6,4.93,NaN,4.01
AHM07,SAC ISRO Satellite,Ahmedabad,19-03-2023,57.43,116.15,9.55,4.93,NaN,3.18
AHM07,SAC ISRO Satellite,Ahmedabad,20-03-2023,57.49,116.22,9.62,4.59,NaN,5.05
AHM07,SAC ISRO Satellite,Ahmedabad,21-03-2023,57.43,116.22,9.57,4.74,NaN,4.43
AHM07,SAC ISRO Satellite,Ahmedabad,22-03-2023,57.43,116.28,9.58,4.57,NaN,5.36
AHM07,SAC ISRO Satellite,Ahmedabad,23-03-2023,57.46,116.08,9.59,5.01,NaN,5.02
AHM07,SAC ISRO Satellite,Ahmedabad,24-03-2023,57.38,116.16,9.56,4.47,NaN,5.89
AHM07,SAC ISRO Satellite,Ahmedabad,25-03-2023,57.38,116.18,9.64,4.44,NaN,4.78
AHM07,SAC ISRO Satellite,Ahmedabad,26-03-2023,57.47,116.19,9.55,4.47,NaN,3.66
AHM07,SAC ISRO Satellite,Ahmedabad,27-03-2023,57.41,116.3,9.52,4.86,NaN,4.95
AHM07,SAC ISRO Satellite,Ahmedabad,28-03-2023,57.37,116.18,9.55,4.92,NaN,7.42
AHM07,SAC ISRO Satellite,Ahmedabad,29-03-2023,57.41,116.19,9.53,4.78,NaN,7.15
AHM07,SAC ISRO Satellite,Ahmedabad,30-03-2023,57.36,116.02,9.53,4.51,NaN,4.11
AHM07,SAC ISRO Satellite,Ahmedabad,31-03-2023,57.37,116.27,9.48,4.62,NaN,4.31
AHM07,SAC ISRO Satellite,Ahmedabad,01-04-2023,57.4,116.14,9.49,4.55,NaN,3.47
AHM07,SAC ISRO Satellite,Ahmedabad,02-04-2023,57.45,116.2,NaN,4.59,NaN,3.4
AHM07,SAC ISRO Satellite,Ahmedabad,03-04-2023,57.33,116.16,NaN,4.91,NaN,8.58
AHM07,SAC ISRO Satellite,Ahmedabad,04-04-2023,57.36,116.2,NaN,5.86,NaN,7.95
AHM07,SAC ISRO Satellite,Ahmedabad,05-04-2023,57.44,116.11,NaN,6.95,NaN,8.07
AHM07,SAC ISRO Satellite,Ahmedabad,06-04-2023,57.44,116.08,NaN,6.49,NaN,10.87
AHM07,SAC ISRO Satellite,Ahmedabad,07-04-2023,57.4,116.18,NaN,6.13,NaN,8.98
AHM07,SAC ISRO Satellite,Ahmedabad,08-04-2023,57.38,116.25,NaN,17.69,NaN,8.04
AHM07,SAC ISRO Satellite,Ahmedabad,09-04-2023,57.42,116.2,NaN,9.4,NaN,8.46
AHM07,SAC ISRO Satellite,Ahmedabad,10-04-2023,57.42,116.29,NaN,10.46,NaN,16.23
AHM07,SAC ISRO Satellite,Ahmedabad,11-04-2023,57.48,116.14,9.48,6.8,NaN,9.92
AHM07,SAC ISRO Satellite,Ahmedabad,12-04-2023,57.33,116.26,9.38,4.98,NaN,9.21
AHM07,SAC ISRO Satellite,Ahmedabad,13-04-2023,57.39,116.3,9.38,NaN,NaN,9.73
AHM07,SAC ISRO Satellite,Ahmedabad,14-04-2023,57.46,116.27,9.42,5.81,NaN,7.25
AHM07,SAC ISRO Satellite,Ahmedabad,15-04-2023,57.49,116.37,9.38,NaN,NaN,6.33
AHM07,SAC ISRO Satellite,Ahmedabad,16-04-2023,57.43,116.2,9.29,NaN,NaN,5.85
AHM07,SAC ISRO Satellite,Ahmedabad,17-04-2023,57.42,116.24,9.36,NaN,NaN,9.18
AHM07,SAC ISRO Satellite,Ahmedabad,18-04-2023,57.46,116.3,9.33,NaN,NaN,7.32
AHM07,SAC ISRO Satellite,Ahmedabad,19-04-2023,57.39,116.25,9.34,NaN,NaN,7.81
AHM07,SAC ISRO Satellite,Ahmedabad,20-04-2023,57.43,116.1,9.39,NaN,NaN,9.95
AHM07,SAC ISRO Satellite,Ahmedabad,21-04-2023,57.41,116.11,9.38,4.91,NaN,8.85
AHM07,SAC ISRO Satellite,Ahmedabad,22-04-2023,57.37,116.18,9.38,5.26,NaN,8.46
AHM07,SAC ISRO Satellite,Ahmedabad,23-04-2023,57.4,116.26,9.36,5.3,NaN,9.62
AHM07,SAC ISRO Satellite,Ahmedabad,24-04-2023,57.37,116.26,9.38,NaN,NaN,14.08
AHM07,SAC ISRO Satellite,Ahmedabad,25-04-2023,57.42,116.23,9.47,7.9,NaN,17.16
AHM07,SAC ISRO Satellite,Ahmedabad,26-04-2023,57.38,116.15,9.42,5.67,0.43,13.04
AHM07,SAC ISRO Satellite,Ahmedabad,27-04-2023,57.35,116.33,9.47,7,0.43,10.22
AHM07,SAC ISRO Satellite,Ahmedabad,28-04-2023,57.43,116.07,9.43,5.54,0.43,9.6
AHM07,SAC ISRO Satellite,Ahmedabad,29-04-2023,57.44,116.15,9.47,5.19,0.43,5.63
AHM07,SAC ISRO Satellite,Ahmedabad,30-04-2023,57.43,116.27,9.51,5.23,0.43,6.77
AHM07,SAC ISRO Satellite,Ahmedabad,01-05-2023,57.4,116.18,9.56,5.23,0.43,6.68
AHM07,SAC ISRO Satellite,Ahmedabad,02-05-2023,57.44,116.13,9.56,5.35,0.43,9.2
AHM07,SAC ISRO Satellite,Ahmedabad,03-05-2023,57.4,116.17,9.53,6.32,0.43,13.86
AHM07,SAC ISRO Satellite,Ahmedabad,04-05-2023,57.4,116.22,9.53,6.29,0.43,14.51
AHM07,SAC ISRO Satellite,Ahmedabad,05-05-2023,57.48,116.24,9.47,6.31,0.43,8.68
AHM07,SAC ISRO Satellite,Ahmedabad,06-05-2023,57.41,116.08,9.37,4.66,0.43,9.32
AHM07,SAC ISRO Satellite,Ahmedabad,07-05-2023,57.42,116.2,9.32,NaN,0.43,7.99
AHM07,SAC ISRO Satellite,Ahmedabad,08-05-2023,57.45,116.3,9.32,NaN,0.43,9.4
AHM07,SAC ISRO Satellite,Ahmedabad,09-05-2023,57.46,116.24,9.33,NaN,0.43,8.96
AHM07,SAC ISRO Satellite,Ahmedabad,10-05-2023,57.47,116.33,9.39,NaN,0.43,9.8
AHM07,SAC ISRO Satellite,Ahmedabad,11-05-2023,57.36,116.02,NaN,NaN,0.43,11.38
AHM07,SAC ISRO Satellite,Ahmedabad,12-05-2023,57.38,116.36,NaN,NaN,0.43,9.28
AHM07,SAC ISRO Satellite,Ahmedabad,13-05-2023,57.47,116.31,NaN,NaN,0.43,9.4
AHM07,SAC ISRO Satellite,Ahmedabad,14-05-2023,57.42,116.09,NaN,NaN,0.43,8.23
AHM07,SAC ISRO Satellite,Ahmedabad,15-05-2023,57.49,116.21,NaN,NaN,0.43,6.63
AHM07,SAC ISRO Satellite,Ahmedabad,16-05-2023,57.51,116.09,NaN,NaN,0.43,7.13
AHM07,SAC ISRO Satellite,Ahmedabad,17-05-2023,57.37,116.07,NaN,NaN,0.43,8.15
AHM07,SAC ISRO Satellite,Ahmedabad,18-05-2023,57.42,116.14,NaN,NaN,0.43,8.47
AHM07,SAC ISRO Satellite,Ahmedabad,19-05-2023,57.46,115.97,NaN,NaN,0.43,7.29
AHM07,SAC ISRO Satellite,Ahmedabad,20-05-2023,57.4,116.22,NaN,NaN,0.43,6.41
AHM07,SAC ISRO Satellite,Ahmedabad,21-05-2023,57.39,116.02,NaN,NaN,0.43,6.88
AHM07,SAC ISRO Satellite,Ahmedabad,22-05-2023,57.47,116.44,NaN,NaN,0.44,7.79
AHM07,SAC ISRO Satellite,Ahmedabad,23-05-2023,57.41,116.1,NaN,NaN,0.43,8.45
AHM07,SAC ISRO Satellite,Ahmedabad,24-05-2023,57.43,116.37,NaN,NaN,0.43,7.99
AHM07,SAC ISRO Satellite,Ahmedabad,25-05-2023,57.43,116.28,NaN,NaN,0.43,6.85
AHM07,SAC ISRO Satellite,Ahmedabad,26-05-2023,57.45,116.34,NaN,NaN,0.43,6.21
AHM07,SAC ISRO Satellite,Ahmedabad,27-05-2023,57.35,116.25,NaN,NaN,0.43,2.87
AHM07,SAC ISRO Satellite,Ahmedabad,28-05-2023,57.48,116.13,NaN,4.81,0.43,3.14
AHM07,SAC ISRO Satellite,Ahmedabad,29-05-2023,57.4,116,9.49,4.21,0.43,2.27
AHM07,SAC ISRO Satellite,Ahmedabad,30-05-2023,57.44,116.21,9.53,4.35,0.43,2.78
AHM07,SAC ISRO Satellite,Ahmedabad,31-05-2023,57.37,116.12,9.56,4.47,0.43,4.54
AHM07,SAC ISRO Satellite,Ahmedabad,01-06-2023,57.31,116.24,9.5,4.59,0.43,3.66
AHM07,SAC ISRO Satellite,Ahmedabad,02-06-2023,57.39,116.19,9.42,NaN,0.43,3.17
AHM07,SAC ISRO Satellite,Ahmedabad,03-06-2023,57.33,116.17,9.36,NaN,0.43,2.17
AHM07,SAC ISRO Satellite,Ahmedabad,04-06-2023,57.38,116.24,9.25,NaN,0.43,1.99
AHM07,SAC ISRO Satellite,Ahmedabad,05-06-2023,42.17,98.43,9.24,NaN,0.43,3.23
AHM07,SAC ISRO Satellite,Ahmedabad,06-06-2023,27.56,81.33,9.08,NaN,0.43,3.8
AHM07,SAC ISRO Satellite,Ahmedabad,07-06-2023,27.51,81.32,9.01,NaN,0.43,3.84
AHM07,SAC ISRO Satellite,Ahmedabad,08-06-2023,27.58,81.26,9,NaN,0.43,3.87
AHM07,SAC ISRO Satellite,Ahmedabad,09-06-2023,27.57,81.36,8.9,NaN,0.43,3.32
AHM07,SAC ISRO Satellite,Ahmedabad,10-06-2023,27.56,81.3,8.79,NaN,0.43,3.1
AHM07,SAC ISRO Satellite,Ahmedabad,11-06-2023,27.55,81.28,8.79,NaN,0.43,3.61
AHM07,SAC ISRO Satellite,Ahmedabad,12-06-2023,27.6,81.27,8.89,NaN,0.43,4.98
AHM07,SAC ISRO Satellite,Ahmedabad,13-06-2023,27.54,81.34,8.92,NaN,0.43,3.79
AHM07,SAC ISRO Satellite,Ahmedabad,14-06-2023,27.58,81.41,8.88,NaN,0.43,3.46
AHM07,SAC ISRO Satellite,Ahmedabad,15-06-2023,27.55,81.34,9.1,4.34,0.43,2.66
AHM07,SAC ISRO Satellite,Ahmedabad,16-06-2023,27.6,81.32,9.17,4.28,0.43,3.01
AHM07,SAC ISRO Satellite,Ahmedabad,17-06-2023,27.56,81.35,9.37,4.09,0.43,2.31
AHM07,SAC ISRO Satellite,Ahmedabad,18-06-2023,27.58,81.33,9.58,4.16,0.43,2.06
AHM07,SAC ISRO Satellite,Ahmedabad,19-06-2023,27.56,81.47,NaN,4.18,0.43,2.65
AHM07,SAC ISRO Satellite,Ahmedabad,20-06-2023,27.56,81.39,NaN,4.31,0.43,2.47
AHM07,SAC ISRO Satellite,Ahmedabad,21-06-2023,27.55,81.34,NaN,3.86,0.43,2.48
AHM07,SAC ISRO Satellite,Ahmedabad,22-06-2023,27.56,81.4,NaN,NaN,0.43,2.43
AHM07,SAC ISRO Satellite,Ahmedabad,23-06-2023,27.57,81.23,NaN,NaN,0.43,3.13
AHM07,SAC ISRO Satellite,Ahmedabad,24-06-2023,27.53,81.38,NaN,NaN,0.43,2.26
AHM07,SAC ISRO Satellite,Ahmedabad,25-06-2023,27.51,81.39,NaN,NaN,0.43,2.19
AHM07,SAC ISRO Satellite,Ahmedabad,26-06-2023,27.57,81.25,NaN,4.2,0.43,2
AHM07,SAC ISRO Satellite,Ahmedabad,27-06-2023,27.57,81.38,NaN,4.1,0.43,NaN
AHM07,SAC ISRO Satellite,Ahmedabad,28-06-2023,27.56,81.36,NaN,4.06,0.43,NaN
AHM07,SAC ISRO Satellite,Ahmedabad,29-06-2023,27.55,81.31,NaN,4.27,0.43,NaN
AHM07,SAC ISRO Satellite,Ahmedabad,30-06-2023,27.54,81.29,NaN,4.11,0.43,NaN
AHM07,SAC ISRO Satellite,Ahmedabad,01-07-2023,27.54,81.38,NaN,4.09,0.43,NaN
AHM07,SAC ISRO Satellite,Ahmedabad,02-07-2023,27.55,81.25,NaN,4.22,0.43,NaN
AHM07,SAC ISRO Satellite,Ahmedabad,03-07-2023,27.52,81.43,NaN,4.12,0.43,NaN
AHM07,SAC ISRO Satellite,Ahmedabad,04-07-2023,27.55,81.28,NaN,4.22,0.43,NaN
AHM07,SAC ISRO Satellite,Ahmedabad,05-07-2023,27.55,81.19,NaN,4.32,0.43,NaN
AHM07,SAC ISRO Satellite,Ahmedabad,06-07-2023,27.54,81.22,NaN,4.31,0.43,NaN
AHM07,SAC ISRO Satellite,Ahmedabad,07-07-2023,27.56,81.28,NaN,4.24,0.43,NaN
AHM07,SAC ISRO Satellite,Ahmedabad,08-07-2023,27.55,81.3,NaN,4.25,0.43,NaN
AHM07,SAC ISRO Satellite,Ahmedabad,09-07-2023,27.59,81.31,NaN,4.11,0.43,NaN
AHM07,SAC ISRO Satellite,Ahmedabad,10-07-2023,27.6,81.33,NaN,4.14,0.43,NaN
AHM07,SAC ISRO Satellite,Ahmedabad,11-07-2023,27.57,81.38,NaN,4.25,0.43,NaN
AHM07,SAC ISRO Satellite,Ahmedabad,12-07-2023,27.6,81.33,NaN,4.53,0.43,NaN
AHM07,SAC ISRO Satellite,Ahmedabad,13-07-2023,27.56,81.37,NaN,4.44,0.43,NaN
AHM07,SAC ISRO Satellite,Ahmedabad,14-07-2023,27.54,81.38,NaN,4.39,0.43,NaN
AHM07,SAC ISRO Satellite,Ahmedabad,15-07-2023,27.56,81.32,2.82,4.25,0.43,NaN
AHM07,SAC ISRO Satellite,Ahmedabad,16-07-2023,27.58,81.37,2.39,4.22,0.43,NaN
AHM07,SAC ISRO Satellite,Ahmedabad,17-07-2023,27.57,81.27,2.4,4.52,0.43,NaN
AHM07,SAC ISRO Satellite,Ahmedabad,18-07-2023,27.57,81.37,2.27,4.55,0.43,NaN
AHM07,SAC ISRO Satellite,Ahmedabad,19-07-2023,27.56,81.29,3.15,4.28,0.43,NaN
AHM07,SAC ISRO Satellite,Ahmedabad,20-07-2023,27.55,81.22,3.53,4.26,0.43,NaN
AHM07,SAC ISRO Satellite,Ahmedabad,21-07-2023,27.58,81.41,3.26,4.2,0.43,NaN
AHM07,SAC ISRO Satellite,Ahmedabad,22-07-2023,27.54,81.35,3.17,4.55,0.43,NaN
AHM07,SAC ISRO Satellite,Ahmedabad,23-07-2023,27.54,81.42,2.85,4.24,0.43,NaN
AHM07,SAC ISRO Satellite,Ahmedabad,24-07-2023,27.57,81.49,2.77,4.15,0.43,NaN
AHM07,SAC ISRO Satellite,Ahmedabad,25-07-2023,27.56,81.4,NaN,4.18,0.43,NaN
AHM07,SAC ISRO Satellite,Ahmedabad,26-07-2023,27.57,81.37,NaN,4.22,0.43,NaN
AHM07,SAC ISRO Satellite,Ahmedabad,27-07-2023,27.55,81.16,NaN,4.29,0.43,NaN
AHM07,SAC ISRO Satellite,Ahmedabad,28-07-2023,27.58,81.31,NaN,4.58,0.43,NaN
AHM07,SAC ISRO Satellite,Ahmedabad,29-07-2023,23.52,69.25,2.74,5.96,0.42,2
AHM07,SAC ISRO Satellite,Ahmedabad,30-07-2023,13.23,38.83,2.89,4.07,0.39,2
AHM07,SAC ISRO Satellite,Ahmedabad,31-07-2023,13.27,38.58,3.28,3.97,0.39,2
AHM07,SAC ISRO Satellite,Ahmedabad,01-08-2023,13.25,38.69,3.63,4.11,0.39,2
AHM07,SAC ISRO Satellite,Ahmedabad,02-08-2023,13.27,38.7,3.38,4.18,0.39,2
AHM07,SAC ISRO Satellite,Ahmedabad,03-08-2023,13.23,38.78,3.76,4.09,0.39,2
AHM07,SAC ISRO Satellite,Ahmedabad,04-08-2023,13.24,38.83,6.53,4.2,0.39,2
AHM07,SAC ISRO Satellite,Ahmedabad,05-08-2023,13.21,38.78,8.79,4.14,0.39,2
AHM07,SAC ISRO Satellite,Ahmedabad,06-08-2023,13.25,38.62,9.43,4.17,0.39,2
AHM07,SAC ISRO Satellite,Ahmedabad,07-08-2023,13.23,38.76,9.59,4.26,0.39,2
AHM07,SAC ISRO Satellite,Ahmedabad,08-08-2023,13.23,38.94,9.61,4.35,0.39,2
AHM07,SAC ISRO Satellite,Ahmedabad,09-08-2023,13.26,38.8,9.6,4.27,0.39,2
AHM07,SAC ISRO Satellite,Ahmedabad,10-08-2023,13.29,38.79,9.45,4.28,0.39,2
AHM07,SAC ISRO Satellite,Ahmedabad,11-08-2023,13.24,38.87,8.95,4.3,0.39,2
AHM07,SAC ISRO Satellite,Ahmedabad,12-08-2023,13.34,38.76,8.63,4.3,0.39,2
AHM07,SAC ISRO Satellite,Ahmedabad,13-08-2023,13.25,38.86,8.34,4.14,0.39,2
AHM07,SAC ISRO Satellite,Ahmedabad,14-08-2023,13.24,38.75,8.22,4.15,0.39,2
AHM07,SAC ISRO Satellite,Ahmedabad,15-08-2023,13.29,38.61,7.78,4.27,0.39,2
AHM07,SAC ISRO Satellite,Ahmedabad,16-08-2023,13.29,38.87,7.45,4.21,0.39,2
AHM07,SAC ISRO Satellite,Ahmedabad,17-08-2023,13.27,38.87,7.05,4.83,0.39,2
AHM07,SAC ISRO Satellite,Ahmedabad,18-08-2023,13.27,38.76,6.86,4.85,0.39,2
AHM07,SAC ISRO Satellite,Ahmedabad,19-08-2023,13.38,38.84,6.54,4.61,0.39,2
AHM07,SAC ISRO Satellite,Ahmedabad,20-08-2023,13.25,38.78,6.34,4.36,0.39,2
AHM07,SAC ISRO Satellite,Ahmedabad,21-08-2023,13.28,38.97,6.47,4.9,0.39,2
AHM07,SAC ISRO Satellite,Ahmedabad,22-08-2023,13.25,38.79,6.23,4.84,0.39,2
AHM07,SAC ISRO Satellite,Ahmedabad,23-08-2023,13.27,38.84,5.88,4.39,0.39,2
AHM07,SAC ISRO Satellite,Ahmedabad,24-08-2023,13.21,38.84,4.96,4.28,0.39,2
AHM07,SAC ISRO Satellite,Ahmedabad,25-08-2023,13.22,38.97,7.28,4.24,0.39,2
AHM07,SAC ISRO Satellite,Ahmedabad,26-08-2023,13.26,38.81,8.72,4.46,0.39,2
AHM07,SAC ISRO Satellite,Ahmedabad,27-08-2023,13.27,38.81,7.98,4.3,0.39,2
AHM07,SAC ISRO Satellite,Ahmedabad,28-08-2023,13.31,38.81,7.57,4.28,0.39,2
AHM07,SAC ISRO Satellite,Ahmedabad,29-08-2023,13.34,38.94,7.38,4.14,0.39,2
AHM07,SAC ISRO Satellite,Ahmedabad,30-08-2023,13.2,38.73,7.31,4.59,0.39,2
AHM07,SAC ISRO Satellite,Ahmedabad,31-08-2023,15.19,46.46,6.83,4.28,0.51,6.62
AHM07,SAC ISRO Satellite,Ahmedabad,01-09-2023,17.41,55.69,6.25,4.47,0.65,12.42
AHM07,SAC ISRO Satellite,Ahmedabad,02-09-2023,17.55,55.49,5.43,NaN,0.65,12.32
AHM07,SAC ISRO Satellite,Ahmedabad,03-09-2023,17.44,55.6,5.14,NaN,0.65,12.4
AHM07,SAC ISRO Satellite,Ahmedabad,04-09-2023,25.2,65.34,5.1,4.47,0.65,12.38
AHM07,SAC ISRO Satellite,Ahmedabad,05-09-2023,36.29,79.38,5.24,4.57,0.65,12.34
AHM07,SAC ISRO Satellite,Ahmedabad,06-09-2023,36.45,79.09,4.8,4.27,0.65,12.22
AHM07,SAC ISRO Satellite,Ahmedabad,07-09-2023,36.43,79.31,4.52,4.33,0.65,12.33
AHM07,SAC ISRO Satellite,Ahmedabad,08-09-2023,36.36,79.18,4.69,4.11,0.65,12.23
AHM07,SAC ISRO Satellite,Ahmedabad,09-09-2023,36.27,79.43,5.27,4.16,0.65,12.33
AHM07,SAC ISRO Satellite,Ahmedabad,10-09-2023,36.42,79.6,4.93,4.33,0.65,12.4
AHM07,SAC ISRO Satellite,Ahmedabad,11-09-2023,36.23,79.25,5.22,4.47,0.65,12.27
AHM07,SAC ISRO Satellite,Ahmedabad,12-09-2023,36.34,79.51,5,4.31,0.65,12.35
AHM07,SAC ISRO Satellite,Ahmedabad,13-09-2023,36.22,79.4,4.87,4.32,0.65,12.35
AHM07,SAC ISRO Satellite,Ahmedabad,14-09-2023,36.35,79.38,4.86,4.6,0.65,12.32
AHM07,SAC ISRO Satellite,Ahmedabad,15-09-2023,36.38,79.3,6.93,6.72,0.65,12.38
AHM07,SAC ISRO Satellite,Ahmedabad,16-09-2023,36.34,79.37,7.43,6.19,0.65,12.36
AHM07,SAC ISRO Satellite,Ahmedabad,17-09-2023,36.41,79.39,8.08,4.65,0.65,12.34
AHM07,SAC ISRO Satellite,Ahmedabad,18-09-2023,20.76,45.36,8.11,4.17,0.65,12.37
AHM07,SAC ISRO Satellite,Ahmedabad,19-09-2023,14.52,31.84,8.02,4.18,0.65,12.44
AHM07,SAC ISRO Satellite,Ahmedabad,20-09-2023,14.56,31.67,7.82,4.25,0.65,12.26
AHM07,SAC ISRO Satellite,Ahmedabad,21-09-2023,14.53,31.7,7.31,4.55,0.65,12.27
AHM07,SAC ISRO Satellite,Ahmedabad,22-09-2023,14.55,31.75,6.77,4.64,0.65,12.39
AHM07,SAC ISRO Satellite,Ahmedabad,23-09-2023,14.59,31.74,6.49,4.47,0.65,12.26
AHM07,SAC ISRO Satellite,Ahmedabad,24-09-2023,14.47,31.88,6.23,4.65,0.66,12.4
AHM07,SAC ISRO Satellite,Ahmedabad,25-09-2023,14.52,31.84,7.63,4.97,0.65,12.35
AHM07,SAC ISRO Satellite,Ahmedabad,26-09-2023,24.81,51.71,9.52,5.79,0.65,12.39
AHM07,SAC ISRO Satellite,Ahmedabad,27-09-2023,32.34,65.7,9.62,5.05,0.65,12.23
AHM07,SAC ISRO Satellite,Ahmedabad,28-09-2023,27.29,55.37,9.68,6.12,0.65,12.3
AHM07,SAC ISRO Satellite,Ahmedabad,29-09-2023,27.31,55.46,9.65,6.19,0.65,12.33
AHM07,SAC ISRO Satellite,Ahmedabad,30-09-2023,27.22,55.34,9.61,4.85,0.65,12.36
AHM07,SAC ISRO Satellite,Ahmedabad,01-10-2023,27.34,55.56,9.62,5.78,0.65,12.23
AHM07,SAC ISRO Satellite,Ahmedabad,02-10-2023,27.34,55.37,9.55,6.34,0.65,12.31
AHM07,SAC ISRO Satellite,Ahmedabad,03-10-2023,34.65,70.07,9.59,7.48,0.65,12.27
AHM07,SAC ISRO Satellite,Ahmedabad,04-10-2023,47.25,95.96,9.48,7.77,0.65,12.31
AHM07,SAC ISRO Satellite,Ahmedabad,05-10-2023,49.46,100.38,10.16,14.82,0.71,20.46
AHM07,SAC ISRO Satellite,Ahmedabad,06-10-2023,51.59,104.62,11.92,8.48,0.73,21.81
AHM07,SAC ISRO Satellite,Ahmedabad,07-10-2023,62.75,127.44,14.75,10.25,0.78,8
AHM07,SAC ISRO Satellite,Ahmedabad,08-10-2023,62.83,127.29,14.36,10.59,0.78,8
AHM07,SAC ISRO Satellite,Ahmedabad,09-10-2023,53.21,107.64,11.12,8.92,0.71,14.69
AHM07,SAC ISRO Satellite,Ahmedabad,10-10-2023,45.54,92.38,8.77,7.73,0.65,20
AHM07,SAC ISRO Satellite,Ahmedabad,11-10-2023,45.48,92.31,8.42,6.14,0.65,20
AHM07,SAC ISRO Satellite,Ahmedabad,12-10-2023,45.62,92.41,8.35,6.26,0.64,29.88
AHM07,SAC ISRO Satellite,Ahmedabad,13-10-2023,45.45,92.38,8.06,11.27,0.65,26
AHM07,SAC ISRO Satellite,Ahmedabad,14-10-2023,45.48,92.4,7.69,8.9,0.65,2
AHM07,SAC ISRO Satellite,Ahmedabad,15-10-2023,45.56,92.29,7.5,7.68,0.65,6.08
AHM07,SAC ISRO Satellite,Ahmedabad,16-10-2023,45.45,92.34,7.53,7.66,0.65,24.06
AHM07,SAC ISRO Satellite,Ahmedabad,17-10-2023,NaN,NaN,9.47,9.47,0.77,20.39
AHM07,SAC ISRO Satellite,Ahmedabad,18-10-2023,45.48,92.14,10.29,7.63,0.89,26.61
AHM07,SAC ISRO Satellite,Ahmedabad,19-10-2023,49.91,101.09,11.67,8.05,0.81,35.02
AHM07,SAC ISRO Satellite,Ahmedabad,20-10-2023,53.21,107.98,18.67,7.17,0.72,21.91
AHM07,SAC ISRO Satellite,Ahmedabad,21-10-2023,61.39,124.61,19.45,5.86,0.65,34
AHM07,SAC ISRO Satellite,Ahmedabad,22-10-2023,61.5,124.61,19.14,6.01,0.65,34.02
AHM07,SAC ISRO Satellite,Ahmedabad,23-10-2023,61.47,124.75,18.58,7.78,0.65,34.04
AHM07,SAC ISRO Satellite,Ahmedabad,24-10-2023,61.36,124.61,18.38,6.86,0.65,34
AHM07,SAC ISRO Satellite,Ahmedabad,25-10-2023,61.46,124.52,18.17,6.99,0.65,34.04
AHM07,SAC ISRO Satellite,Ahmedabad,26-10-2023,61.49,124.73,18.47,10.73,0.65,34.01
AHM07,SAC ISRO Satellite,Ahmedabad,27-10-2023,61.38,124.72,18.07,13.38,0.65,34.05
AHM07,SAC ISRO Satellite,Ahmedabad,28-10-2023,61.52,124.83,17.84,12.44,0.65,34
AHM07,SAC ISRO Satellite,Ahmedabad,29-10-2023,61.44,124.76,17.49,9.36,0.65,34.02
AHM07,SAC ISRO Satellite,Ahmedabad,30-10-2023,61.45,124.84,16.89,7.89,0.65,34.04
AHM07,SAC ISRO Satellite,Ahmedabad,31-10-2023,53.85,109.35,14.5,7.92,0.65,27.95
AHM07,SAC ISRO Satellite,Ahmedabad,01-11-2023,45.46,92.06,11.64,6.32,0.64,21.48
AHM07,SAC ISRO Satellite,Ahmedabad,02-11-2023,45.5,92.36,11.3,5.43,0.65,23.23
AHM07,SAC ISRO Satellite,Ahmedabad,03-11-2023,45.53,92.4,11.59,4.47,0.65,26.98
AHM07,SAC ISRO Satellite,Ahmedabad,04-11-2023,45.51,92.35,11.06,4.47,0.65,16.82
AHM07,SAC ISRO Satellite,Ahmedabad,05-11-2023,45.51,92.24,10.92,2.73,0.65,20.29
AHM07,SAC ISRO Satellite,Ahmedabad,06-11-2023,50.79,103.39,10.47,3.51,0.73,18.3
AHM07,SAC ISRO Satellite,Ahmedabad,07-11-2023,55.45,112.59,10.46,5,0.79,20.79
AHM07,SAC ISRO Satellite,Ahmedabad,08-11-2023,55.53,112.63,10.14,4.07,0.79,19.5
AHM07,SAC ISRO Satellite,Ahmedabad,09-11-2023,65.56,125.77,10.88,3.48,0.79,23.68
AHM07,SAC ISRO Satellite,Ahmedabad,10-11-2023,85.83,152.49,11.86,3.71,0.79,23.43
AHM07,SAC ISRO Satellite,Ahmedabad,11-11-2023,86.91,154.62,12.12,2.26,0.81,19.05
AHM07,SAC ISRO Satellite,Ahmedabad,12-11-2023,90.04,160.19,13.49,4.28,0.89,20.23
AHM07,SAC ISRO Satellite,Ahmedabad,13-11-2023,85.6,152.28,14.87,4.27,0.68,16.23
AHM07,SAC ISRO Satellite,Ahmedabad,14-11-2023,61.96,110.4,11.16,2.4,0.58,20.02
AHM07,SAC ISRO Satellite,Ahmedabad,15-11-2023,70.26,124.94,12.28,1.82,0.65,25.16
AHM07,SAC ISRO Satellite,Ahmedabad,16-11-2023,75.52,136.41,12.31,1.47,0.63,28.05
AHM07,SAC ISRO Satellite,Ahmedabad,17-11-2023,68.2,125.53,13.25,1.23,0.6,26.85
AHM07,SAC ISRO Satellite,Ahmedabad,18-11-2023,57.91,105.67,13.32,1.24,0.6,26.79
AHM07,SAC ISRO Satellite,Ahmedabad,19-11-2023,43.38,77.63,13.61,1.79,0.6,23.89
AHM07,SAC ISRO Satellite,Ahmedabad,20-11-2023,43.4,77.64,13.18,1.9,0.6,23.43
AHM07,SAC ISRO Satellite,Ahmedabad,21-11-2023,43.48,77.62,12.87,1.35,0.6,23.18
AHM07,SAC ISRO Satellite,Ahmedabad,22-11-2023,47.01,81.31,13.13,1.57,0.6,18.04
AHM07,SAC ISRO Satellite,Ahmedabad,23-11-2023,67.17,106.71,12.58,2.12,0.6,16.44
AHM07,SAC ISRO Satellite,Ahmedabad,24-11-2023,75.38,117.77,12.24,1.96,0.6,24.11
AHM07,SAC ISRO Satellite,Ahmedabad,25-11-2023,55.53,99.21,9.39,2.2,0.6,28.5
AHM07,SAC ISRO Satellite,Ahmedabad,26-11-2023,47.53,86.51,7.34,2.93,0.6,19.58
AHM07,SAC ISRO Satellite,Ahmedabad,27-11-2023,33.53,58.42,8.13,2.88,0.6,15.05
AHM07,SAC ISRO Satellite,Ahmedabad,28-11-2023,34.05,56.66,7.87,3.26,0.6,11.66
AHM07,SAC ISRO Satellite,Ahmedabad,29-11-2023,32.16,53.46,8,3.49,0.6,12.98
AHM07,SAC ISRO Satellite,Ahmedabad,30-11-2023,37.41,62.32,7.65,3.64,0.6,16.32
AHM07,SAC ISRO Satellite,Ahmedabad,01-12-2023,41.13,68.46,10.12,3.57,0.54,19.19
AHM07,SAC ISRO Satellite,Ahmedabad,02-12-2023,41.78,69.5,11.52,3.18,0.49,15.98
AHM07,SAC ISRO Satellite,Ahmedabad,03-12-2023,42.79,71.26,10.86,2.36,0.49,15.68
AHM07,SAC ISRO Satellite,Ahmedabad,04-12-2023,46.87,78,10.39,2.22,0.49,18.69
AHM07,SAC ISRO Satellite,Ahmedabad,05-12-2023,43.16,70.15,10.82,2.33,0.5,17.56
AHM07,SAC ISRO Satellite,Ahmedabad,06-12-2023,38.26,59.26,10.82,2.34,0.45,21.34
AHM07,SAC ISRO Satellite,Ahmedabad,07-12-2023,38.95,65.89,10.76,2.68,0.46,20.4
AHM07,SAC ISRO Satellite,Ahmedabad,08-12-2023,39.49,72.16,10.44,2.69,0.49,17.77
AHM07,SAC ISRO Satellite,Ahmedabad,09-12-2023,40.33,74.89,10.31,1.96,0.49,18.03
AHM07,SAC ISRO Satellite,Ahmedabad,10-12-2023,40.36,74.82,10.01,2.03,0.49,19.67
AHM07,SAC ISRO Satellite,Ahmedabad,11-12-2023,40.42,74.66,9.53,2.41,0.49,18.35
AHM07,SAC ISRO Satellite,Ahmedabad,12-12-2023,40.38,74.83,8.93,2.07,0.49,17.52
AHM07,SAC ISRO Satellite,Ahmedabad,13-12-2023,40.39,74.84,9.34,2.63,0.49,16.8
AHM07,SAC ISRO Satellite,Ahmedabad,14-12-2023,40.28,74.63,9.44,2.68,0.49,19.13
AHM07,SAC ISRO Satellite,Ahmedabad,15-12-2023,43.78,83.07,9.5,2.19,0.49,17.43
AHM07,SAC ISRO Satellite,Ahmedabad,16-12-2023,49.14,93.82,9.18,2.79,0.49,16.73
AHM07,SAC ISRO Satellite,Ahmedabad,17-12-2023,52.58,100.29,9.23,3.38,0.49,15.36
AHM07,SAC ISRO Satellite,Ahmedabad,18-12-2023,54.21,103.47,9.53,3.84,0.49,17.31
AHM07,SAC ISRO Satellite,Ahmedabad,19-12-2023,54.32,103.65,9.87,3.75,0.49,19.45
AHM07,SAC ISRO Satellite,Ahmedabad,20-12-2023,54.15,103.61,9.95,3.59,0.49,19.54
AHM07,SAC ISRO Satellite,Ahmedabad,21-12-2023,54.22,103.49,10.06,3.95,0.49,16.39
AHM07,SAC ISRO Satellite,Ahmedabad,22-12-2023,54.14,103.44,10.18,3.31,0.49,16.73
AHM07,SAC ISRO Satellite,Ahmedabad,23-12-2023,47.52,97.05,9.89,3.79,0.49,14.21
AHM07,SAC ISRO Satellite,Ahmedabad,24-12-2023,42.93,92.07,9.69,3.74,0.63,18.12
AHM07,SAC ISRO Satellite,Ahmedabad,25-12-2023,49.48,99.1,9.62,3.7,0.75,17.16
AHM07,SAC ISRO Satellite,Ahmedabad,26-12-2023,64.09,107.29,9.51,4,0.75,16.51
AHM07,SAC ISRO Satellite,Ahmedabad,27-12-2023,61.76,106.09,9.06,3.5,0.75,13.77
AHM07,SAC ISRO Satellite,Ahmedabad,28-12-2023,64.26,116.21,9.53,4.1,0.75,16.61
AHM07,SAC ISRO Satellite,Ahmedabad,29-12-2023,64.24,116.24,10.18,4.39,0.75,14.46
AHM07,SAC ISRO Satellite,Ahmedabad,30-12-2023,64.24,116.06,10.7,3.45,0.75,14.91
AHM07,SAC ISRO Satellite,Ahmedabad,31-12-2023,64.31,116.04,10.85,3.29,0.75,9.77
AHM07,SAC ISRO Satellite,Ahmedabad,01-01-2024,64.27,115.84,10.57,3.91,0.75,12.07
AHM07,SAC ISRO Satellite,Ahmedabad,02-01-2024,73.6,107.87,10.71,5.58,0.75,11.39
AHM07,SAC ISRO Satellite,Ahmedabad,03-01-2024,73.73,98.21,10.45,3.99,0.75,10.6
AHM07,SAC ISRO Satellite,Ahmedabad,04-01-2024,62.22,95.15,10.7,4.6,0.75,10
AHM07,SAC ISRO Satellite,Ahmedabad,05-01-2024,63.03,96.58,10.65,4.6,0.76,10.19
AHM07,SAC ISRO Satellite,Ahmedabad,06-01-2024,53.56,80.7,10.66,3.96,0.73,9.86
AHM07,SAC ISRO Satellite,Ahmedabad,07-01-2024,52.48,76.25,10.82,4.42,0.56,10.85
AHM07,SAC ISRO Satellite,Ahmedabad,08-01-2024,57.01,91.26,10.67,3.47,0.45,9.76
AHM07,SAC ISRO Satellite,Ahmedabad,09-01-2024,53.28,91.51,10.65,3.46,0.43,9.7
AHM07,SAC ISRO Satellite,Ahmedabad,10-01-2024,54.57,95.53,10.76,4.14,0.64,9.85
AHM07,SAC ISRO Satellite,Ahmedabad,11-01-2024,45.45,85.95,11.67,4.5,0.48,8.98
AHM07,SAC ISRO Satellite,Ahmedabad,12-01-2024,42.02,86.94,12.74,4.53,0.57,8.89
AHM07,SAC ISRO Satellite,Ahmedabad,13-01-2024,50.63,101.07,12.8,3.81,0.64,8.32
AHM07,SAC ISRO Satellite,Ahmedabad,14-01-2024,44.48,89.82,16.52,5.05,0.82,9.61
AHM07,SAC ISRO Satellite,Ahmedabad,15-01-2024,42.16,84.57,20.04,4.12,0.89,7.87
AHM07,SAC ISRO Satellite,Ahmedabad,16-01-2024,47.02,84.06,19.85,4.3,0.49,8.16
AHM07,SAC ISRO Satellite,Ahmedabad,17-01-2024,57.91,100.22,19.81,6.78,0.67,7.21
AHM07,SAC ISRO Satellite,Ahmedabad,18-01-2024,63.94,112.53,19.93,5.85,0.81,7.8
AHM07,SAC ISRO Satellite,Ahmedabad,19-01-2024,58.83,97.88,20.08,4.25,0.82,8.2
AHM07,SAC ISRO Satellite,Ahmedabad,20-01-2024,64.59,93.65,19.96,5.96,0.71,7.79
AHM07,SAC ISRO Satellite,Ahmedabad,21-01-2024,65.69,97.4,19.81,7.6,0.77,6.13
AHM07,SAC ISRO Satellite,Ahmedabad,22-01-2024,NaN,NaN,NaN,NaN,NaN,NaN
AHM07,SAC ISRO Satellite,Ahmedabad,23-01-2024,69.77,98.41,11.69,4.24,0.9,9.82
AHM07,SAC ISRO Satellite,Ahmedabad,24-01-2024,69.03,99.78,11.68,4.39,0.98,7.97
AHM07,SAC ISRO Satellite,Ahmedabad,25-01-2024,52.5,83.96,11.65,5.4,0.77,9.41
AHM07,SAC ISRO Satellite,Ahmedabad,26-01-2024,61.63,89.85,11.91,4.53,0.64,9.01
AHM07,SAC ISRO Satellite,Ahmedabad,27-01-2024,85.92,105.38,12.86,4.99,0.82,10.58
AHM07,SAC ISRO Satellite,Ahmedabad,28-01-2024,70.19,99.82,13.09,12.63,0.68,10.76
AHM07,SAC ISRO Satellite,Ahmedabad,29-01-2024,56.53,95.12,14.28,15.98,0.64,11.3
AHM07,SAC ISRO Satellite,Ahmedabad,30-01-2024,73.41,105.47,13.01,14.7,0.66,12.58
AHM07,SAC ISRO Satellite,Ahmedabad,31-01-2024,69.34,94.11,13.6,12.8,0.89,10.54
AHM07,SAC ISRO Satellite,Ahmedabad,01-02-2024,80.02,106.05,13.67,11.75,0.82,8.15
AHM07,SAC ISRO Satellite,Ahmedabad,02-02-2024,80.95,112.23,13.67,10.1,0.79,8.03
AHM07,SAC ISRO Satellite,Ahmedabad,03-02-2024,76.01,99.42,13.62,10.99,0.79,8.54
AHM07,SAC ISRO Satellite,Ahmedabad,04-02-2024,75.16,98.73,13.67,12.98,0.74,14.93
AHM07,SAC ISRO Satellite,Ahmedabad,05-02-2024,77.84,102.48,13.66,11.27,0.83,7.38
AHM07,SAC ISRO Satellite,Ahmedabad,06-02-2024,85.04,114.43,13.6,10.06,1,8.51
AHM07,SAC ISRO Satellite,Ahmedabad,07-02-2024,70.21,99.35,13.69,10.78,0.83,8.75
AHM07,SAC ISRO Satellite,Ahmedabad,08-02-2024,83.3,113.09,13.67,10.28,0.66,9.64
AHM07,SAC ISRO Satellite,Ahmedabad,09-02-2024,88.19,109.4,13.67,11.25,0.6,10.51
AHM07,SAC ISRO Satellite,Ahmedabad,10-02-2024,83.9,111.99,13.62,11.56,0.49,11.95
AHM07,SAC ISRO Satellite,Ahmedabad,11-02-2024,75.11,106.97,13.64,11.64,0.65,11.55
AHM07,SAC ISRO Satellite,Ahmedabad,12-02-2024,76.42,102.15,13.64,15.61,0.81,13.22
AHM07,SAC ISRO Satellite,Ahmedabad,13-02-2024,65.87,87.31,13.64,11.37,0.83,13.48
AHM07,SAC ISRO Satellite,Ahmedabad,14-02-2024,65.91,87.24,13.72,12.98,0.97,11.72
AHM07,SAC ISRO Satellite,Ahmedabad,15-02-2024,81.84,116.34,13.66,10.42,0.97,12.96
AHM07,SAC ISRO Satellite,Ahmedabad,16-02-2024,80.22,116.81,13.65,13.11,0.97,10.09
AHM07,SAC ISRO Satellite,Ahmedabad,17-02-2024,68.31,99.26,13.64,10.58,0.97,6.35
AHM07,SAC ISRO Satellite,Ahmedabad,18-02-2024,68.4,99.23,13.66,11.89,0.97,6.35
AHM07,SAC ISRO Satellite,Ahmedabad,19-02-2024,70.92,102.34,13.65,12.46,0.97,7.76
AHM07,SAC ISRO Satellite,Ahmedabad,20-02-2024,76.47,108.11,13.56,14.71,0.91,9.55
AHM07,SAC ISRO Satellite,Ahmedabad,21-02-2024,70.12,99.68,13.63,11.27,0.76,10.12
AHM07,SAC ISRO Satellite,Ahmedabad,22-02-2024,82.13,126.64,13.65,11.89,0.76,9.81
AHM07,SAC ISRO Satellite,Ahmedabad,23-02-2024,73,112.93,13.66,10.94,0.76,11.1
AHM07,SAC ISRO Satellite,Ahmedabad,24-02-2024,64.88,99.39,13.65,13.15,0.69,16.11
AHM07,SAC ISRO Satellite,Ahmedabad,25-02-2024,59.93,91.03,13.66,11.21,0.67,14.76
AHM07,SAC ISRO Satellite,Ahmedabad,26-02-2024,57.55,87.53,13.65,12.69,0.74,15.36
AHM07,SAC ISRO Satellite,Ahmedabad,27-02-2024,52.19,79.19,13.67,12.6,0.91,19.5
AHM07,SAC ISRO Satellite,Ahmedabad,28-02-2024,52.05,78.98,13.65,11.39,0.91,18.07
AHM07,SAC ISRO Satellite,Ahmedabad,29-02-2024,52.32,79.13,13.65,11.39,0.91,17.87
AHM07,SAC ISRO Satellite,Ahmedabad,01-03-2024,57.75,90.14,13.66,17.18,0.76,18.62
AHM07,SAC ISRO Satellite,Ahmedabad,02-03-2024,63.79,97.3,13.64,13.77,0.59,18.6
AHM07,SAC ISRO Satellite,Ahmedabad,03-03-2024,61.78,91.76,13.64,10.43,0.65,25.16
AHM07,SAC ISRO Satellite,Ahmedabad,04-03-2024,54.61,84.55,13.62,12.24,0.77,19.73
AHM07,SAC ISRO Satellite,Ahmedabad,05-03-2024,58.01,89.15,13.63,10.53,0.8,19.61
AHM07,SAC ISRO Satellite,Ahmedabad,06-03-2024,70.6,100.02,13.61,4.87,0.67,19.35
AHM07,SAC ISRO Satellite,Ahmedabad,07-03-2024,77.54,115.02,13.61,6.14,0.62,15.69
AHM07,SAC ISRO Satellite,Ahmedabad,08-03-2024,81.62,121.43,13.64,3.33,0.62,19.78
AHM07,SAC ISRO Satellite,Ahmedabad,09-03-2024,73.93,100.16,13.6,3.89,0.71,18.55
AHM07,SAC ISRO Satellite,Ahmedabad,10-03-2024,78.22,106.51,13.63,3.46,0.64,18.85
AHM07,SAC ISRO Satellite,Ahmedabad,11-03-2024,79.73,99.19,13.6,3.55,0.41,17.57
AHM07,SAC ISRO Satellite,Ahmedabad,12-03-2024,73.36,103.97,13.64,2.79,0.48,17.22
AHM07,SAC ISRO Satellite,Ahmedabad,13-03-2024,79.05,113.23,13.6,2.93,0.68,17.87
AHM07,SAC ISRO Satellite,Ahmedabad,14-03-2024,80.1,114.72,13.67,3.38,0.76,17.16
AHM07,SAC ISRO Satellite,Ahmedabad,15-03-2024,80.26,115.1,13.58,3.01,0.76,16.55
AHM07,SAC ISRO Satellite,Ahmedabad,16-03-2024,70.57,100.56,13.63,3.19,0.65,15.84
AHM07,SAC ISRO Satellite,Ahmedabad,17-03-2024,63.46,89.84,13.61,6.54,0.56,17.51
AHM07,SAC ISRO Satellite,Ahmedabad,18-03-2024,69.65,99.39,13.66,3.88,0.68,16.31
AHM07,SAC ISRO Satellite,Ahmedabad,19-03-2024,74.86,105.74,13.57,5.18,0.75,15.26
AHM07,SAC ISRO Satellite,Ahmedabad,20-03-2024,70.13,98.95,13.63,3.75,0.48,15.99
AHM07,SAC ISRO Satellite,Ahmedabad,21-03-2024,76.43,111.8,13.67,6.58,0.51,16.64
AHM07,SAC ISRO Satellite,Ahmedabad,22-03-2024,84.88,129.72,13.66,5.28,0.66,15.43
AHM07,SAC ISRO Satellite,Ahmedabad,23-03-2024,73.68,112.33,13.61,12.96,0.6,16
AHM07,SAC ISRO Satellite,Ahmedabad,24-03-2024,72.24,110.42,13.61,10.85,0.55,16.25
AHM07,SAC ISRO Satellite,Ahmedabad,25-03-2024,72.08,110.16,13.66,7.4,0.55,17.14
AHM07,SAC ISRO Satellite,Ahmedabad,26-03-2024,72.06,110.25,13.6,4.28,0.55,16.27
AHM07,SAC ISRO Satellite,Ahmedabad,27-03-2024,72.09,110.28,13.59,7.5,0.55,16.81
AHM07,SAC ISRO Satellite,Ahmedabad,28-03-2024,72.14,110.26,13.64,4.08,0.55,15.46
AHM07,SAC ISRO Satellite,Ahmedabad,29-03-2024,71.2,108.44,13.61,3.27,0.5,17.15
AHM07,SAC ISRO Satellite,Ahmedabad,30-03-2024,83.44,116.79,13.63,5.47,0.48,15.73
AHM07,SAC ISRO Satellite,Ahmedabad,31-03-2024,86.09,118.99,NaN,4.29,0.59,15.52
AHM07,SAC ISRO Satellite,Ahmedabad,01-04-2024,72.44,109.16,13.62,6.26,0.68,16.12
AHM07,SAC ISRO Satellite,Ahmedabad,02-04-2024,69.99,102.4,13.6,3.91,0.56,15.4
AHM07,SAC ISRO Satellite,Ahmedabad,03-04-2024,75.15,109.51,13.7,7.14,0.66,16.36
AHM07,SAC ISRO Satellite,Ahmedabad,04-04-2024,76.97,113.04,13.63,7.23,0.74,16.1
AHM07,SAC ISRO Satellite,Ahmedabad,05-04-2024,66.91,101.93,13.63,5.24,0.63,16.11
AHM07,SAC ISRO Satellite,Ahmedabad,06-04-2024,59.69,97.41,13.59,6.83,0.59,16.6
AHM07,SAC ISRO Satellite,Ahmedabad,07-04-2024,64.67,104.35,13.62,6.84,0.61,15.4
AHM07,SAC ISRO Satellite,Ahmedabad,08-04-2024,74.21,100.51,13.57,7.9,0.79,18.76
AHM07,SAC ISRO Satellite,Ahmedabad,09-04-2024,65.47,94.42,13.6,4.92,0.67,16.87
AHM07,SAC ISRO Satellite,Ahmedabad,10-04-2024,54.34,87.6,13.63,5.6,0.64,17.35
AHM07,SAC ISRO Satellite,Ahmedabad,11-04-2024,77.56,112.6,13.67,6.85,0.68,21.05
AHM07,SAC ISRO Satellite,Ahmedabad,12-04-2024,71.14,106.01,13.63,7.05,0.73,20.01
AHM07,SAC ISRO Satellite,Ahmedabad,13-04-2024,67.26,100.12,13.63,8,0.76,19.87
AHM07,SAC ISRO Satellite,Ahmedabad,14-04-2024,67.3,99.87,13.61,6.6,0.76,18.11
AHM07,SAC ISRO Satellite,Ahmedabad,15-04-2024,65.4,98.7,13.65,4.44,0.76,19.1
AHM07,SAC ISRO Satellite,Ahmedabad,16-04-2024,52.41,88.79,13.63,5.74,0.65,17.21
AHM07,SAC ISRO Satellite,Ahmedabad,17-04-2024,68.13,100.09,13.55,4.7,0.68,17.08
AHM07,SAC ISRO Satellite,Ahmedabad,18-04-2024,70.41,107.02,13.57,4.05,0.57,16.91
AHM07,SAC ISRO Satellite,Ahmedabad,19-04-2024,65.91,99.82,13.6,5.81,0.62,17.67
AHM07,SAC ISRO Satellite,Ahmedabad,20-04-2024,64.63,97.1,13.62,6,0.68,18.55
AHM07,SAC ISRO Satellite,Ahmedabad,21-04-2024,67.22,98.01,13.64,7.65,0.69,18.6
AHM07,SAC ISRO Satellite,Ahmedabad,22-04-2024,65.23,92.42,13.63,4.21,0.53,17.86
AHM07,SAC ISRO Satellite,Ahmedabad,23-04-2024,65.26,92.34,13.58,3.92,0.53,17.12
AHM07,SAC ISRO Satellite,Ahmedabad,24-04-2024,65.16,92.34,13.62,4.4,0.53,18.34
AHM07,SAC ISRO Satellite,Ahmedabad,25-04-2024,65.66,94.12,13.54,6.74,0.54,21.02
AHM07,SAC ISRO Satellite,Ahmedabad,26-04-2024,58.02,95.59,13.66,7.44,0.63,19.09
AHM07,SAC ISRO Satellite,Ahmedabad,27-04-2024,60.05,105.49,16.71,5.58,0.55,25.09
AHM07,SAC ISRO Satellite,Ahmedabad,28-04-2024,62.82,101.38,21.28,4.23,0.64,33.26
AHM07,SAC ISRO Satellite,Ahmedabad,29-04-2024,60.15,100.01,23.33,4.34,0.76,24.88
AHM07,SAC ISRO Satellite,Ahmedabad,30-04-2024,50.28,89.94,25.78,2.67,0.81,16.84
AHM07,SAC ISRO Satellite,Ahmedabad,01-05-2024,50.23,90.02,25.84,4.62,0.81,13.77
AHM07,SAC ISRO Satellite,Ahmedabad,02-05-2024,50.26,90.03,25.85,6.21,0.94,12.62
AHM07,SAC ISRO Satellite,Ahmedabad,03-05-2024,50.28,90.04,25.91,4.18,0.99,10.31
AHM07,SAC ISRO Satellite,Ahmedabad,04-05-2024,50.18,89.96,25.81,5.53,0.99,8.75
AHM07,SAC ISRO Satellite,Ahmedabad,05-05-2024,50.28,90.03,25.79,4.32,0.99,9.83
AHM07,SAC ISRO Satellite,Ahmedabad,06-05-2024,50.31,89.99,25.76,5.76,0.99,10.44
AHM07,SAC ISRO Satellite,Ahmedabad,07-05-2024,NaN,NaN,25.66,6.72,0.99,13.53
AHM07,SAC ISRO Satellite,Ahmedabad,08-05-2024,NaN,NaN,33.03,8.1,1.1,16.15
AHM07,SAC ISRO Satellite,Ahmedabad,09-05-2024,NaN,NaN,48.08,23.01,1.3,26.5
AHM07,SAC ISRO Satellite,Ahmedabad,10-05-2024,NaN,NaN,47.62,22.56,1.29,37.32
AHM07,SAC ISRO Satellite,Ahmedabad,11-05-2024,NaN,NaN,47.9,12.29,1.31,35.91
AHM07,SAC ISRO Satellite,Ahmedabad,12-05-2024,NaN,NaN,47.2,14.36,1.31,36.57
AHM07,SAC ISRO Satellite,Ahmedabad,13-05-2024,NaN,NaN,46.57,14.96,1.32,39.27
AHM07,SAC ISRO Satellite,Ahmedabad,14-05-2024,NaN,NaN,46.58,17.11,1.31,47.9
AHM07,SAC ISRO Satellite,Ahmedabad,15-05-2024,NaN,NaN,46.06,13.17,0.91,37.91
AHM07,SAC ISRO Satellite,Ahmedabad,16-05-2024,NaN,NaN,46.08,9.55,0.62,36.59
AHM07,SAC ISRO Satellite,Ahmedabad,17-05-2024,NaN,NaN,45.24,9.79,0.62,32.79
AHM07,SAC ISRO Satellite,Ahmedabad,18-05-2024,NaN,NaN,44.52,14.79,0.62,32.16
AHM07,SAC ISRO Satellite,Ahmedabad,19-05-2024,NaN,NaN,43.69,6.01,0.62,28.51
AHM07,SAC ISRO Satellite,Ahmedabad,20-05-2024,NaN,NaN,43.23,6.33,0.62,27.84
AHM07,SAC ISRO Satellite,Ahmedabad,21-05-2024,NaN,NaN,42.92,7.99,0.62,24.73
AHM07,SAC ISRO Satellite,Ahmedabad,22-05-2024,NaN,NaN,41.84,16.69,0.62,19.99
AHM07,SAC ISRO Satellite,Ahmedabad,23-05-2024,NaN,NaN,NaN,NaN,NaN,NaN
AHM07,SAC ISRO Satellite,Ahmedabad,24-05-2024,NaN,NaN,NaN,NaN,NaN,NaN
AHM07,SAC ISRO Satellite,Ahmedabad,25-05-2024,NaN,NaN,NaN,NaN,NaN,NaN
AHM07,SAC ISRO Satellite,Ahmedabad,26-05-2024,NaN,NaN,NaN,NaN,NaN,NaN
AHM07,SAC ISRO Satellite,Ahmedabad,27-05-2024,NaN,NaN,NaN,NaN,NaN,NaN
AHM07,SAC ISRO Satellite,Ahmedabad,28-05-2024,NaN,NaN,NaN,NaN,NaN,NaN
AHM07,SAC ISRO Satellite,Ahmedabad,29-05-2024,NaN,NaN,NaN,NaN,NaN,NaN
AHM07,SAC ISRO Satellite,Ahmedabad,30-05-2024,NaN,NaN,NaN,NaN,NaN,NaN
AHM07,SAC ISRO Satellite,Ahmedabad,31-05-2024,NaN,NaN,NaN,NaN,NaN,NaN
AHM07,SAC ISRO Satellite,Ahmedabad,01-06-2024,NaN,NaN,NaN,NaN,NaN,NaN
AHM07,SAC ISRO Satellite,Ahmedabad,02-06-2024,NaN,NaN,NaN,NaN,NaN,NaN
AHM07,SAC ISRO Satellite,Ahmedabad,03-06-2024,NaN,NaN,NaN,NaN,NaN,NaN
AHM07,SAC ISRO Satellite,Ahmedabad,04-06-2024,NaN,NaN,NaN,NaN,NaN,NaN
AHM07,SAC ISRO Satellite,Ahmedabad,05-06-2024,NaN,NaN,NaN,NaN,NaN,NaN
AHM07,SAC ISRO Satellite,Ahmedabad,06-06-2024,NaN,NaN,NaN,NaN,NaN,NaN
AHM07,SAC ISRO Satellite,Ahmedabad,07-06-2024,NaN,NaN,NaN,NaN,NaN,NaN
AHM07,SAC ISRO Satellite,Ahmedabad,08-06-2024,NaN,NaN,NaN,NaN,NaN,NaN
AHM07,SAC ISRO Satellite,Ahmedabad,09-06-2024,NaN,NaN,NaN,NaN,NaN,NaN
AHM07,SAC ISRO Satellite,Ahmedabad,10-06-2024,NaN,NaN,NaN,NaN,NaN,NaN
AHM07,SAC ISRO Satellite,Ahmedabad,11-06-2024,NaN,NaN,NaN,NaN,NaN,NaN
AHM07,SAC ISRO Satellite,Ahmedabad,12-06-2024,NaN,NaN,NaN,NaN,NaN,NaN
AHM07,SAC ISRO Satellite,Ahmedabad,13-06-2024,NaN,NaN,NaN,NaN,NaN,NaN
AHM07,SAC ISRO Satellite,Ahmedabad,14-06-2024,NaN,NaN,NaN,NaN,NaN,NaN
AHM07,SAC ISRO Satellite,Ahmedabad,15-06-2024,NaN,NaN,NaN,NaN,NaN,NaN
AHM07,SAC ISRO Satellite,Ahmedabad,16-06-2024,NaN,NaN,NaN,NaN,NaN,NaN
AHM07,SAC ISRO Satellite,Ahmedabad,17-06-2024,NaN,NaN,NaN,NaN,NaN,NaN
AHM07,SAC ISRO Satellite,Ahmedabad,18-06-2024,NaN,NaN,NaN,NaN,NaN,NaN
AHM07,SAC ISRO Satellite,Ahmedabad,19-06-2024,NaN,NaN,NaN,NaN,NaN,NaN
AHM07,SAC ISRO Satellite,Ahmedabad,20-06-2024,NaN,NaN,NaN,NaN,NaN,NaN
AHM07,SAC ISRO Satellite,Ahmedabad,21-06-2024,NaN,NaN,NaN,NaN,NaN,NaN
AHM07,SAC ISRO Satellite,Ahmedabad,22-06-2024,NaN,NaN,NaN,NaN,NaN,NaN
AHM07,SAC ISRO Satellite,Ahmedabad,23-06-2024,NaN,NaN,NaN,NaN,NaN,NaN
AHM07,SAC ISRO Satellite,Ahmedabad,24-06-2024,NaN,NaN,NaN,NaN,NaN,NaN
AHM07,SAC ISRO Satellite,Ahmedabad,25-06-2024,NaN,NaN,NaN,NaN,NaN,NaN
AHM07,SAC ISRO Satellite,Ahmedabad,26-06-2024,NaN,NaN,NaN,NaN,NaN,NaN
AHM07,SAC ISRO Satellite,Ahmedabad,27-06-2024,NaN,NaN,NaN,NaN,NaN,NaN
AHM07,SAC ISRO Satellite,Ahmedabad,28-06-2024,NaN,NaN,NaN,NaN,NaN,NaN
AHM07,SAC ISRO Satellite,Ahmedabad,29-06-2024,NaN,NaN,NaN,NaN,NaN,NaN
AHM07,SAC ISRO Satellite,Ahmedabad,30-06-2024,NaN,NaN,NaN,NaN,NaN,NaN
AHM07,SAC ISRO Satellite,Ahmedabad,01-07-2024,NaN,NaN,NaN,NaN,NaN,NaN
AHM07,SAC ISRO Satellite,Ahmedabad,02-07-2024,NaN,NaN,NaN,NaN,NaN,NaN
AHM07,SAC ISRO Satellite,Ahmedabad,03-07-2024,NaN,NaN,NaN,NaN,NaN,NaN
AHM07,SAC ISRO Satellite,Ahmedabad,04-07-2024,NaN,NaN,NaN,NaN,NaN,NaN
AHM07,SAC ISRO Satellite,Ahmedabad,05-07-2024,NaN,NaN,NaN,NaN,NaN,NaN
AHM07,SAC ISRO Satellite,Ahmedabad,06-07-2024,NaN,NaN,NaN,NaN,NaN,NaN
AHM07,SAC ISRO Satellite,Ahmedabad,07-07-2024,NaN,NaN,NaN,NaN,NaN,NaN
AHM07,SAC ISRO Satellite,Ahmedabad,08-07-2024,NaN,NaN,NaN,NaN,NaN,NaN
AHM07,SAC ISRO Satellite,Ahmedabad,09-07-2024,NaN,NaN,NaN,NaN,NaN,NaN
AHM07,SAC ISRO Satellite,Ahmedabad,10-07-2024,NaN,NaN,NaN,NaN,NaN,NaN
AHM07,SAC ISRO Satellite,Ahmedabad,11-07-2024,NaN,NaN,NaN,NaN,NaN,NaN
AHM07,SAC ISRO Satellite,Ahmedabad,12-07-2024,NaN,NaN,NaN,NaN,NaN,NaN
AHM07,SAC ISRO Satellite,Ahmedabad,13-07-2024,NaN,NaN,NaN,NaN,NaN,NaN
AHM07,SAC ISRO Satellite,Ahmedabad,14-07-2024,NaN,NaN,NaN,NaN,NaN,NaN
AHM07,SAC ISRO Satellite,Ahmedabad,15-07-2024,NaN,NaN,NaN,NaN,NaN,NaN
AHM07,SAC ISRO Satellite,Ahmedabad,16-07-2024,NaN,NaN,NaN,NaN,NaN,NaN
AHM07,SAC ISRO Satellite,Ahmedabad,17-07-2024,NaN,NaN,NaN,NaN,NaN,NaN
AHM07,SAC ISRO Satellite,Ahmedabad,18-07-2024,NaN,NaN,NaN,NaN,NaN,NaN
AHM07,SAC ISRO Satellite,Ahmedabad,19-07-2024,NaN,NaN,NaN,NaN,NaN,NaN
AHM07,SAC ISRO Satellite,Ahmedabad,20-07-2024,NaN,NaN,NaN,NaN,NaN,NaN
AHM07,SAC ISRO Satellite,Ahmedabad,21-07-2024,NaN,NaN,NaN,NaN,NaN,NaN
AHM07,SAC ISRO Satellite,Ahmedabad,22-07-2024,NaN,NaN,NaN,NaN,NaN,NaN
AHM07,SAC ISRO Satellite,Ahmedabad,23-07-2024,NaN,NaN,NaN,NaN,NaN,NaN
AHM07,SAC ISRO Satellite,Ahmedabad,24-07-2024,NaN,NaN,NaN,NaN,NaN,NaN
AHM07,SAC ISRO Satellite,Ahmedabad,25-07-2024,NaN,NaN,NaN,NaN,NaN,NaN
AHM07,SAC ISRO Satellite,Ahmedabad,26-07-2024,NaN,NaN,NaN,NaN,NaN,NaN
AHM07,SAC ISRO Satellite,Ahmedabad,27-07-2024,NaN,NaN,NaN,NaN,NaN,NaN
AHM07,SAC ISRO Satellite,Ahmedabad,28-07-2024,NaN,NaN,NaN,NaN,NaN,NaN
AHM07,SAC ISRO Satellite,Ahmedabad,29-07-2024,NaN,NaN,NaN,NaN,NaN,NaN
AHM07,SAC ISRO Satellite,Ahmedabad,30-07-2024,NaN,NaN,NaN,NaN,NaN,NaN
AHM07,SAC ISRO Satellite,Ahmedabad,31-07-2024,NaN,NaN,NaN,NaN,NaN,NaN
AHM07,SAC ISRO Satellite,Ahmedabad,01-08-2024,NaN,NaN,NaN,NaN,NaN,NaN
AHM07,SAC ISRO Satellite,Ahmedabad,02-08-2024,NaN,NaN,NaN,NaN,NaN,NaN
AHM07,SAC ISRO Satellite,Ahmedabad,03-08-2024,NaN,NaN,NaN,NaN,NaN,NaN
AHM07,SAC ISRO Satellite,Ahmedabad,04-08-2024,NaN,NaN,NaN,NaN,NaN,NaN
AHM07,SAC ISRO Satellite,Ahmedabad,05-08-2024,NaN,NaN,NaN,NaN,NaN,NaN
AHM07,SAC ISRO Satellite,Ahmedabad,06-08-2024,12.51,27.05,NaN,NaN,NaN,NaN
AHM07,SAC ISRO Satellite,Ahmedabad,07-08-2024,30.78,65.09,NaN,NaN,NaN,NaN
AHM07,SAC ISRO Satellite,Ahmedabad,08-08-2024,20.8,44.08,NaN,NaN,NaN,NaN
AHM07,SAC ISRO Satellite,Ahmedabad,09-08-2024,22.22,59.54,NaN,NaN,NaN,NaN
AHM07,SAC ISRO Satellite,Ahmedabad,10-08-2024,14.62,30.57,NaN,NaN,NaN,NaN
AHM07,SAC ISRO Satellite,Ahmedabad,11-08-2024,13.34,28.76,NaN,NaN,NaN,NaN
AHM07,SAC ISRO Satellite,Ahmedabad,12-08-2024,13.25,29.73,NaN,NaN,NaN,NaN
AHM07,SAC ISRO Satellite,Ahmedabad,13-08-2024,14.47,31.47,NaN,NaN,NaN,NaN
AHM07,SAC ISRO Satellite,Ahmedabad,14-08-2024,17.65,37.33,36.28,1.02,0.45,NaN
AHM07,SAC ISRO Satellite,Ahmedabad,15-08-2024,16.51,33.76,26.3,0.56,0.45,NaN
AHM07,SAC ISRO Satellite,Ahmedabad,16-08-2024,16.74,35.93,15.89,1.68,0.51,15.85
AHM07,SAC ISRO Satellite,Ahmedabad,17-08-2024,16.84,36.59,12.54,3.21,0.56,12.72
AHM07,SAC ISRO Satellite,Ahmedabad,18-08-2024,19.3,39.85,10.3,3.5,0.5,16.88
AHM07,SAC ISRO Satellite,Ahmedabad,19-08-2024,20.8,42.54,8.41,3.25,0.47,20.87
AHM07,SAC ISRO Satellite,Ahmedabad,20-08-2024,23.56,48.36,7.49,3.35,0.44,21.82
AHM07,SAC ISRO Satellite,Ahmedabad,21-08-2024,32.09,65.4,8.03,3.55,0.65,16.77
AHM07,SAC ISRO Satellite,Ahmedabad,22-08-2024,28.89,61.33,7.69,1.2,0.49,13.89
AHM07,SAC ISRO Satellite,Ahmedabad,23-08-2024,30.89,62.56,7.18,1.41,0.46,6.21
AHM07,SAC ISRO Satellite,Ahmedabad,24-08-2024,13.32,26.87,5.38,1.47,0.21,8.24
AHM07,SAC ISRO Satellite,Ahmedabad,25-08-2024,10.64,22.25,2.68,1.72,0.07,18.3
AHM07,SAC ISRO Satellite,Ahmedabad,26-08-2024,3.38,7.16,4.37,1.8,0.02,28.22
AHM07,SAC ISRO Satellite,Ahmedabad,27-08-2024,1.98,4.46,3.56,1.77,0.43,29.08
AHM07,SAC ISRO Satellite,Ahmedabad,28-08-2024,7.19,15.86,3.11,1.82,0.51,24.55
AHM07,SAC ISRO Satellite,Ahmedabad,29-08-2024,9.52,20.75,3.52,1.91,0.54,19.75
AHM07,SAC ISRO Satellite,Ahmedabad,30-08-2024,17.38,36.64,3.5,2.09,0.6,15.46
AHM07,SAC ISRO Satellite,Ahmedabad,31-08-2024,22.79,46.41,3.39,1.99,0.67,15.75
AHM07,SAC ISRO Satellite,Ahmedabad,01-09-2024,25.16,51.57,3.72,1.88,0.72,19.26
AHM07,SAC ISRO Satellite,Ahmedabad,02-09-2024,15.52,32.35,3.18,1.77,0.76,12.11
AHM07,SAC ISRO Satellite,Ahmedabad,03-09-2024,7.51,16.13,3.54,1.9,0.76,21.34
AHM07,SAC ISRO Satellite,Ahmedabad,04-09-2024,15.39,35.09,5.76,3.19,0.58,14.12
AHM07,SAC ISRO Satellite,Ahmedabad,05-09-2024,20.8,42.02,10.15,5.41,0.3,11.96
AHM07,SAC ISRO Satellite,Ahmedabad,06-09-2024,23.33,47.48,9.86,5.35,0.31,11.51
AHM07,SAC ISRO Satellite,Ahmedabad,07-09-2024,27.61,56.91,9.39,5.53,0.29,18.46
AHM07,SAC ISRO Satellite,Ahmedabad,08-09-2024,28.78,58.61,10.21,5.51,0.33,19.57
AHM07,SAC ISRO Satellite,Ahmedabad,09-09-2024,27.7,57.13,9.92,9.36,0.42,19.73
AHM07,SAC ISRO Satellite,Ahmedabad,10-09-2024,25.11,51.36,35.14,3.35,0.56,23.18
AHM07,SAC ISRO Satellite,Ahmedabad,11-09-2024,33.46,67.83,34.64,3.48,0.53,18.91
AHM07,SAC ISRO Satellite,Ahmedabad,12-09-2024,41.62,83.67,NaN,2.46,0.32,24.14
AHM07,SAC ISRO Satellite,Ahmedabad,13-09-2024,31.15,63.06,8.69,1.75,0.41,26.12
AHM07,SAC ISRO Satellite,Ahmedabad,14-09-2024,24.25,51.68,NaN,2.68,0.35,26.91
AHM07,SAC ISRO Satellite,Ahmedabad,15-09-2024,31.39,63.03,16.02,2.94,0.35,30.17
AHM07,SAC ISRO Satellite,Ahmedabad,16-09-2024,33.62,67.23,18.11,3.2,0.36,29.28
AHM07,SAC ISRO Satellite,Ahmedabad,17-09-2024,29.15,60.27,18.89,2.92,0.31,32.14
AHM07,SAC ISRO Satellite,Ahmedabad,18-09-2024,31.58,67.28,18.24,2.81,0.41,30.84
AHM07,SAC ISRO Satellite,Ahmedabad,19-09-2024,30.7,63.58,18.76,2.96,0.38,31.4
AHM07,SAC ISRO Satellite,Ahmedabad,20-09-2024,32.61,66.65,18.83,3.15,0.35,35.24
AHM07,SAC ISRO Satellite,Ahmedabad,21-09-2024,32.89,65.83,18.9,3.04,0.46,30.62
AHM07,SAC ISRO Satellite,Ahmedabad,22-09-2024,32.9,67.03,19.48,2.93,0.69,33.15
AHM07,SAC ISRO Satellite,Ahmedabad,23-09-2024,26.75,56.47,19.42,3,0.69,30.71
AHM07,SAC ISRO Satellite,Ahmedabad,24-09-2024,23.7,52.96,19.66,2.92,0.6,28.36
AHM07,SAC ISRO Satellite,Ahmedabad,25-09-2024,27.37,58.34,19,2.98,0.33,38.65
AHM07,SAC ISRO Satellite,Ahmedabad,26-09-2024,16.54,37.44,18.56,3.3,0.6,28.74
AHM07,SAC ISRO Satellite,Ahmedabad,27-09-2024,13.9,31.36,18.86,2.98,0.35,23.98
AHM07,SAC ISRO Satellite,Ahmedabad,28-09-2024,11.01,26.79,18.68,2.98,0.4,28.69
AHM07,SAC ISRO Satellite,Ahmedabad,29-09-2024,12.73,31.68,19.29,3.01,0.25,25.29
AHM07,SAC ISRO Satellite,Ahmedabad,30-09-2024,22.04,48.48,19.12,3.22,0.27,24.73
AHM07,SAC ISRO Satellite,Ahmedabad,01-10-2024,34.94,75.95,21.56,3.12,0.46,22.83
AHM07,SAC ISRO Satellite,Ahmedabad,02-10-2024,35.37,74.22,24.92,3.05,0.6,23.45
AHM07,SAC ISRO Satellite,Ahmedabad,03-10-2024,31.2,65.59,24.96,2.87,0.6,31.7
AHM07,SAC ISRO Satellite,Ahmedabad,04-10-2024,22.52,50.88,25.48,3.16,0.73,34.98
AHM07,SAC ISRO Satellite,Ahmedabad,05-10-2024,25.39,55.4,20.66,3.1,0.73,35.32
AHM07,SAC ISRO Satellite,Ahmedabad,06-10-2024,35.85,78.33,19.56,3.56,0.9,43.86
AHM07,SAC ISRO Satellite,Ahmedabad,07-10-2024,35.15,89.72,18.26,4.03,1.19,49.4
AHM07,SAC ISRO Satellite,Ahmedabad,08-10-2024,40.66,104.36,18.89,4.08,1.32,49.85
AHM07,SAC ISRO Satellite,Ahmedabad,09-10-2024,45.22,111.81,20.37,3.29,1.21,44.65
AHM07,SAC ISRO Satellite,Ahmedabad,10-10-2024,47.75,117.13,20.61,2.85,0.96,33.28
AHM07,SAC ISRO Satellite,Ahmedabad,11-10-2024,29.5,74.62,22.26,2.82,0.42,36.52
AHM07,SAC ISRO Satellite,Ahmedabad,12-10-2024,23.18,61.53,22.89,2.88,0.35,30.64
AHM07,SAC ISRO Satellite,Ahmedabad,13-10-2024,18.02,52.41,22.8,2.61,0.19,38.53
AHM07,SAC ISRO Satellite,Ahmedabad,14-10-2024,26.3,62.93,22.68,2.82,0.21,22.86
AHM07,SAC ISRO Satellite,Ahmedabad,15-10-2024,18.94,56.83,23.06,2.63,0.26,27.43
AHM07,SAC ISRO Satellite,Ahmedabad,16-10-2024,30.71,87.47,22.49,2.75,0.91,33.97
AHM07,SAC ISRO Satellite,Ahmedabad,17-10-2024,42.65,113.98,23.4,2.67,0.86,41.54
AHM07,SAC ISRO Satellite,Ahmedabad,18-10-2024,38.65,108.58,24.22,2.76,0.79,44.8
AHM07,SAC ISRO Satellite,Ahmedabad,19-10-2024,54.64,106,24.5,2.94,0.67,30.21
AHM07,SAC ISRO Satellite,Ahmedabad,20-10-2024,32.21,73.58,25.53,2.59,0.19,38.03
AHM07,SAC ISRO Satellite,Ahmedabad,21-10-2024,34.42,80.22,25.67,2.52,0.5,57.31
AHM07,SAC ISRO Satellite,Ahmedabad,22-10-2024,29.51,80.38,25.55,2.82,0.56,52.78
AHM07,SAC ISRO Satellite,Ahmedabad,23-10-2024,41.81,107.72,26.35,2.84,1.19,44.16
AHM07,SAC ISRO Satellite,Ahmedabad,24-10-2024,50.41,121.28,26.35,2.82,1.23,40.1
AHM07,SAC ISRO Satellite,Ahmedabad,25-10-2024,65.89,153.31,26.29,2.79,1.15,38.94
AHM07,SAC ISRO Satellite,Ahmedabad,26-10-2024,75.79,169.61,25.85,2.89,0.8,49.3
AHM07,SAC ISRO Satellite,Ahmedabad,27-10-2024,52.47,117.19,25.55,2.65,0.08,43.3
AHM07,SAC ISRO Satellite,Ahmedabad,28-10-2024,56.38,115.82,26.32,2.98,0.91,30.24
AHM07,SAC ISRO Satellite,Ahmedabad,29-10-2024,60.98,126.58,19.92,2.58,0.76,39.74
AHM07,SAC ISRO Satellite,Ahmedabad,30-10-2024,48.4,102.75,25.25,2.73,0.57,31.51
AHM07,SAC ISRO Satellite,Ahmedabad,31-10-2024,58.81,128.98,28.74,3.3,0.69,38.7
AHM07,SAC ISRO Satellite,Ahmedabad,01-11-2024,98.89,208.19,27.9,3.6,0.64,40.23
AHM07,SAC ISRO Satellite,Ahmedabad,02-11-2024,69.09,142.22,23.56,3.84,0.63,34.06
AHM07,SAC ISRO Satellite,Ahmedabad,03-11-2024,53.39,112.21,23.09,3.52,0.53,48.87
AHM07,SAC ISRO Satellite,Ahmedabad,04-11-2024,43.82,94.9,23.34,3.7,0.55,52.62
AHM07,SAC ISRO Satellite,Ahmedabad,05-11-2024,50.06,110.84,23.47,3.65,0.52,51.48
AHM07,SAC ISRO Satellite,Ahmedabad,06-11-2024,56.73,125.72,20.65,5.45,0.5,60.45
AHM07,SAC ISRO Satellite,Ahmedabad,07-11-2024,74.05,162.2,18.98,8.01,0.51,60.66
AHM07,SAC ISRO Satellite,Ahmedabad,08-11-2024,56.72,120.61,14.32,9.89,0.37,37.59
AHM07,SAC ISRO Satellite,Ahmedabad,09-11-2024,45.35,99.7,16.19,9.11,0.34,43.65
AHM07,SAC ISRO Satellite,Ahmedabad,10-11-2024,46.73,102.58,17.76,8.36,0.53,43.77
AHM07,SAC ISRO Satellite,Ahmedabad,11-11-2024,47.94,105.69,18.6,8.15,0.66,34.76
AHM07,SAC ISRO Satellite,Ahmedabad,12-11-2024,56.04,119.67,18.46,5.79,0.91,NaN
AHM07,SAC ISRO Satellite,Ahmedabad,13-11-2024,58.21,126.31,19.87,5.89,0.84,48.94
AHM07,SAC ISRO Satellite,Ahmedabad,14-11-2024,53.98,123.08,20.17,5.44,0.89,46.78
AHM07,SAC ISRO Satellite,Ahmedabad,15-11-2024,58.72,128.48,19.95,6.04,0.88,47.9
AHM07,SAC ISRO Satellite,Ahmedabad,16-11-2024,94.94,197.73,22.42,6.01,0.75,37.32
AHM07,SAC ISRO Satellite,Ahmedabad,17-11-2024,52.56,116.71,21.99,5.82,0.35,43.4
AHM07,SAC ISRO Satellite,Ahmedabad,18-11-2024,51.52,116.5,22.14,5.62,0.67,45.03
AHM07,SAC ISRO Satellite,Ahmedabad,19-11-2024,54.76,120.08,21.89,5.37,0.94,47.44
AHM07,SAC ISRO Satellite,Ahmedabad,20-11-2024,50.99,112.23,22.21,5.23,0.78,51.61
AHM07,SAC ISRO Satellite,Ahmedabad,21-11-2024,50.09,111.58,21.88,5.18,0.67,44.11
AHM07,SAC ISRO Satellite,Ahmedabad,22-11-2024,55.45,123.05,24.16,5.39,0.59,62.49
AHM07,SAC ISRO Satellite,Ahmedabad,23-11-2024,63.29,135.65,24.15,5.23,0.48,58.71
AHM07,SAC ISRO Satellite,Ahmedabad,24-11-2024,60.67,133.13,24.42,5.23,0.69,61.8
AHM07,SAC ISRO Satellite,Ahmedabad,25-11-2024,54.87,120.79,24.59,5.47,0.86,50.25
AHM07,SAC ISRO Satellite,Ahmedabad,26-11-2024,55.51,115.17,24.07,5.33,0.75,40.12
AHM07,SAC ISRO Satellite,Ahmedabad,27-11-2024,64.14,132.15,24.12,5.4,0.75,38.39
AHM07,SAC ISRO Satellite,Ahmedabad,28-11-2024,61.89,128.82,24.93,5.3,0.97,38.02
AHM07,SAC ISRO Satellite,Ahmedabad,29-11-2024,43.61,97.15,24.18,5.23,0.69,55.1
AHM07,SAC ISRO Satellite,Ahmedabad,30-11-2024,46.55,102.61,24.85,5.47,0.64,61.65
AHM07,SAC ISRO Satellite,Ahmedabad,01-12-2024,46.24,103.11,24.18,5.33,0.45,69.7
AHM07,SAC ISRO Satellite,Ahmedabad,02-12-2024,47.81,104.39,24.54,5.32,0.36,73.01
AHM07,SAC ISRO Satellite,Ahmedabad,03-12-2024,47.8,103.11,24.46,5.07,0.54,66.42
AHM07,SAC ISRO Satellite,Ahmedabad,04-12-2024,46.97,104.18,24.84,5.75,0.41,57.5
AHM07,SAC ISRO Satellite,Ahmedabad,05-12-2024,44.35,94.52,24.67,5.55,0.29,57.18
AHM07,SAC ISRO Satellite,Ahmedabad,06-12-2024,49.89,105.53,24.79,5.78,0.22,50.5
AHM07,SAC ISRO Satellite,Ahmedabad,07-12-2024,53.88,113.36,24.18,6.3,0.41,40.51
AHM07,SAC ISRO Satellite,Ahmedabad,08-12-2024,48.37,102.51,24.88,9.4,0.26,41.26
AHM07,SAC ISRO Satellite,Ahmedabad,09-12-2024,74.93,162.07,24.53,6.79,0.15,41.15
AHM07,SAC ISRO Satellite,Ahmedabad,10-12-2024,46.4,103.25,23.71,20.36,0.23,46.29
AHM07,SAC ISRO Satellite,Ahmedabad,11-12-2024,42.73,94.89,24.67,22.04,0.77,55.42
AHM07,SAC ISRO Satellite,Ahmedabad,12-12-2024,47.64,100.91,24.47,7.9,0.92,63.33
AHM07,SAC ISRO Satellite,Ahmedabad,13-12-2024,43.44,97.62,18.44,7.4,0.35,69.72
AHM07,SAC ISRO Satellite,Ahmedabad,14-12-2024,36.57,79.31,18.32,5.41,0.13,67.8
AHM07,SAC ISRO Satellite,Ahmedabad,15-12-2024,40.62,87.09,23.24,8.06,0.33,65.72
AHM07,SAC ISRO Satellite,Ahmedabad,16-12-2024,46.24,95.81,21.23,10.42,0.98,53.18
AHM07,SAC ISRO Satellite,Ahmedabad,17-12-2024,57.66,121.46,23.95,14.6,0.64,42.07
AHM07,SAC ISRO Satellite,Ahmedabad,18-12-2024,53.43,115,23.91,11.83,0.86,46.38
AHM07,SAC ISRO Satellite,Ahmedabad,19-12-2024,65.55,137.29,23.22,8.66,0.74,28.84
AHM07,SAC ISRO Satellite,Ahmedabad,20-12-2024,74.99,158.22,20.97,10.83,0.34,40.44
AHM07,SAC ISRO Satellite,Ahmedabad,21-12-2024,68.33,147.34,NaN,6.17,NaN,50.46
AHM07,SAC ISRO Satellite,Ahmedabad,22-12-2024,63.6,136.12,NaN,4.33,NaN,51.29
AHM07,SAC ISRO Satellite,Ahmedabad,23-12-2024,72.48,151.77,NaN,3.83,NaN,42
AHM07,SAC ISRO Satellite,Ahmedabad,24-12-2024,74.74,154.96,NaN,6.16,NaN,37.38
AHM07,SAC ISRO Satellite,Ahmedabad,25-12-2024,67.84,146.27,NaN,4.97,NaN,37.22
AHM07,SAC ISRO Satellite,Ahmedabad,26-12-2024,77.49,165.94,NaN,3.97,NaN,41.12
AHM07,SAC ISRO Satellite,Ahmedabad,27-12-2024,81.48,169.92,NaN,3.33,NaN,22.31
AHM07,SAC ISRO Satellite,Ahmedabad,28-12-2024,68.39,142.17,NaN,2.98,NaN,29
AHM07,SAC ISRO Satellite,Ahmedabad,29-12-2024,41.33,92.78,NaN,3.52,NaN,39.94
AHM07,SAC ISRO Satellite,Ahmedabad,30-12-2024,40.64,89.38,NaN,3.9,NaN,34.38
AHM07,SAC ISRO Satellite,Ahmedabad,31-12-2024,41.92,87.78,NaN,8.12,NaN,22.08
AHM07,SAC ISRO Satellite,Ahmedabad,01-01-2025,44.2,96.41,NaN,3.78,NaN,32.14
AHM07,SAC ISRO Satellite,Ahmedabad,02-01-2025,43.66,94.39,NaN,3.68,NaN,37.45
AHM07,SAC ISRO Satellite,Ahmedabad,03-01-2025,53.37,110.38,NaN,4.16,4.57,23.52
AHM07,SAC ISRO Satellite,Ahmedabad,04-01-2025,61.36,126.44,NaN,6.6,0.84,68.58
AHM07,SAC ISRO Satellite,Ahmedabad,05-01-2025,52.36,112.09,NaN,5.88,0,73.54
AHM07,SAC ISRO Satellite,Ahmedabad,06-01-2025,52.05,112.73,NaN,6.41,0.29,66.42
AHM07,SAC ISRO Satellite,Ahmedabad,07-01-2025,44.83,95.09,41.73,27.2,0.74,48.28
AHM07,SAC ISRO Satellite,Ahmedabad,08-01-2025,44.66,94.51,44.08,13.79,0.51,53.03
AHM07,SAC ISRO Satellite,Ahmedabad,09-01-2025,43.83,92.94,42.34,15.94,0.35,52.86
AHM07,SAC ISRO Satellite,Ahmedabad,10-01-2025,49.54,103.94,40.59,22.1,0.72,52.07
AHM07,SAC ISRO Satellite,Ahmedabad,11-01-2025,73.78,152.76,40.52,26.81,0.52,47.6
AHM07,SAC ISRO Satellite,Ahmedabad,12-01-2025,43.23,92.87,38.88,30.24,0.01,44.72
AHM07,SAC ISRO Satellite,Ahmedabad,13-01-2025,35.73,76.89,38.06,14.47,0,51.52
AHM07,SAC ISRO Satellite,Ahmedabad,14-01-2025,30.04,67.56,37.46,13.95,NaN,52.24
AHM07,SAC ISRO Satellite,Ahmedabad,15-01-2025,38.61,83.41,37.34,30.01,NaN,51.14
AHM07,SAC ISRO Satellite,Ahmedabad,16-01-2025,42.87,91.86,38.01,21.25,NaN,46.15
AHM07,SAC ISRO Satellite,Ahmedabad,17-01-2025,38.7,86.99,39.76,21.99,NaN,47.22
AHM07,SAC ISRO Satellite,Ahmedabad,18-01-2025,47.29,100.65,38.15,19.78,NaN,15.93
AHM07,SAC ISRO Satellite,Ahmedabad,19-01-2025,66.83,140.87,38.91,20.81,NaN,18.39
AHM07,SAC ISRO Satellite,Ahmedabad,20-01-2025,74.5,153.5,41.92,14.33,NaN,7.71
AHM07,SAC ISRO Satellite,Ahmedabad,21-01-2025,59.46,122.06,38.41,13.72,NaN,NaN
AHM07,SAC ISRO Satellite,Ahmedabad,22-01-2025,52.91,110.64,NaN,11.87,NaN,NaN
AHM07,SAC ISRO Satellite,Ahmedabad,23-01-2025,45.89,95.88,NaN,11.05,NaN,27.7
AHM07,SAC ISRO Satellite,Ahmedabad,24-01-2025,40.42,90.07,NaN,26.88,NaN,36.12
AHM07,SAC ISRO Satellite,Ahmedabad,25-01-2025,34.69,74.8,NaN,54.65,NaN,31.84
AHM07,SAC ISRO Satellite,Ahmedabad,26-01-2025,41.82,88.1,NaN,46.31,NaN,36.31
AHM07,SAC ISRO Satellite,Ahmedabad,27-01-2025,43.39,88.97,NaN,36.94,NaN,35.62
AHM07,SAC ISRO Satellite,Ahmedabad,28-01-2025,52.08,107.91,NaN,29.33,NaN,41.93
AHM07,SAC ISRO Satellite,Ahmedabad,29-01-2025,83.47,165.46,NaN,28.19,NaN,50.33
AHM07,SAC ISRO Satellite,Ahmedabad,30-01-2025,40.21,81.48,NaN,17.6,NaN,38.79
AHM07,SAC ISRO Satellite,Ahmedabad,31-01-2025,54.67,108.36,NaN,22.79,NaN,37.3
AHM07,SAC ISRO Satellite,Ahmedabad,01-02-2025,51.57,97.53,NaN,17.32,NaN,34.53
AHM07,SAC ISRO Satellite,Ahmedabad,02-02-2025,63.45,123.11,NaN,10.71,NaN,26.7
AHM07,SAC ISRO Satellite,Ahmedabad,03-02-2025,63.11,124.86,NaN,20.7,NaN,48.32
AHM07,SAC ISRO Satellite,Ahmedabad,04-02-2025,56.95,117.81,NaN,17.02,NaN,45.17
AHM07,SAC ISRO Satellite,Ahmedabad,05-02-2025,NaN,NaN,NaN,13.86,NaN,39.15
AHM07,SAC ISRO Satellite,Ahmedabad,06-02-2025,NaN,NaN,NaN,44.25,NaN,43.59
AHM07,SAC ISRO Satellite,Ahmedabad,07-02-2025,NaN,NaN,NaN,40.86,NaN,43.32
AHM07,SAC ISRO Satellite,Ahmedabad,08-02-2025,NaN,NaN,NaN,NaN,NaN,NaN
AHM07,SAC ISRO Satellite,Ahmedabad,09-02-2025,NaN,NaN,NaN,NaN,NaN,NaN
AHM07,SAC ISRO Satellite,Ahmedabad,10-02-2025,88.28,179.04,NaN,NaN,NaN,23.23
AHM07,SAC ISRO Satellite,Ahmedabad,11-02-2025,52.27,103.87,NaN,12.28,NaN,27.24
AHM07,SAC ISRO Satellite,Ahmedabad,12-02-2025,49.54,98.68,NaN,9.34,NaN,26.88
AHM07,SAC ISRO Satellite,Ahmedabad,13-02-2025,54.26,107.94,NaN,11.92,NaN,37.27
AHM07,SAC ISRO Satellite,Ahmedabad,14-02-2025,74.68,145.91,NaN,18.16,NaN,36.56
AHM07,SAC ISRO Satellite,Ahmedabad,15-02-2025,62.07,119.46,NaN,40.94,NaN,31.25
AHM07,SAC ISRO Satellite,Ahmedabad,16-02-2025,48.01,94.3,NaN,22.75,NaN,24.13
AHM07,SAC ISRO Satellite,Ahmedabad,17-02-2025,39.48,75.75,NaN,19.91,NaN,26.31
AHM07,SAC ISRO Satellite,Ahmedabad,18-02-2025,NaN,NaN,NaN,15.38,NaN,28.27
AHM07,SAC ISRO Satellite,Ahmedabad,19-02-2025,NaN,NaN,NaN,20.94,0.45,36.08
AHM07,SAC ISRO Satellite,Ahmedabad,20-02-2025,NaN,NaN,NaN,28.77,0.27,28.46
AHM07,SAC ISRO Satellite,Ahmedabad,21-02-2025,NaN,NaN,NaN,29.94,0.24,33.7
AHM07,SAC ISRO Satellite,Ahmedabad,22-02-2025,NaN,NaN,NaN,18.51,0.2,36.39
AHM07,SAC ISRO Satellite,Ahmedabad,23-02-2025,NaN,NaN,NaN,23.77,0.1,39.29
AHM07,SAC ISRO Satellite,Ahmedabad,24-02-2025,NaN,NaN,NaN,19.21,0.32,35.61
AHM07,SAC ISRO Satellite,Ahmedabad,25-02-2025,NaN,NaN,NaN,15.7,0.46,41.83
AHM07,SAC ISRO Satellite,Ahmedabad,26-02-2025,NaN,NaN,NaN,24.13,0.56,43.47
AHM07,SAC ISRO Satellite,Ahmedabad,27-02-2025,NaN,NaN,NaN,31.44,0.48,46.43
AHM07,SAC ISRO Satellite,Ahmedabad,28-02-2025,NaN,NaN,NaN,29.11,0.24,29.03
AHM07,SAC ISRO Satellite,Ahmedabad,01-03-2025,NaN,NaN,NaN,24.97,0.01,26.57
AHM07,SAC ISRO Satellite,Ahmedabad,02-03-2025,NaN,NaN,NaN,13.71,0.02,35.85
AHM07,SAC ISRO Satellite,Ahmedabad,03-03-2025,NaN,NaN,NaN,17.38,0.23,37.79
AHM07,SAC ISRO Satellite,Ahmedabad,04-03-2025,NaN,NaN,NaN,8.94,0.34,46.25
AHM07,SAC ISRO Satellite,Ahmedabad,05-03-2025,NaN,NaN,NaN,19.02,0.35,50.22
AHM07,SAC ISRO Satellite,Ahmedabad,06-03-2025,NaN,NaN,NaN,17.2,0.61,49.32
AHM07,SAC ISRO Satellite,Ahmedabad,07-03-2025,NaN,NaN,NaN,16.72,0.52,39.12
AHM07,SAC ISRO Satellite,Ahmedabad,08-03-2025,NaN,NaN,NaN,38.9,0.4,39.08
AHM07,SAC ISRO Satellite,Ahmedabad,09-03-2025,NaN,NaN,NaN,34.77,0.38,54.05
AHM07,SAC ISRO Satellite,Ahmedabad,10-03-2025,NaN,NaN,NaN,19.33,0.36,48.27
AHM07,SAC ISRO Satellite,Ahmedabad,11-03-2025,NaN,NaN,NaN,26.77,0.13,59.73
AHM07,SAC ISRO Satellite,Ahmedabad,12-03-2025,NaN,NaN,NaN,22.78,0.2,45.32
AHM07,SAC ISRO Satellite,Ahmedabad,13-03-2025,NaN,NaN,NaN,30.87,0.16,43.73
AHM07,SAC ISRO Satellite,Ahmedabad,14-03-2025,NaN,NaN,NaN,30.67,0.31,45.5
AHM07,SAC ISRO Satellite,Ahmedabad,15-03-2025,NaN,NaN,NaN,22.79,0.39,42.96
AHM07,SAC ISRO Satellite,Ahmedabad,16-03-2025,NaN,NaN,NaN,20.32,0.32,49.17
AHM07,SAC ISRO Satellite,Ahmedabad,17-03-2025,NaN,NaN,NaN,18.14,0.24,55.69
AHM07,SAC ISRO Satellite,Ahmedabad,18-03-2025,NaN,NaN,NaN,20.34,0.17,57.59
AHM07,SAC ISRO Satellite,Ahmedabad,19-03-2025,NaN,NaN,NaN,19.38,0.21,57.01
AHM07,SAC ISRO Satellite,Ahmedabad,20-03-2025,NaN,NaN,NaN,13.06,0.45,43.06
AHM07,SAC ISRO Satellite,Ahmedabad,21-03-2025,NaN,NaN,NaN,18.96,0.49,47.4
AHM07,SAC ISRO Satellite,Ahmedabad,22-03-2025,NaN,NaN,NaN,31.27,0.45,63.7
AHM07,SAC ISRO Satellite,Ahmedabad,23-03-2025,NaN,NaN,NaN,37.1,0.32,59.89
AHM07,SAC ISRO Satellite,Ahmedabad,24-03-2025,NaN,NaN,NaN,37.86,0.32,71.77
AHM07,SAC ISRO Satellite,Ahmedabad,25-03-2025,NaN,NaN,74.91,32.36,0.45,65.13
AHM07,SAC ISRO Satellite,Ahmedabad,26-03-2025,NaN,NaN,46.34,35.49,0.28,49.48
AHM07,SAC ISRO Satellite,Ahmedabad,27-03-2025,NaN,NaN,42.08,24.99,0.18,40.79
AHM07,SAC ISRO Satellite,Ahmedabad,28-03-2025,NaN,NaN,38.04,24.45,0.05,54.32
AHM07,SAC ISRO Satellite,Ahmedabad,29-03-2025,NaN,NaN,43.2,32.28,NaN,64.71
AHM07,SAC ISRO Satellite,Ahmedabad,30-03-2025,NaN,NaN,46.22,39.26,NaN,72.46
AHM07,SAC ISRO Satellite,Ahmedabad,31-03-2025,NaN,NaN,44.43,34.01,NaN,70.7
AHM07,SAC ISRO Satellite,Ahmedabad,01-04-2025,34.24,79.38,39.45,21.46,0.26,76.01
AHM07,SAC ISRO Satellite,Ahmedabad,02-04-2025,NaN,NaN,NaN,NaN,NaN,NaN
AHM07,SAC ISRO Satellite,Ahmedabad,03-04-2025,NaN,NaN,NaN,NaN,NaN,NaN
AHM07,SAC ISRO Satellite,Ahmedabad,04-04-2025,NaN,NaN,NaN,NaN,NaN,NaN
AHM07,SAC ISRO Satellite,Ahmedabad,05-04-2025,NaN,NaN,NaN,NaN,NaN,NaN
AHM07,SAC ISRO Satellite,Ahmedabad,06-04-2025,NaN,NaN,NaN,NaN,NaN,NaN
AHM07,SAC ISRO Satellite,Ahmedabad,07-04-2025,83.63,145.72,88.58,10.65,0.85,54.05
AHM07,SAC ISRO Satellite,Ahmedabad,08-04-2025,65.37,118.61,64.54,24.12,0.46,61.76
AHM07,SAC ISRO Satellite,Ahmedabad,09-04-2025,53.06,100.69,51.96,21.1,0.36,61.23
AHM07,SAC ISRO Satellite,Ahmedabad,10-04-2025,32.2,60.74,42.68,28.03,0.2,67.18
AHM07,SAC ISRO Satellite,Ahmedabad,11-04-2025,19.33,35.47,39.76,19.6,0.12,51.15
AHM07,SAC ISRO Satellite,Ahmedabad,12-04-2025,17.65,31.98,38.24,9.15,0.06,47.16
AHM07,SAC ISRO Satellite,Ahmedabad,13-04-2025,16.06,28.13,38.11,14.28,0,50.17
AHM07,SAC ISRO Satellite,Ahmedabad,14-04-2025,17.87,32.84,34.93,17.02,0.17,54.16
AHM07,SAC ISRO Satellite,Ahmedabad,15-04-2025,14.62,26.24,33.61,14.16,0.37,55.88
AHM07,SAC ISRO Satellite,Ahmedabad,16-04-2025,40.71,73.17,36.37,10.82,0.27,55.42
AHM07,SAC ISRO Satellite,Ahmedabad,17-04-2025,46.75,83.47,35.98,13.92,0.15,52.51
AHM07,SAC ISRO Satellite,Ahmedabad,18-04-2025,54.37,96.06,37.8,20.85,0.17,53.03
AHM07,SAC ISRO Satellite,Ahmedabad,19-04-2025,73.14,128.07,35.25,30.93,0.37,58.91
AHM07,SAC ISRO Satellite,Ahmedabad,20-04-2025,82.55,140.17,34.72,21.78,0.16,58.33
AHM07,SAC ISRO Satellite,Ahmedabad,21-04-2025,76.15,130.04,36.1,21.49,0.27,58.11
AHM07,SAC ISRO Satellite,Ahmedabad,22-04-2025,80.02,138.62,39.06,25.65,0.32,44.53
AHM07,SAC ISRO Satellite,Ahmedabad,23-04-2025,68.8,120.59,48.3,27.35,0.29,43.45
AHM07,SAC ISRO Satellite,Ahmedabad,24-04-2025,77.27,132.66,41.43,33.31,0.32,39.2
AHM07,SAC ISRO Satellite,Ahmedabad,25-04-2025,58.36,101.81,33.81,32.95,0.35,44.7
AHM07,SAC ISRO Satellite,Ahmedabad,26-04-2025,63.65,111.98,33.87,19.67,0.29,37.92
AHM07,SAC ISRO Satellite,Ahmedabad,27-04-2025,64.33,113.34,35.49,30.16,0.11,38.91
AHM07,SAC ISRO Satellite,Ahmedabad,28-04-2025,61.7,109.37,34.7,25.73,0.21,38.25
AHM07,SAC ISRO Satellite,Ahmedabad,29-04-2025,60.77,108.13,33.43,15.71,0.21,32.68
AHM07,SAC ISRO Satellite,Ahmedabad,30-04-2025,56.83,99.73,35.06,36,0.09,28
AHM07,SAC ISRO Satellite,Ahmedabad,01-05-2025,57.17,99.66,35.51,NaN,NaN,34.77
AHM07,SAC ISRO Satellite,Ahmedabad,02-05-2025,55.47,96.83,32.15,19.39,0.59,38.11
AHM07,SAC ISRO Satellite,Ahmedabad,03-05-2025,51.42,91.88,25.81,21.45,0.47,32.48
AHM07,SAC ISRO Satellite,Ahmedabad,04-05-2025,47.39,86.37,24.76,10.33,0.25,24.23
AHM07,SAC ISRO Satellite,Ahmedabad,05-05-2025,63.36,78.09,26.73,9.27,0.2,26.71
AHM07,SAC ISRO Satellite,Ahmedabad,06-05-2025,24.14,42.87,25.94,5.1,0.27,38.38
AHM07,SAC ISRO Satellite,Ahmedabad,07-05-2025,14.93,26.45,25.45,4.01,0.21,32.48
AHM07,SAC ISRO Satellite,Ahmedabad,08-05-2025,23.68,48.12,25.02,3.75,0.25,33.29
AHM07,SAC ISRO Satellite,Ahmedabad,09-05-2025,21.65,45.25,24.44,3.56,0.16,45.36
AHM07,SAC ISRO Satellite,Ahmedabad,10-05-2025,33.76,65.44,24.28,3.65,0.11,38.85
AHM07,SAC ISRO Satellite,Ahmedabad,11-05-2025,41.96,78.48,24.9,3.6,0.03,31.13
AHM07,SAC ISRO Satellite,Ahmedabad,12-05-2025,38.87,72.79,22.17,3.7,0.01,33.56
AHM07,SAC ISRO Satellite,Ahmedabad,13-05-2025,45.73,81.83,20.83,3.77,0.27,33.4
AHM07,SAC ISRO Satellite,Ahmedabad,14-05-2025,49.8,87.91,17.91,4.61,0.46,34.41
AHM07,SAC ISRO Satellite,Ahmedabad,15-05-2025,44.41,80.64,10.04,5.34,0.28,31.9
AHM07,SAC ISRO Satellite,Ahmedabad,16-05-2025,36.13,66.86,8.6,5.19,0.48,28.44
AHM07,SAC ISRO Satellite,Ahmedabad,17-05-2025,33.52,61.55,8.07,5.03,0.36,24.99
AHM07,SAC ISRO Satellite,Ahmedabad,18-05-2025,35.32,64.22,7.17,5.82,0.1,28.31
AHM07,SAC ISRO Satellite,Ahmedabad,19-05-2025,46.07,81.21,9.81,6.71,0.39,31.47
AHM07,SAC ISRO Satellite,Ahmedabad,20-05-2025,45.13,80.39,17.97,17.73,0.57,30.44
AHM07,SAC ISRO Satellite,Ahmedabad,21-05-2025,40.06,71.38,12.08,1.72,0.27,47.05
AHM07,SAC ISRO Satellite,Ahmedabad,22-05-2025,39.81,72.81,11.51,5.84,0.45,48.59
AHM07,SAC ISRO Satellite,Ahmedabad,23-05-2025,54.02,102.62,25.23,11.71,0.61,47.81
AHM07,SAC ISRO Satellite,Ahmedabad,24-05-2025,44.95,83.54,12.8,8.98,0.16,45.1
AHM07,SAC ISRO Satellite,Ahmedabad,25-05-2025,66.89,125.57,12.14,8.21,0.21,35.93
AHM07,SAC ISRO Satellite,Ahmedabad,26-05-2025,53.76,93.23,14.62,6.29,0.36,38.32
AHM07,SAC ISRO Satellite,Ahmedabad,27-05-2025,70.96,128.04,16.85,4.11,0.36,15.8
AHM07,SAC ISRO Satellite,Ahmedabad,28-05-2025,50.13,88.65,NaN,2.84,NaN,8.63
AHM07,SAC ISRO Satellite,Ahmedabad,29-05-2025,39.62,68.27,NaN,3.16,NaN,9.73
AHM07,SAC ISRO Satellite,Ahmedabad,30-05-2025,51.46,91.68,NaN,2.92,NaN,8.2
AHM07,SAC ISRO Satellite,Ahmedabad,31-05-2025,43.55,78.22,NaN,2.64,NaN,7.54
AHM07,SAC ISRO Satellite,Ahmedabad,01-06-2025,41.61,74.23,NaN,2.99,NaN,7.74
AHM07,SAC ISRO Satellite,Ahmedabad,02-06-2025,43.76,76.47,NaN,3.14,NaN,8.2
AHM07,SAC ISRO Satellite,Ahmedabad,03-06-2025,39.2,69.19,NaN,3.67,NaN,22.14
AHM07,SAC ISRO Satellite,Ahmedabad,04-06-2025,59.02,100.87,NaN,4.71,0.74,29.84
AHM07,SAC ISRO Satellite,Ahmedabad,05-06-2025,60.09,104.33,7.83,3.7,0.94,17.57
AHM07,SAC ISRO Satellite,Ahmedabad,06-06-2025,61.9,109.27,NaN,3.5,0.8,14
AHM07,SAC ISRO Satellite,Ahmedabad,07-06-2025,50,87.76,NaN,3.23,0.25,17.48
AHM07,SAC ISRO Satellite,Ahmedabad,08-06-2025,48.21,84.7,NaN,3.3,0.05,17.51
AHM07,SAC ISRO Satellite,Ahmedabad,09-06-2025,46.3,80.48,NaN,3.19,0,14.82
AHM07,SAC ISRO Satellite,Ahmedabad,10-06-2025,37.67,65.79,NaN,3,0.2,14.09
AHM07,SAC ISRO Satellite,Ahmedabad,11-06-2025,30.16,54.09,NaN,3.77,0.32,12.45
AHM07,SAC ISRO Satellite,Ahmedabad,12-06-2025,42.56,73.82,8.5,6.12,0.31,14.77
AHM07,SAC ISRO Satellite,Ahmedabad,13-06-2025,59.18,101.98,11.36,5.87,0.29,15.96
AHM07,SAC ISRO Satellite,Ahmedabad,14-06-2025,53.13,96.84,11.82,5.59,0.23,21.45
AHM07,SAC ISRO Satellite,Ahmedabad,15-06-2025,20.06,38.63,10.97,5.49,0.07,33.09
AHM07,SAC ISRO Satellite,Ahmedabad,16-06-2025,21.21,43.06,11.56,5.52,0.05,24.01
AHM07,SAC ISRO Satellite,Ahmedabad,17-06-2025,12.74,22.54,11.89,5.38,0.37,14.42
AHM07,SAC ISRO Satellite,Ahmedabad,18-06-2025,32.09,57.54,10.51,3.92,0.5,11.17
AHM07,SAC ISRO Satellite,Ahmedabad,19-06-2025,31.34,56.51,NaN,1.71,0.6,9.4
AHM07,SAC ISRO Satellite,Ahmedabad,20-06-2025,29.56,55.01,NaN,8.45,0.46,7.45
AHM07,SAC ISRO Satellite,Ahmedabad,21-06-2025,29.94,54.6,NaN,4.25,0.5,6.1
AHM07,SAC ISRO Satellite,Ahmedabad,22-06-2025,30.11,54.23,NaN,4.58,1.3,7.09
AHM07,SAC ISRO Satellite,Ahmedabad,23-06-2025,25.43,44.02,NaN,4.76,1.02,7.14
AHM07,SAC ISRO Satellite,Ahmedabad,24-06-2025,30.74,54.92,31.44,4.58,0.64,4.84
AHM07,SAC ISRO Satellite,Ahmedabad,25-06-2025,33.08,59.75,29.23,4.32,0.41,7.59
AHM07,SAC ISRO Satellite,Ahmedabad,26-06-2025,26.67,48.91,39.31,4.18,0.23,9.52
AHM07,SAC ISRO Satellite,Ahmedabad,27-06-2025,25.18,44.02,31.13,4.54,0.13,8.94
AHM07,SAC ISRO Satellite,Ahmedabad,28-06-2025,21.76,37.36,33.33,4.71,0.03,13.45
AHM07,SAC ISRO Satellite,Ahmedabad,29-06-2025,18.59,33.85,34.19,4.95,0.03,9.35
AHM07,SAC ISRO Satellite,Ahmedabad,30-06-2025,23.35,40.05,74.98,4.9,0.05,9.48
AHM07,SAC ISRO Satellite,Ahmedabad,01-07-2025,24.56,44.12,27.73,4.9,0.32,8.44
AHM07,SAC ISRO Satellite,Ahmedabad,02-07-2025,29.22,51.64,43.66,4.79,0.83,7.41
AHM07,SAC ISRO Satellite,Ahmedabad,03-07-2025,23.12,41.6,29.7,4.48,0.43,8.35
AHM07,SAC ISRO Satellite,Ahmedabad,04-07-2025,19.77,36.03,27.45,1.32,0.29,9.32
AHM07,SAC ISRO Satellite,Ahmedabad,05-07-2025,19.38,35.34,17.69,1.46,0.21,7.38
AHM07,SAC ISRO Satellite,Ahmedabad,06-07-2025,23.11,42.89,38.96,1.16,0.08,8.76
AHM07,SAC ISRO Satellite,Ahmedabad,07-07-2025,26.61,46.91,13.35,1.54,0.02,9.87
AHM07,SAC ISRO Satellite,Ahmedabad,08-07-2025,34.98,62.18,12.31,7.63,0.35,9.16
AHM07,SAC ISRO Satellite,Ahmedabad,09-07-2025,39.12,69.54,59.16,5.98,0.8,8.01
AHM07,SAC ISRO Satellite,Ahmedabad,10-07-2025,35.06,61.82,42.46,5.34,0.55,6.43
AHM07,SAC ISRO Satellite,Ahmedabad,11-07-2025,29.65,52.43,35.62,5.61,0.32,7.6
AHM07,SAC ISRO Satellite,Ahmedabad,12-07-2025,29.28,51.62,33.84,4.2,0.39,8.48
AHM07,SAC ISRO Satellite,Ahmedabad,13-07-2025,26.84,46.84,29.56,3.04,0.17,10.27
AHM07,SAC ISRO Satellite,Ahmedabad,14-07-2025,26.23,46.42,27.91,3.17,0.15,8.15
AHM07,SAC ISRO Satellite,Ahmedabad,15-07-2025,40.06,70.42,25.71,2.72,0.43,8.5
AHM07,SAC ISRO Satellite,Ahmedabad,16-07-2025,48.08,84.72,24.03,2.74,0.37,8.77
AHM07,SAC ISRO Satellite,Ahmedabad,17-07-2025,49.46,87.55,21.04,2.7,0.74,9.32
AHM07,SAC ISRO Satellite,Ahmedabad,18-07-2025,44.22,77.34,19.95,2.82,0.5,8.66
AHM07,SAC ISRO Satellite,Ahmedabad,19-07-2025,28.07,48.37,21.11,3.29,0.02,5.43
AHM07,SAC ISRO Satellite,Ahmedabad,20-07-2025,22.63,41.47,16.35,3.01,0.68,9.81
AHM07,SAC ISRO Satellite,Ahmedabad,21-07-2025,22.36,39.7,19.5,2.77,1.05,16.71
AHM07,SAC ISRO Satellite,Ahmedabad,22-07-2025,33.43,58.32,16.17,2.61,0.51,15.61
AHM07,SAC ISRO Satellite,Ahmedabad,23-07-2025,29.98,52.31,15.14,3,0.1,11.72
AHM07,SAC ISRO Satellite,Ahmedabad,24-07-2025,27.26,51.37,15.49,2.76,0.43,13.7
AHM07,SAC ISRO Satellite,Ahmedabad,25-07-2025,23.94,49.38,13.39,3.13,0.4,14.91
AHM07,SAC ISRO Satellite,Ahmedabad,26-07-2025,33.7,67.99,15.62,2.85,0.1,12.32
AHM07,SAC ISRO Satellite,Ahmedabad,27-07-2025,20.25,39.08,12.04,2.88,0.02,11.56
AHM07,SAC ISRO Satellite,Ahmedabad,28-07-2025,21.15,42.75,15.1,3.27,0.08,8.47
AHM07,SAC ISRO Satellite,Ahmedabad,29-07-2025,27.03,55.02,12.77,2.29,0.83,10.58
AHM07,SAC ISRO Satellite,Ahmedabad,30-07-2025,35.71,72.57,15.33,1.5,1.22,12.05
AHM07,SAC ISRO Satellite,Ahmedabad,31-07-2025,47.15,93.4,14.96,1.75,0.61,9.78
AHM07,SAC ISRO Satellite,Ahmedabad,01-08-2025,37.35,75.04,17.53,1.49,0.35,17.51
AHM07,SAC ISRO Satellite,Ahmedabad,02-08-2025,31.03,63.13,14.26,1.38,0.06,21.35
AHM07,SAC ISRO Satellite,Ahmedabad,03-08-2025,21.14,43.53,9.82,1.17,0.01,16.64
AHM07,SAC ISRO Satellite,Ahmedabad,04-08-2025,21.79,44.35,11.08,1.72,0.06,15.14
AHM07,SAC ISRO Satellite,Ahmedabad,05-08-2025,23.25,46.25,10.48,1.61,0.15,16.89
AHM07,SAC ISRO Satellite,Ahmedabad,06-08-2025,27.72,56.68,11.14,1.72,0.04,16.68
AHM07,SAC ISRO Satellite,Ahmedabad,07-08-2025,30.74,61.88,10.71,2.03,0.23,20.74
AHM07,SAC ISRO Satellite,Ahmedabad,08-08-2025,31.6,63.96,10.85,2.48,0.34,20.05
AHM07,SAC ISRO Satellite,Ahmedabad,09-08-2025,27.97,56.16,9.36,2.27,0.44,19.3
AHM07,SAC ISRO Satellite,Ahmedabad,10-08-2025,28.25,56.87,9.33,3.02,0.28,20.43
AHM07,SAC ISRO Satellite,Ahmedabad,11-08-2025,23.26,46.72,9.53,2.22,0.03,19.83
AHM07,SAC ISRO Satellite,Ahmedabad,12-08-2025,20.73,42.53,10.13,1.74,0.15,16.58
AHM07,SAC ISRO Satellite,Ahmedabad,13-08-2025,19.64,41.07,9.7,1.48,0.59,17.06
AHM07,SAC ISRO Satellite,Ahmedabad,14-08-2025,21.84,45.21,10.35,1.9,0.43,16.49
AHM07,SAC ISRO Satellite,Ahmedabad,15-08-2025,20.82,43.65,12.72,1.54,0.26,17.49
AHM07,SAC ISRO Satellite,Ahmedabad,16-08-2025,14.71,31.67,9.72,1.48,0.04,12.06
AHM07,SAC ISRO Satellite,Ahmedabad,17-08-2025,15.81,37.3,9.56,1.35,0,23.5
AHM07,SAC ISRO Satellite,Ahmedabad,18-08-2025,22.62,48.31,17.97,1.47,0.31,18.32
AHM07,SAC ISRO Satellite,Ahmedabad,19-08-2025,21.78,47.74,15.4,1.91,0.31,16.54
AHM07,SAC ISRO Satellite,Ahmedabad,20-08-2025,13.69,31.07,14.78,1.66,0.31,12.8
AHM07,SAC ISRO Satellite,Ahmedabad,21-08-2025,11.45,26.26,12.74,1.23,0.3,9.66
AHM07,SAC ISRO Satellite,Ahmedabad,22-08-2025,10.01,23.01,12.55,2.18,0.17,10.58
AHM07,SAC ISRO Satellite,Ahmedabad,23-08-2025,10.81,23.6,10.23,3.49,0.01,12.01
AHM07,SAC ISRO Satellite,Ahmedabad,24-08-2025,9.17,19.64,8.51,3.78,0.15,10.86
AHM07,SAC ISRO Satellite,Ahmedabad,25-08-2025,13.82,29.25,10.25,3.35,0.27,11.81
AHM07,SAC ISRO Satellite,Ahmedabad,26-08-2025,23.54,48.72,11.57,3.29,0.16,13.05
AHM07,SAC ISRO Satellite,Ahmedabad,27-08-2025,28.07,57.42,13.4,3.41,0.42,12.32
AHM07,SAC ISRO Satellite,Ahmedabad,28-08-2025,30.61,63.49,14.05,3.27,0.28,8.86
AHM07,SAC ISRO Satellite,Ahmedabad,29-08-2025,29.25,59.59,16.58,3.61,0.08,7.77
AHM07,SAC ISRO Satellite,Ahmedabad,30-08-2025,36.7,74.01,11.66,3.42,0.38,10.84
AHM07,SAC ISRO Satellite,Ahmedabad,31-08-2025,25.72,54.25,8.36,3.41,0.15,13.24
AHM07,SAC ISRO Satellite,Ahmedabad,01-09-2025,24.55,49.89,10.33,3.36,0.39,11.28
AHM07,SAC ISRO Satellite,Ahmedabad,02-09-2025,35.5,70.86,21.45,3.5,0.39,15.05
AHM07,SAC ISRO Satellite,Ahmedabad,03-09-2025,43.06,85.29,13.42,3.7,0.25,14.73
AHM07,SAC ISRO Satellite,Ahmedabad,04-09-2025,26.01,54.75,13.09,2.68,0.32,12.05
AHM07,SAC ISRO Satellite,Ahmedabad,05-09-2025,18.55,37.92,10.29,2.69,0.71,22.5
AHM07,SAC ISRO Satellite,Ahmedabad,06-09-2025,24.63,49.11,13.33,2.35,0.69,17.45
AHM07,SAC ISRO Satellite,Ahmedabad,07-09-2025,12.14,23.92,7.59,2.94,0.14,79.4
AHM07,SAC ISRO Satellite,Ahmedabad,08-09-2025,22.33,48.04,8.11,2.65,0.78,19.14
AHM07,SAC ISRO Satellite,Ahmedabad,09-09-2025,32.39,68.23,9.16,2.58,0.6,19.85
AHM07,SAC ISRO Satellite,Ahmedabad,10-09-2025,32.27,67.09,13.06,1.26,0.62,9.19
AHM07,SAC ISRO Satellite,Ahmedabad,11-09-2025,33.33,69.87,15.84,3.14,0.42,17.01
AHM07,SAC ISRO Satellite,Ahmedabad,12-09-2025,31.1,63.54,16.09,3.16,0.08,22.4
AHM07,SAC ISRO Satellite,Ahmedabad,13-09-2025,29.41,61.58,14.68,2.75,0.32,12.11
AHM07,SAC ISRO Satellite,Ahmedabad,14-09-2025,27.9,60.56,13.64,3.95,0.36,10.85
AHM07,SAC ISRO Satellite,Ahmedabad,15-09-2025,24.08,50.47,16.15,3.29,0.73,9.86
AHM07,SAC ISRO Satellite,Ahmedabad,16-09-2025,29.3,59.37,20.39,3.94,0.6,10.01
AHM07,SAC ISRO Satellite,Ahmedabad,17-09-2025,28.11,59.6,20.48,3.44,0.44,16.46
AHM07,SAC ISRO Satellite,Ahmedabad,18-09-2025,36.09,74.27,25.09,4.07,0.35,22.63
AHM07,SAC ISRO Satellite,Ahmedabad,19-09-2025,34.23,71.01,20.64,4.97,0.2,24.49
AHM07,SAC ISRO Satellite,Ahmedabad,20-09-2025,26.71,55.3,22.86,3.2,0.38,18.76
AHM07,SAC ISRO Satellite,Ahmedabad,21-09-2025,32.97,69.12,25.52,2.46,0.4,16.94
AHM07,SAC ISRO Satellite,Ahmedabad,22-09-2025,27.41,56.79,22.03,2.52,0.24,9.13
AHM07,SAC ISRO Satellite,Ahmedabad,23-09-2025,24.51,53.15,20.7,4.14,0.53,10.9
AHM07,SAC ISRO Satellite,Ahmedabad,24-09-2025,24.39,51.7,19.33,5.05,0.54,9.98
AHM07,SAC ISRO Satellite,Ahmedabad,25-09-2025,30.49,64.4,25.15,7.12,0.41,19.08
AHM07,SAC ISRO Satellite,Ahmedabad,26-09-2025,30.21,72.39,26.39,4.71,0.25,14.08
AHM07,SAC ISRO Satellite,Ahmedabad,27-09-2025,32.52,74.52,23.09,6.75,0.35,16.56
AHM07,SAC ISRO Satellite,Ahmedabad,28-09-2025,26.19,59.2,21.76,3.93,0.34,11.69
AHM07,SAC ISRO Satellite,Ahmedabad,29-09-2025,11.02,27.54,22.24,2.84,0.09,9.77
AHM07,SAC ISRO Satellite,Ahmedabad,30-09-2025,17.48,36.43,22.27,10.48,0.97,13.25
AHM07,SAC ISRO Satellite,Ahmedabad,01-10-2025,20.39,44.46,24.6,16.06,0.77,9.08
AHM07,SAC ISRO Satellite,Ahmedabad,02-10-2025,19.84,42.49,22,13.67,0.16,8.32
AHM07,SAC ISRO Satellite,Ahmedabad,03-10-2025,20.96,45.15,21.53,7.64,0.47,8.66
AHM07,SAC ISRO Satellite,Ahmedabad,04-10-2025,23.99,55.02,16.75,2.07,0.47,9.17
AHM07,SAC ISRO Satellite,Ahmedabad,05-10-2025,16.19,37.41,13.74,1.66,0.38,6.45
AHM07,SAC ISRO Satellite,Ahmedabad,06-10-2025,9.74,26.22,14.26,1.62,0.02,7.49
AHM07,SAC ISRO Satellite,Ahmedabad,07-10-2025,29.61,59.11,23.73,2.27,0.46,9.67
AHM07,SAC ISRO Satellite,Ahmedabad,08-10-2025,53.53,102.53,33.81,5.52,0.45,8.72
AHM07,SAC ISRO Satellite,Ahmedabad,09-10-2025,82.79,155.48,50.11,7.73,0.63,13.39
AHM07,SAC ISRO Satellite,Ahmedabad,10-10-2025,89.87,168.25,56.97,6.66,0.9,11.31
AHM07,SAC ISRO Satellite,Ahmedabad,11-10-2025,85.47,162.64,57.03,7.67,0.93,18.04
AHM07,SAC ISRO Satellite,Ahmedabad,12-10-2025,66.35,133.3,53.06,10.33,0.65,18.02
AHM07,SAC ISRO Satellite,Ahmedabad,13-10-2025,59.21,121.09,54.98,9.55,0.41,17.74
AHM07,SAC ISRO Satellite,Ahmedabad,14-10-2025,46.62,99.29,86.93,14.14,0.98,21.1
AHM07,SAC ISRO Satellite,Ahmedabad,15-10-2025,42.24,87.63,69.37,7.08,0.92,24.34
AHM07,SAC ISRO Satellite,Ahmedabad,16-10-2025,47.02,100.81,61.24,7.78,1.92,21.94
AHM07,SAC ISRO Satellite,Ahmedabad,17-10-2025,42.88,93.68,52.26,6.99,2.33,24.39
AHM07,SAC ISRO Satellite,Ahmedabad,18-10-2025,51.2,112.65,63.58,12.66,1.78,25.12
AHM07,SAC ISRO Satellite,Ahmedabad,19-10-2025,45.62,103.8,47.43,36.1,1.59,28.42
AHM07,SAC ISRO Satellite,Ahmedabad,20-10-2025,71.35,131.51,47.24,29.66,1.12,28.67
AHM07,SAC ISRO Satellite,Ahmedabad,21-10-2025,100.21,138.68,52.55,57.34,1.29,24.01
AHM07,SAC ISRO Satellite,Ahmedabad,22-10-2025,45.2,107.89,38.67,40.61,0.75,32.36
AHM07,SAC ISRO Satellite,Ahmedabad,23-10-2025,38.1,96.6,30.58,24.22,0.72,38.93
AHM07,SAC ISRO Satellite,Ahmedabad,24-10-2025,32.37,84.26,30.62,28.91,0.63,32.57
AHM07,SAC ISRO Satellite,Ahmedabad,25-10-2025,35.13,85.66,25.23,20.2,0.33,30.57
AHM07,SAC ISRO Satellite,Ahmedabad,26-10-2025,19.45,47.22,15.98,5.42,0.05,10.05
AHM07,SAC ISRO Satellite,Ahmedabad,27-10-2025,7.48,17.68,17.64,2.33,1.9,5.7
AHM07,SAC ISRO Satellite,Ahmedabad,28-10-2025,4.18,12.25,13.63,2.98,2.37,7.54
AHM07,SAC ISRO Satellite,Ahmedabad,29-10-2025,14.89,44,13.46,5.5,0.43,13.84
AHM07,SAC ISRO Satellite,Ahmedabad,30-10-2025,17.78,43.51,15.54,4.17,0.69,7.38
AHM07,SAC ISRO Satellite,Ahmedabad,31-10-2025,9.31,23.98,14.86,3.52,0.71,10.06
AHM07,SAC ISRO Satellite,Ahmedabad,01-11-2025,10.9,27.45,19.37,4.4,0.87,9.17
AHM07,SAC ISRO Satellite,Ahmedabad,02-11-2025,26.46,60.22,19.65,3.58,0.67,10.98
AHM07,SAC ISRO Satellite,Ahmedabad,03-11-2025,10.99,31.45,8.32,2.28,0.47,19.76
AHM07,SAC ISRO Satellite,Ahmedabad,04-11-2025,26.49,68.01,11.14,2.65,0.72,13.1
AHM07,SAC ISRO Satellite,Ahmedabad,05-11-2025,37.76,84.18,41.35,4.39,0.92,17.84
AHM07,SAC ISRO Satellite,Ahmedabad,06-11-2025,44.23,99.12,35.67,5.41,0.7,21.57
AHM07,SAC ISRO Satellite,Ahmedabad,07-11-2025,55.43,118.07,53.37,7.09,1.7,23.19
AHM07,SAC ISRO Satellite,Ahmedabad,08-11-2025,53.47,112.42,61.17,4.77,1.69,21.44
AHM07,SAC ISRO Satellite,Ahmedabad,09-11-2025,56.69,113.47,61.53,6.43,1.02,20.89
AHM07,SAC ISRO Satellite,Ahmedabad,10-11-2025,64.38,127.43,70.04,8.01,1.8,20.24
AHM07,SAC ISRO Satellite,Ahmedabad,11-11-2025,66.62,132.71,77.44,10.67,2.05,20.64
AHM07,SAC ISRO Satellite,Ahmedabad,12-11-2025,56.83,113.38,73.71,7.96,1.41,21.53
AHM07,SAC ISRO Satellite,Ahmedabad,13-11-2025,59.01,117.11,71.73,4.55,1.72,22.16
AHM07,SAC ISRO Satellite,Ahmedabad,14-11-2025,49.96,102.13,64.63,7.07,2,22.1
AHM07,SAC ISRO Satellite,Ahmedabad,15-11-2025,39.53,82.19,55.47,11.44,1.12,24.96
AHM07,SAC ISRO Satellite,Ahmedabad,16-11-2025,38.36,81.77,48.8,9.13,1.23,29
AHM07,SAC ISRO Satellite,Ahmedabad,17-11-2025,45.09,95.69,54.28,8.15,1.36,30.7
AHM07,SAC ISRO Satellite,Ahmedabad,18-11-2025,50.23,103.82,63.41,10.4,1.63,30.18
AHM07,SAC ISRO Satellite,Ahmedabad,19-11-2025,61.16,124.48,48.68,5.7,1.01,30.06
AHM07,SAC ISRO Satellite,Ahmedabad,20-11-2025,60.49,123.6,NaN,4.13,1.02,27.8
AHM07,SAC ISRO Satellite,Ahmedabad,21-11-2025,67.22,136.18,49.39,5.53,0.79,27.31
AHM07,SAC ISRO Satellite,Ahmedabad,22-11-2025,69.01,139.38,29.13,17.65,1.4,24.45
AHM07,SAC ISRO Satellite,Ahmedabad,23-11-2025,61.15,125.15,28.92,11.17,0.91,23.76
AHM07,SAC ISRO Satellite,Ahmedabad,24-11-2025,62.61,126.35,28.55,8.01,1.43,26.89
AHM07,SAC ISRO Satellite,Ahmedabad,25-11-2025,59.37,126.17,20.98,22.89,0.52,27.82
AHM07,SAC ISRO Satellite,Ahmedabad,26-11-2025,55.87,117.5,21.12,22.17,0.64,27.01
AHM07,SAC ISRO Satellite,Ahmedabad,27-11-2025,64.17,133.95,27.03,20.17,0.81,24.45
AHM07,SAC ISRO Satellite,Ahmedabad,28-11-2025,67.58,143.93,25.83,12.65,1.54,20.56
AHM07,SAC ISRO Satellite,Ahmedabad,29-11-2025,54.77,115.57,24.85,5.86,1,20.12
AHM07,SAC ISRO Satellite,Ahmedabad,30-11-2025,52.75,106.53,27.78,7.86,0.74,21.75
AHM07,SAC ISRO Satellite,Ahmedabad,01-12-2025,53.78,107.32,35.18,8.86,1.11,20.55
AHM07,SAC ISRO Satellite,Ahmedabad,02-12-2025,52.09,105.54,34.24,14.12,1.35,10.67
AHM07,SAC ISRO Satellite,Ahmedabad,03-12-2025,45.41,96.23,20.96,5.84,0.93,18.88
AHM07,SAC ISRO Satellite,Ahmedabad,04-12-2025,35.57,73.71,16.65,6.6,0.53,24.66
AHM07,SAC ISRO Satellite,Ahmedabad,05-12-2025,39.29,83,16.04,6.68,0.55,28.81
AHM07,SAC ISRO Satellite,Ahmedabad,06-12-2025,38.92,80.51,16.78,7.43,0.57,28.76
AHM07,SAC ISRO Satellite,Ahmedabad,07-12-2025,38.59,78.95,21.03,12.83,0.75,26.12
AHM07,SAC ISRO Satellite,Ahmedabad,08-12-2025,33.52,68.09,22.35,8.02,0.86,19.72
AHM07,SAC ISRO Satellite,Ahmedabad,09-12-2025,35.92,71.26,27.68,10.13,0.81,19.41
AHM07,SAC ISRO Satellite,Ahmedabad,10-12-2025,38.74,78.86,29.21,9.37,0.95,19.43
AHM07,SAC ISRO Satellite,Ahmedabad,11-12-2025,45.19,88.21,32.66,9.37,0.73,18.61
AHM07,SAC ISRO Satellite,Ahmedabad,12-12-2025,49.24,96.35,34.47,7.06,0.61,25.14
AHM07,SAC ISRO Satellite,Ahmedabad,13-12-2025,47.56,93.12,32.84,7.62,0.69,23.71
AHM07,SAC ISRO Satellite,Ahmedabad,14-12-2025,41.61,82.58,27.97,7.68,0.33,23.96
AHM07,SAC ISRO Satellite,Ahmedabad,15-12-2025,38.57,79.22,24.36,10.04,0.53,30.68
AHM07,SAC ISRO Satellite,Ahmedabad,16-12-2025,43.02,86.95,18.25,10.43,1.01,33.99
AHM07,SAC ISRO Satellite,Ahmedabad,17-12-2025,41.11,82.36,20.64,11.77,0.53,36.61
AHM07,SAC ISRO Satellite,Ahmedabad,18-12-2025,41.15,82.83,25.4,14.04,0.8,26.33
AHM07,SAC ISRO Satellite,Ahmedabad,19-12-2025,39.34,77.36,29.02,14.2,0.78,23.43
AHM07,SAC ISRO Satellite,Ahmedabad,20-12-2025,61.62,123.02,39.72,26.42,0.78,19.29
AHM07,SAC ISRO Satellite,Ahmedabad,21-12-2025,44.6,89.67,28.49,13.32,0.26,22.3
AHM07,SAC ISRO Satellite,Ahmedabad,22-12-2025,39.31,79.55,24.63,16.7,0.39,25.46
AHM07,SAC ISRO Satellite,Ahmedabad,23-12-2025,40.83,80.66,27.19,15.84,0.99,20.13
AHM07,SAC ISRO Satellite,Ahmedabad,24-12-2025,37.42,76.18,24.35,10.47,0.52,21.23
AHM07,SAC ISRO Satellite,Ahmedabad,25-12-2025,35.02,70.44,21.4,8.15,0.39,23.43
AHM07,SAC ISRO Satellite,Ahmedabad,26-12-2025,35.92,71.52,19.7,10.33,0.27,26.84
AHM07,SAC ISRO Satellite,Ahmedabad,27-12-2025,38.82,78.91,19.14,10.84,0.47,29.67
AHM07,SAC ISRO Satellite,Ahmedabad,28-12-2025,42.04,84.76,23.84,15.7,0.24,29.37
AHM07,SAC ISRO Satellite,Ahmedabad,29-12-2025,53.5,106.34,28.78,17.2,0.32,29.39
AHM07,SAC ISRO Satellite,Ahmedabad,30-12-2025,60.36,122.4,30.91,12.43,0.35,26.99
AHM07,SAC ISRO Satellite,Ahmedabad,31-12-2025,71.81,165.2,42.99,32.47,0.3,8.93
AHM08,SVPI Airport Hansol,Ahmedabad,01-01-2023,NaN,NaN,NaN,NaN,NaN,NaN
AHM08,SVPI Airport Hansol,Ahmedabad,02-01-2023,NaN,NaN,NaN,NaN,NaN,NaN
AHM08,SVPI Airport Hansol,Ahmedabad,03-01-2023,NaN,NaN,NaN,NaN,NaN,NaN
AHM08,SVPI Airport Hansol,Ahmedabad,04-01-2023,NaN,NaN,NaN,NaN,NaN,NaN
AHM08,SVPI Airport Hansol,Ahmedabad,05-01-2023,NaN,NaN,NaN,NaN,NaN,NaN
AHM08,SVPI Airport Hansol,Ahmedabad,06-01-2023,NaN,NaN,NaN,NaN,NaN,NaN
AHM08,SVPI Airport Hansol,Ahmedabad,07-01-2023,NaN,NaN,NaN,NaN,NaN,NaN
AHM08,SVPI Airport Hansol,Ahmedabad,08-01-2023,NaN,NaN,NaN,NaN,NaN,NaN
AHM08,SVPI Airport Hansol,Ahmedabad,09-01-2023,NaN,NaN,NaN,NaN,NaN,NaN
AHM08,SVPI Airport Hansol,Ahmedabad,10-01-2023,NaN,NaN,NaN,NaN,NaN,NaN
AHM08,SVPI Airport Hansol,Ahmedabad,11-01-2023,NaN,NaN,NaN,NaN,NaN,NaN
AHM08,SVPI Airport Hansol,Ahmedabad,12-01-2023,NaN,NaN,NaN,NaN,NaN,NaN
AHM08,SVPI Airport Hansol,Ahmedabad,13-01-2023,NaN,NaN,NaN,NaN,NaN,NaN
AHM08,SVPI Airport Hansol,Ahmedabad,14-01-2023,NaN,NaN,NaN,NaN,NaN,NaN
AHM08,SVPI Airport Hansol,Ahmedabad,15-01-2023,NaN,NaN,NaN,NaN,NaN,NaN
AHM08,SVPI Airport Hansol,Ahmedabad,16-01-2023,NaN,NaN,NaN,NaN,NaN,NaN
AHM08,SVPI Airport Hansol,Ahmedabad,17-01-2023,NaN,NaN,NaN,NaN,NaN,NaN
AHM08,SVPI Airport Hansol,Ahmedabad,18-01-2023,NaN,NaN,NaN,NaN,NaN,NaN
AHM08,SVPI Airport Hansol,Ahmedabad,19-01-2023,NaN,NaN,NaN,NaN,NaN,NaN
AHM08,SVPI Airport Hansol,Ahmedabad,20-01-2023,NaN,NaN,NaN,NaN,NaN,NaN
AHM08,SVPI Airport Hansol,Ahmedabad,21-01-2023,NaN,NaN,NaN,NaN,NaN,NaN
AHM08,SVPI Airport Hansol,Ahmedabad,22-01-2023,NaN,NaN,NaN,NaN,NaN,NaN
AHM08,SVPI Airport Hansol,Ahmedabad,23-01-2023,NaN,NaN,NaN,NaN,NaN,NaN
AHM08,SVPI Airport Hansol,Ahmedabad,24-01-2023,NaN,NaN,NaN,NaN,NaN,NaN
AHM08,SVPI Airport Hansol,Ahmedabad,25-01-2023,NaN,NaN,NaN,NaN,NaN,NaN
AHM08,SVPI Airport Hansol,Ahmedabad,26-01-2023,NaN,NaN,NaN,NaN,NaN,NaN
AHM08,SVPI Airport Hansol,Ahmedabad,27-01-2023,NaN,NaN,NaN,NaN,NaN,NaN
AHM08,SVPI Airport Hansol,Ahmedabad,28-01-2023,NaN,NaN,NaN,NaN,NaN,NaN
AHM08,SVPI Airport Hansol,Ahmedabad,29-01-2023,NaN,NaN,NaN,NaN,NaN,NaN
AHM08,SVPI Airport Hansol,Ahmedabad,30-01-2023,NaN,NaN,NaN,NaN,NaN,NaN
AHM08,SVPI Airport Hansol,Ahmedabad,31-01-2023,NaN,NaN,NaN,NaN,NaN,NaN
AHM08,SVPI Airport Hansol,Ahmedabad,01-02-2023,NaN,NaN,NaN,NaN,NaN,NaN
AHM08,SVPI Airport Hansol,Ahmedabad,02-02-2023,NaN,NaN,NaN,NaN,NaN,NaN
AHM08,SVPI Airport Hansol,Ahmedabad,03-02-2023,NaN,NaN,NaN,NaN,NaN,NaN
AHM08,SVPI Airport Hansol,Ahmedabad,04-02-2023,NaN,NaN,NaN,NaN,NaN,NaN
AHM08,SVPI Airport Hansol,Ahmedabad,05-02-2023,NaN,NaN,NaN,NaN,NaN,NaN
AHM08,SVPI Airport Hansol,Ahmedabad,06-02-2023,NaN,NaN,NaN,NaN,NaN,NaN
AHM08,SVPI Airport Hansol,Ahmedabad,07-02-2023,NaN,NaN,NaN,NaN,NaN,NaN
AHM08,SVPI Airport Hansol,Ahmedabad,08-02-2023,NaN,NaN,NaN,NaN,NaN,NaN
AHM08,SVPI Airport Hansol,Ahmedabad,09-02-2023,NaN,NaN,NaN,NaN,NaN,NaN
AHM08,SVPI Airport Hansol,Ahmedabad,10-02-2023,NaN,NaN,NaN,NaN,NaN,NaN
AHM08,SVPI Airport Hansol,Ahmedabad,11-02-2023,NaN,NaN,NaN,NaN,NaN,NaN
AHM08,SVPI Airport Hansol,Ahmedabad,12-02-2023,NaN,NaN,NaN,NaN,NaN,NaN
AHM08,SVPI Airport Hansol,Ahmedabad,13-02-2023,NaN,NaN,NaN,NaN,NaN,NaN
AHM08,SVPI Airport Hansol,Ahmedabad,14-02-2023,NaN,NaN,NaN,NaN,NaN,NaN
AHM08,SVPI Airport Hansol,Ahmedabad,15-02-2023,NaN,NaN,NaN,NaN,NaN,NaN
AHM08,SVPI Airport Hansol,Ahmedabad,16-02-2023,NaN,NaN,NaN,NaN,NaN,NaN
AHM08,SVPI Airport Hansol,Ahmedabad,17-02-2023,NaN,NaN,NaN,NaN,NaN,NaN
AHM08,SVPI Airport Hansol,Ahmedabad,18-02-2023,NaN,NaN,NaN,NaN,NaN,NaN
AHM08,SVPI Airport Hansol,Ahmedabad,19-02-2023,NaN,NaN,NaN,NaN,NaN,NaN
AHM08,SVPI Airport Hansol,Ahmedabad,20-02-2023,NaN,NaN,NaN,NaN,NaN,NaN
AHM08,SVPI Airport Hansol,Ahmedabad,21-02-2023,NaN,NaN,NaN,NaN,NaN,NaN
AHM08,SVPI Airport Hansol,Ahmedabad,22-02-2023,NaN,NaN,NaN,NaN,NaN,NaN
AHM08,SVPI Airport Hansol,Ahmedabad,23-02-2023,NaN,NaN,NaN,NaN,NaN,NaN
AHM08,SVPI Airport Hansol,Ahmedabad,24-02-2023,NaN,NaN,NaN,NaN,NaN,NaN
AHM08,SVPI Airport Hansol,Ahmedabad,25-02-2023,NaN,NaN,NaN,NaN,NaN,NaN
AHM08,SVPI Airport Hansol,Ahmedabad,26-02-2023,NaN,NaN,NaN,NaN,NaN,NaN
AHM08,SVPI Airport Hansol,Ahmedabad,27-02-2023,NaN,NaN,NaN,NaN,NaN,NaN
AHM08,SVPI Airport Hansol,Ahmedabad,28-02-2023,NaN,NaN,NaN,NaN,NaN,NaN
AHM08,SVPI Airport Hansol,Ahmedabad,01-03-2023,NaN,NaN,NaN,NaN,NaN,NaN
AHM08,SVPI Airport Hansol,Ahmedabad,02-03-2023,NaN,NaN,NaN,NaN,NaN,NaN
AHM08,SVPI Airport Hansol,Ahmedabad,03-03-2023,NaN,NaN,NaN,NaN,NaN,NaN
AHM08,SVPI Airport Hansol,Ahmedabad,04-03-2023,NaN,NaN,NaN,NaN,NaN,NaN
AHM08,SVPI Airport Hansol,Ahmedabad,05-03-2023,NaN,NaN,NaN,NaN,NaN,NaN
AHM08,SVPI Airport Hansol,Ahmedabad,06-03-2023,NaN,NaN,NaN,NaN,NaN,NaN
AHM08,SVPI Airport Hansol,Ahmedabad,07-03-2023,NaN,NaN,NaN,NaN,NaN,NaN
AHM08,SVPI Airport Hansol,Ahmedabad,08-03-2023,NaN,NaN,NaN,NaN,NaN,NaN
AHM08,SVPI Airport Hansol,Ahmedabad,09-03-2023,NaN,NaN,NaN,NaN,NaN,NaN
AHM08,SVPI Airport Hansol,Ahmedabad,10-03-2023,NaN,NaN,NaN,NaN,NaN,NaN
AHM08,SVPI Airport Hansol,Ahmedabad,11-03-2023,NaN,NaN,NaN,NaN,NaN,NaN
AHM08,SVPI Airport Hansol,Ahmedabad,12-03-2023,NaN,NaN,NaN,NaN,NaN,NaN
AHM08,SVPI Airport Hansol,Ahmedabad,13-03-2023,NaN,NaN,NaN,NaN,NaN,NaN
AHM08,SVPI Airport Hansol,Ahmedabad,14-03-2023,NaN,NaN,NaN,NaN,NaN,NaN
AHM08,SVPI Airport Hansol,Ahmedabad,15-03-2023,NaN,NaN,NaN,NaN,NaN,NaN
AHM08,SVPI Airport Hansol,Ahmedabad,16-03-2023,NaN,NaN,NaN,NaN,NaN,NaN
AHM08,SVPI Airport Hansol,Ahmedabad,17-03-2023,NaN,NaN,NaN,NaN,NaN,NaN
AHM08,SVPI Airport Hansol,Ahmedabad,18-03-2023,NaN,NaN,NaN,NaN,NaN,NaN
AHM08,SVPI Airport Hansol,Ahmedabad,19-03-2023,NaN,NaN,NaN,NaN,NaN,NaN
AHM08,SVPI Airport Hansol,Ahmedabad,20-03-2023,NaN,NaN,NaN,NaN,NaN,NaN
AHM08,SVPI Airport Hansol,Ahmedabad,21-03-2023,NaN,NaN,NaN,NaN,NaN,NaN
AHM08,SVPI Airport Hansol,Ahmedabad,22-03-2023,NaN,NaN,NaN,NaN,NaN,NaN
AHM08,SVPI Airport Hansol,Ahmedabad,23-03-2023,NaN,NaN,NaN,NaN,NaN,NaN
AHM08,SVPI Airport Hansol,Ahmedabad,24-03-2023,NaN,NaN,NaN,NaN,NaN,NaN
AHM08,SVPI Airport Hansol,Ahmedabad,25-03-2023,NaN,NaN,NaN,NaN,NaN,NaN
AHM08,SVPI Airport Hansol,Ahmedabad,26-03-2023,NaN,NaN,NaN,NaN,NaN,NaN
AHM08,SVPI Airport Hansol,Ahmedabad,27-03-2023,NaN,NaN,NaN,NaN,NaN,NaN
AHM08,SVPI Airport Hansol,Ahmedabad,28-03-2023,NaN,NaN,NaN,NaN,NaN,NaN
AHM08,SVPI Airport Hansol,Ahmedabad,29-03-2023,NaN,NaN,NaN,NaN,NaN,NaN
AHM08,SVPI Airport Hansol,Ahmedabad,30-03-2023,9.65,92.92,NaN,NaN,0.49,NaN
AHM08,SVPI Airport Hansol,Ahmedabad,31-03-2023,12.22,65.18,NaN,NaN,0.5,NaN
AHM08,SVPI Airport Hansol,Ahmedabad,01-04-2023,12.4,58.8,NaN,NaN,0.5,NaN
AHM08,SVPI Airport Hansol,Ahmedabad,02-04-2023,3.99,50.6,NaN,NaN,0.5,NaN
AHM08,SVPI Airport Hansol,Ahmedabad,03-04-2023,6.47,57.42,NaN,NaN,0.5,NaN
AHM08,SVPI Airport Hansol,Ahmedabad,04-04-2023,10.83,57.97,NaN,NaN,0.5,NaN
AHM08,SVPI Airport Hansol,Ahmedabad,05-04-2023,9.22,77.46,NaN,NaN,0.5,NaN
AHM08,SVPI Airport Hansol,Ahmedabad,06-04-2023,8.33,72.27,NaN,NaN,0.5,NaN
AHM08,SVPI Airport Hansol,Ahmedabad,07-04-2023,23.57,75.16,NaN,NaN,0.5,NaN
AHM08,SVPI Airport Hansol,Ahmedabad,08-04-2023,17.63,100.75,NaN,NaN,0.5,NaN
AHM08,SVPI Airport Hansol,Ahmedabad,09-04-2023,11.39,102.52,NaN,NaN,0.5,NaN
AHM08,SVPI Airport Hansol,Ahmedabad,10-04-2023,15.19,138.78,NaN,NaN,0.5,NaN
AHM08,SVPI Airport Hansol,Ahmedabad,11-04-2023,NaN,NaN,NaN,NaN,NaN,NaN
AHM08,SVPI Airport Hansol,Ahmedabad,12-04-2023,NaN,NaN,NaN,NaN,NaN,NaN
AHM08,SVPI Airport Hansol,Ahmedabad,13-04-2023,NaN,NaN,NaN,NaN,NaN,NaN
AHM08,SVPI Airport Hansol,Ahmedabad,14-04-2023,NaN,NaN,NaN,NaN,NaN,NaN
AHM08,SVPI Airport Hansol,Ahmedabad,15-04-2023,35.69,70.69,NaN,NaN,1.46,NaN
AHM08,SVPI Airport Hansol,Ahmedabad,16-04-2023,19.67,59.94,NaN,NaN,2,NaN
AHM08,SVPI Airport Hansol,Ahmedabad,17-04-2023,20.45,68.6,NaN,NaN,2.2,NaN
AHM08,SVPI Airport Hansol,Ahmedabad,18-04-2023,18.64,60,NaN,NaN,1.58,NaN
AHM08,SVPI Airport Hansol,Ahmedabad,19-04-2023,27.32,107.86,NaN,NaN,0.52,NaN
AHM08,SVPI Airport Hansol,Ahmedabad,20-04-2023,17.23,58.9,NaN,117.64,0.43,NaN
AHM08,SVPI Airport Hansol,Ahmedabad,21-04-2023,16.33,73.2,NaN,132.31,0.52,NaN
AHM08,SVPI Airport Hansol,Ahmedabad,22-04-2023,18.05,57.57,NaN,134.55,0.64,NaN
AHM08,SVPI Airport Hansol,Ahmedabad,23-04-2023,29.33,52.91,NaN,134.98,0.72,NaN
AHM08,SVPI Airport Hansol,Ahmedabad,24-04-2023,34.41,60.26,NaN,134.72,0.64,NaN
AHM08,SVPI Airport Hansol,Ahmedabad,25-04-2023,38.2,91.5,NaN,135.17,0.92,NaN
AHM08,SVPI Airport Hansol,Ahmedabad,26-04-2023,46.41,103.71,16.42,61.5,1.29,9.1
AHM08,SVPI Airport Hansol,Ahmedabad,27-04-2023,51.21,89.13,16.39,22.11,0.92,9.02
AHM08,SVPI Airport Hansol,Ahmedabad,28-04-2023,40.37,75.55,16.44,18.92,0.89,8.99
AHM08,SVPI Airport Hansol,Ahmedabad,29-04-2023,14.88,37.47,16.53,7.98,0.93,9.04
AHM08,SVPI Airport Hansol,Ahmedabad,30-04-2023,8.97,33.55,16.43,11.38,0.91,9.02
AHM08,SVPI Airport Hansol,Ahmedabad,01-05-2023,8.78,40.55,16.32,10.18,1.08,9.02
AHM08,SVPI Airport Hansol,Ahmedabad,02-05-2023,8.76,37.43,16.45,10.9,0.91,9.01
AHM08,SVPI Airport Hansol,Ahmedabad,03-05-2023,14.22,44.66,16.46,14.13,0.97,9.01
AHM08,SVPI Airport Hansol,Ahmedabad,04-05-2023,24.16,38.83,16.41,5.67,0.88,9.03
AHM08,SVPI Airport Hansol,Ahmedabad,05-05-2023,33.3,58.23,16.39,11.9,1,8.96
AHM08,SVPI Airport Hansol,Ahmedabad,06-05-2023,24.43,43.27,16.42,43.42,1.01,9.02
AHM08,SVPI Airport Hansol,Ahmedabad,07-05-2023,27.32,48.54,16.31,70.08,1.07,9.02
AHM08,SVPI Airport Hansol,Ahmedabad,08-05-2023,26.85,45.87,16.46,88.54,1.1,9.01
AHM08,SVPI Airport Hansol,Ahmedabad,09-05-2023,36.66,63.36,16.31,100.08,1.19,9.02
AHM08,SVPI Airport Hansol,Ahmedabad,10-05-2023,34.87,61.98,16.39,88.91,1.39,8.97
AHM08,SVPI Airport Hansol,Ahmedabad,11-05-2023,36.23,65.91,16.45,114.63,1.42,9
AHM08,SVPI Airport Hansol,Ahmedabad,12-05-2023,36.23,64.22,16.43,101.03,1.49,8.98
AHM08,SVPI Airport Hansol,Ahmedabad,13-05-2023,33.84,58.28,16.42,114.58,1.36,9.04
AHM08,SVPI Airport Hansol,Ahmedabad,14-05-2023,25.61,41.82,16.44,87.54,1.25,9.02
AHM08,SVPI Airport Hansol,Ahmedabad,15-05-2023,25.02,40.31,16.44,84.81,1.35,8.99
AHM08,SVPI Airport Hansol,Ahmedabad,16-05-2023,23.11,37.3,16.39,114.06,1.38,8.97
AHM08,SVPI Airport Hansol,Ahmedabad,17-05-2023,21.03,34.04,16.5,102.98,1.41,9.01
AHM08,SVPI Airport Hansol,Ahmedabad,18-05-2023,24.69,40.34,16.56,103.51,1.46,9.02
AHM08,SVPI Airport Hansol,Ahmedabad,19-05-2023,27.05,44.87,16.52,69.07,1.58,8.95
AHM08,SVPI Airport Hansol,Ahmedabad,20-05-2023,24.21,48.55,16.51,104.42,1.66,8.97
AHM08,SVPI Airport Hansol,Ahmedabad,21-05-2023,19.48,47.84,16.44,98.3,1.69,8.98
AHM08,SVPI Airport Hansol,Ahmedabad,22-05-2023,17.09,36.52,16.41,95.87,1.65,8.98
AHM08,SVPI Airport Hansol,Ahmedabad,23-05-2023,18.9,43.11,16.4,44.75,1.75,9.06
AHM08,SVPI Airport Hansol,Ahmedabad,24-05-2023,12.54,46.42,16.47,8.2,1.78,9.03
AHM08,SVPI Airport Hansol,Ahmedabad,25-05-2023,14.92,49.15,16.4,8.03,1.84,8.92
AHM08,SVPI Airport Hansol,Ahmedabad,26-05-2023,18.31,41.43,16.45,8.12,1.91,8.98
AHM08,SVPI Airport Hansol,Ahmedabad,27-05-2023,16.58,39.13,16.56,8.09,2.09,8.96
AHM08,SVPI Airport Hansol,Ahmedabad,28-05-2023,NaN,NaN,NaN,NaN,NaN,NaN
AHM08,SVPI Airport Hansol,Ahmedabad,29-05-2023,NaN,NaN,16.38,8.22,3.32,9.04
AHM08,SVPI Airport Hansol,Ahmedabad,30-05-2023,NaN,NaN,16.41,8.18,0.63,9.02
AHM08,SVPI Airport Hansol,Ahmedabad,31-05-2023,NaN,NaN,16.48,8.14,0.66,8.99
AHM08,SVPI Airport Hansol,Ahmedabad,01-06-2023,NaN,NaN,16.52,8.18,0.49,9.02
AHM08,SVPI Airport Hansol,Ahmedabad,02-06-2023,NaN,NaN,16.44,16.35,0.4,9
AHM08,SVPI Airport Hansol,Ahmedabad,03-06-2023,NaN,NaN,16.52,3.56,0.47,9
AHM08,SVPI Airport Hansol,Ahmedabad,04-06-2023,NaN,NaN,NaN,NaN,NaN,NaN
AHM08,SVPI Airport Hansol,Ahmedabad,05-06-2023,102.91,226.08,16.49,5.98,0.5,8.97
AHM08,SVPI Airport Hansol,Ahmedabad,06-06-2023,15.74,51.83,15.21,23.89,0.43,8.98
AHM08,SVPI Airport Hansol,Ahmedabad,07-06-2023,22.61,56.19,NaN,22.33,0.47,9.01
AHM08,SVPI Airport Hansol,Ahmedabad,08-06-2023,19.52,52.76,NaN,24.76,0.36,9.01
AHM08,SVPI Airport Hansol,Ahmedabad,09-06-2023,19.68,48.06,NaN,27.85,0.45,9.01
AHM08,SVPI Airport Hansol,Ahmedabad,10-06-2023,15.03,30.01,NaN,31.6,0.51,8.97
AHM08,SVPI Airport Hansol,Ahmedabad,11-06-2023,NaN,NaN,NaN,NaN,NaN,NaN
AHM08,SVPI Airport Hansol,Ahmedabad,12-06-2023,10.8,43.21,NaN,22.14,0.56,9.03
AHM08,SVPI Airport Hansol,Ahmedabad,13-06-2023,21.71,52.74,NaN,19.9,0.75,9.01
AHM08,SVPI Airport Hansol,Ahmedabad,14-06-2023,13.2,47.96,NaN,20.49,0.79,9.02
AHM08,SVPI Airport Hansol,Ahmedabad,15-06-2023,8.61,37.09,NaN,19.63,0.72,8.98
AHM08,SVPI Airport Hansol,Ahmedabad,16-06-2023,13.33,39.07,NaN,18.92,0.76,8.97
AHM08,SVPI Airport Hansol,Ahmedabad,17-06-2023,14.71,46.54,NaN,18.71,0.86,8.98
AHM08,SVPI Airport Hansol,Ahmedabad,18-06-2023,17.92,62.44,NaN,19.83,0.86,9
AHM08,SVPI Airport Hansol,Ahmedabad,19-06-2023,19.79,58.71,NaN,24.88,1.25,8.99
AHM08,SVPI Airport Hansol,Ahmedabad,20-06-2023,22.55,64.01,NaN,25.59,1.41,9.01
AHM08,SVPI Airport Hansol,Ahmedabad,21-06-2023,12.85,54.54,NaN,18.52,1.49,9.03
AHM08,SVPI Airport Hansol,Ahmedabad,22-06-2023,NaN,NaN,NaN,NaN,NaN,NaN
AHM08,SVPI Airport Hansol,Ahmedabad,23-06-2023,NaN,NaN,NaN,NaN,NaN,NaN
AHM08,SVPI Airport Hansol,Ahmedabad,24-06-2023,19.11,61.89,NaN,22.17,2.01,9.02
AHM08,SVPI Airport Hansol,Ahmedabad,25-06-2023,18.69,43.77,NaN,27.22,2.01,9
AHM08,SVPI Airport Hansol,Ahmedabad,26-06-2023,23.8,36.97,NaN,25.3,1.47,9.01
AHM08,SVPI Airport Hansol,Ahmedabad,27-06-2023,18.86,32.04,NaN,21.98,1.12,8.99
AHM08,SVPI Airport Hansol,Ahmedabad,28-06-2023,21.25,37.02,NaN,22.48,1.43,9
AHM08,SVPI Airport Hansol,Ahmedabad,29-06-2023,20.27,31.22,NaN,16.9,1.19,8.96
AHM08,SVPI Airport Hansol,Ahmedabad,30-06-2023,35.88,65.73,NaN,38.11,4.17,9.05
AHM08,SVPI Airport Hansol,Ahmedabad,01-07-2023,NaN,NaN,NaN,NaN,NaN,NaN
AHM08,SVPI Airport Hansol,Ahmedabad,02-07-2023,NaN,NaN,NaN,NaN,NaN,NaN
AHM08,SVPI Airport Hansol,Ahmedabad,03-07-2023,23.15,45.67,NaN,22.82,1.68,9
AHM08,SVPI Airport Hansol,Ahmedabad,04-07-2023,24.2,44.44,NaN,18.53,NaN,9.03
AHM08,SVPI Airport Hansol,Ahmedabad,05-07-2023,22.86,43.31,NaN,20.22,0.73,8.99
AHM08,SVPI Airport Hansol,Ahmedabad,06-07-2023,17.75,31.89,NaN,19,0.71,9.04
AHM08,SVPI Airport Hansol,Ahmedabad,07-07-2023,13.95,24.88,NaN,19.07,0.65,9.01
AHM08,SVPI Airport Hansol,Ahmedabad,08-07-2023,2.12,4.65,NaN,18.65,0.64,9.01
AHM08,SVPI Airport Hansol,Ahmedabad,09-07-2023,2.59,5.08,NaN,18.78,0.5,8.98
AHM08,SVPI Airport Hansol,Ahmedabad,10-07-2023,29.47,60.87,NaN,18.74,NaN,9.01
AHM08,SVPI Airport Hansol,Ahmedabad,11-07-2023,35.5,74.21,NaN,18.55,NaN,9
AHM08,SVPI Airport Hansol,Ahmedabad,12-07-2023,37.84,83.17,NaN,18.94,NaN,8.98
AHM08,SVPI Airport Hansol,Ahmedabad,13-07-2023,38.31,79.15,NaN,18.52,0.31,8.98
AHM08,SVPI Airport Hansol,Ahmedabad,14-07-2023,29.04,63.8,NaN,18.43,0.36,8.98
AHM08,SVPI Airport Hansol,Ahmedabad,15-07-2023,24.59,52.56,NaN,18.35,0.45,9
AHM08,SVPI Airport Hansol,Ahmedabad,16-07-2023,17.25,37.4,NaN,18.31,0.32,9.02
AHM08,SVPI Airport Hansol,Ahmedabad,17-07-2023,28.25,62.09,NaN,18.59,0.42,8.97
AHM08,SVPI Airport Hansol,Ahmedabad,18-07-2023,29.64,65.47,NaN,18.84,0.56,9.03
AHM08,SVPI Airport Hansol,Ahmedabad,19-07-2023,19.92,41.67,NaN,18.67,0.69,9
AHM08,SVPI Airport Hansol,Ahmedabad,20-07-2023,12.44,26.33,NaN,18.53,0.6,9
AHM08,SVPI Airport Hansol,Ahmedabad,21-07-2023,16.13,36.69,NaN,18.52,0.48,9
AHM08,SVPI Airport Hansol,Ahmedabad,22-07-2023,21.58,45.25,NaN,18.78,0.38,9.03
AHM08,SVPI Airport Hansol,Ahmedabad,23-07-2023,10.57,19.31,NaN,18.57,0.46,9
AHM08,SVPI Airport Hansol,Ahmedabad,24-07-2023,8.19,17.33,NaN,20.77,0.71,9
AHM08,SVPI Airport Hansol,Ahmedabad,25-07-2023,12.49,23.15,NaN,18.25,1.26,9
AHM08,SVPI Airport Hansol,Ahmedabad,26-07-2023,13.33,25.44,NaN,18.27,1.32,8.99
AHM08,SVPI Airport Hansol,Ahmedabad,27-07-2023,30.87,59.43,NaN,18.33,1.2,9
AHM08,SVPI Airport Hansol,Ahmedabad,28-07-2023,25.16,48.67,NaN,18.34,1.1,9.05
AHM08,SVPI Airport Hansol,Ahmedabad,29-07-2023,22.45,41.86,NaN,18.37,1.15,9.05
AHM08,SVPI Airport Hansol,Ahmedabad,30-07-2023,23.4,42.76,NaN,18.22,1.05,9
AHM08,SVPI Airport Hansol,Ahmedabad,31-07-2023,19.07,34.53,NaN,17.76,1,8.95
AHM08,SVPI Airport Hansol,Ahmedabad,01-08-2023,19.9,36.33,NaN,18.15,0.98,8.96
AHM08,SVPI Airport Hansol,Ahmedabad,02-08-2023,27.98,52.67,NaN,18.13,0.89,9.03
AHM08,SVPI Airport Hansol,Ahmedabad,03-08-2023,35.36,67.49,NaN,18.19,0.92,9
AHM08,SVPI Airport Hansol,Ahmedabad,04-08-2023,36.25,77.11,NaN,18.2,0.87,8.98
AHM08,SVPI Airport Hansol,Ahmedabad,05-08-2023,34.03,68.33,NaN,18.29,0.84,8.96
AHM08,SVPI Airport Hansol,Ahmedabad,06-08-2023,34.54,68.89,NaN,18.24,0.71,8.95
AHM08,SVPI Airport Hansol,Ahmedabad,07-08-2023,32.91,66.04,NaN,18.33,0.72,9.03
AHM08,SVPI Airport Hansol,Ahmedabad,08-08-2023,36.24,70.94,NaN,18.15,0.66,8.99
AHM08,SVPI Airport Hansol,Ahmedabad,09-08-2023,32.83,65.4,NaN,18.27,0.64,9
AHM08,SVPI Airport Hansol,Ahmedabad,10-08-2023,40.78,78.84,NaN,18.36,0.66,9.03
AHM08,SVPI Airport Hansol,Ahmedabad,11-08-2023,37.48,71.64,NaN,18.17,0.58,9
AHM08,SVPI Airport Hansol,Ahmedabad,12-08-2023,32.35,62.95,NaN,18.22,1.48,9.03
AHM08,SVPI Airport Hansol,Ahmedabad,13-08-2023,30.43,58.2,NaN,18.48,0.42,9
AHM08,SVPI Airport Hansol,Ahmedabad,14-08-2023,31.75,61.01,NaN,18.5,0.23,8.98
AHM08,SVPI Airport Hansol,Ahmedabad,15-08-2023,29.08,63.99,NaN,21.22,0.47,9
AHM08,SVPI Airport Hansol,Ahmedabad,16-08-2023,25.91,64.81,NaN,21.81,0.72,9.01
AHM08,SVPI Airport Hansol,Ahmedabad,17-08-2023,35.82,91.04,NaN,35.93,0.67,8.99
AHM08,SVPI Airport Hansol,Ahmedabad,18-08-2023,34.96,97.44,NaN,34.46,0.7,9.04
AHM08,SVPI Airport Hansol,Ahmedabad,19-08-2023,26.35,95.31,NaN,23.16,0.91,8.99
AHM08,SVPI Airport Hansol,Ahmedabad,20-08-2023,16.43,64.95,NaN,20.84,0.6,9.02
AHM08,SVPI Airport Hansol,Ahmedabad,21-08-2023,16.83,77.61,NaN,25.4,0.79,8.98
AHM08,SVPI Airport Hansol,Ahmedabad,22-08-2023,15.59,75.16,NaN,28.76,0.97,9.05
AHM08,SVPI Airport Hansol,Ahmedabad,23-08-2023,7.8,52.61,NaN,30.24,1.05,9.03
AHM08,SVPI Airport Hansol,Ahmedabad,24-08-2023,7.44,45.35,NaN,24.39,0.56,9.01
AHM08,SVPI Airport Hansol,Ahmedabad,25-08-2023,NaN,NaN,NaN,NaN,NaN,NaN
AHM08,SVPI Airport Hansol,Ahmedabad,26-08-2023,NaN,NaN,NaN,NaN,NaN,NaN
AHM08,SVPI Airport Hansol,Ahmedabad,27-08-2023,NaN,NaN,NaN,NaN,NaN,NaN
AHM08,SVPI Airport Hansol,Ahmedabad,28-08-2023,NaN,NaN,NaN,NaN,NaN,NaN
AHM08,SVPI Airport Hansol,Ahmedabad,29-08-2023,12.2,75.89,NaN,26.13,3.95,8.95
AHM08,SVPI Airport Hansol,Ahmedabad,30-08-2023,11.92,80.39,NaN,24.17,2.76,9.05
AHM08,SVPI Airport Hansol,Ahmedabad,31-08-2023,14.4,82.3,NaN,26.48,2.92,9.01
AHM08,SVPI Airport Hansol,Ahmedabad,01-09-2023,10.76,91.6,NaN,26.93,3.43,9.02
AHM08,SVPI Airport Hansol,Ahmedabad,02-09-2023,11.82,92.33,NaN,24.07,3.67,9.06
AHM08,SVPI Airport Hansol,Ahmedabad,03-09-2023,10.19,84.74,NaN,24.63,3.8,9
AHM08,SVPI Airport Hansol,Ahmedabad,04-09-2023,20.75,77.65,NaN,23.76,4.06,8.95
AHM08,SVPI Airport Hansol,Ahmedabad,05-09-2023,35.41,73.39,NaN,23.76,4.09,9.04
AHM08,SVPI Airport Hansol,Ahmedabad,06-09-2023,54.33,73.06,NaN,21.9,4.33,9.04
AHM08,SVPI Airport Hansol,Ahmedabad,07-09-2023,22.13,46.96,NaN,18.88,4.3,8.98
AHM08,SVPI Airport Hansol,Ahmedabad,08-09-2023,28.05,57.63,NaN,19.28,2.22,8.99
AHM08,SVPI Airport Hansol,Ahmedabad,09-09-2023,20.96,45.24,NaN,18.38,0,9.04
AHM08,SVPI Airport Hansol,Ahmedabad,10-09-2023,27.18,53.24,NaN,18.2,0,8.99
AHM08,SVPI Airport Hansol,Ahmedabad,11-09-2023,30.11,53.13,NaN,20.22,0,9
AHM08,SVPI Airport Hansol,Ahmedabad,12-09-2023,29.71,48,NaN,19.45,0,8.96
AHM08,SVPI Airport Hansol,Ahmedabad,13-09-2023,29.97,48.32,NaN,18.51,0,9.04
AHM08,SVPI Airport Hansol,Ahmedabad,14-09-2023,34.33,57.33,NaN,18.46,0,9
AHM08,SVPI Airport Hansol,Ahmedabad,15-09-2023,33.69,64.54,NaN,18.37,0,9
AHM08,SVPI Airport Hansol,Ahmedabad,16-09-2023,29.87,62.76,NaN,18.19,0,9.01
AHM08,SVPI Airport Hansol,Ahmedabad,17-09-2023,15.71,30.83,NaN,18.64,0,9.03
AHM08,SVPI Airport Hansol,Ahmedabad,18-09-2023,9.45,18.62,NaN,18.3,0,8.96
AHM08,SVPI Airport Hansol,Ahmedabad,19-09-2023,16.99,35.83,NaN,18.27,0,9
AHM08,SVPI Airport Hansol,Ahmedabad,20-09-2023,21.47,43.9,NaN,18.18,0,9
AHM08,SVPI Airport Hansol,Ahmedabad,21-09-2023,39.16,75.18,NaN,18.22,0.34,9.02
AHM08,SVPI Airport Hansol,Ahmedabad,22-09-2023,33.14,63.2,NaN,18.23,0.62,9.05
AHM08,SVPI Airport Hansol,Ahmedabad,23-09-2023,46.15,90.48,NaN,18.11,0.52,9.02
AHM08,SVPI Airport Hansol,Ahmedabad,24-09-2023,35.84,68.93,NaN,18.51,0.46,9.02
AHM08,SVPI Airport Hansol,Ahmedabad,25-09-2023,50.32,93.75,NaN,18.17,0.54,9.01
AHM08,SVPI Airport Hansol,Ahmedabad,26-09-2023,67.54,128.45,NaN,17.65,0.61,8.99
AHM08,SVPI Airport Hansol,Ahmedabad,27-09-2023,63.5,131.07,NaN,18,0.41,9.01
AHM08,SVPI Airport Hansol,Ahmedabad,28-09-2023,49.46,93.43,NaN,19.65,0.25,14.48
AHM08,SVPI Airport Hansol,Ahmedabad,29-09-2023,22.17,79.87,NaN,18.15,0.71,18.61
AHM08,SVPI Airport Hansol,Ahmedabad,30-09-2023,37.3,151.04,NaN,18.06,0.91,9.01
AHM08,SVPI Airport Hansol,Ahmedabad,01-10-2023,32.9,125.14,NaN,17.55,0.56,9.03
AHM08,SVPI Airport Hansol,Ahmedabad,02-10-2023,40.79,153.82,NaN,18.74,0.06,9.28
AHM08,SVPI Airport Hansol,Ahmedabad,03-10-2023,28.77,123.96,NaN,16.93,0.02,12.76
AHM08,SVPI Airport Hansol,Ahmedabad,04-10-2023,28.02,126.6,34,18.3,0.33,12.55
AHM08,SVPI Airport Hansol,Ahmedabad,05-10-2023,24.91,101.34,29.87,17.91,0.54,17.75
AHM08,SVPI Airport Hansol,Ahmedabad,06-10-2023,22.1,102.32,29.71,18.36,0.67,24.26
AHM08,SVPI Airport Hansol,Ahmedabad,07-10-2023,17.96,98.22,30.55,17.94,0.9,39.19
AHM08,SVPI Airport Hansol,Ahmedabad,08-10-2023,37.5,95.87,30.11,8.51,0.97,32.25
AHM08,SVPI Airport Hansol,Ahmedabad,09-10-2023,16.35,88.33,13.09,8.26,0.77,9.33
AHM08,SVPI Airport Hansol,Ahmedabad,10-10-2023,19.79,102.57,31.6,5.83,1.14,42.52
AHM08,SVPI Airport Hansol,Ahmedabad,11-10-2023,NaN,NaN,NaN,NaN,NaN,NaN
AHM08,SVPI Airport Hansol,Ahmedabad,12-10-2023,21.3,125.5,37.8,7.96,1.09,21.82
AHM08,SVPI Airport Hansol,Ahmedabad,13-10-2023,26.05,148.24,39.18,8.26,1.6,16.96
AHM08,SVPI Airport Hansol,Ahmedabad,14-10-2023,31.7,162.09,42.06,8.43,1.85,17.92
AHM08,SVPI Airport Hansol,Ahmedabad,15-10-2023,19.53,98.67,38.74,8.4,1.25,14.38
AHM08,SVPI Airport Hansol,Ahmedabad,16-10-2023,24.35,97.18,38.72,8.3,1.32,12.63
AHM08,SVPI Airport Hansol,Ahmedabad,17-10-2023,25.93,106,39.13,8.14,0.79,12.7
AHM08,SVPI Airport Hansol,Ahmedabad,18-10-2023,24.58,113.15,42.13,8.48,0.93,12.91
AHM08,SVPI Airport Hansol,Ahmedabad,19-10-2023,32.46,154.62,42.14,8.17,1.02,15
AHM08,SVPI Airport Hansol,Ahmedabad,20-10-2023,24,123.81,43.49,8.22,1.04,17.88
AHM08,SVPI Airport Hansol,Ahmedabad,21-10-2023,26.75,138.78,43.04,8.22,1.05,16.45
AHM08,SVPI Airport Hansol,Ahmedabad,22-10-2023,26.69,141.54,44.99,8.24,1.16,15.2
AHM08,SVPI Airport Hansol,Ahmedabad,23-10-2023,25.06,132.29,44.51,8.36,0.96,14.65
AHM08,SVPI Airport Hansol,Ahmedabad,24-10-2023,28.4,126.05,46.5,8.09,0.98,15.79
AHM08,SVPI Airport Hansol,Ahmedabad,25-10-2023,43.88,141.67,45.74,8.47,1.15,15.95
AHM08,SVPI Airport Hansol,Ahmedabad,26-10-2023,39.39,208.06,48.66,8.6,1.51,14.27
AHM08,SVPI Airport Hansol,Ahmedabad,27-10-2023,37.93,196.18,48.82,8.57,1.31,12.18
AHM08,SVPI Airport Hansol,Ahmedabad,28-10-2023,NaN,NaN,NaN,NaN,NaN,NaN
AHM08,SVPI Airport Hansol,Ahmedabad,29-10-2023,NaN,NaN,NaN,NaN,NaN,NaN
AHM08,SVPI Airport Hansol,Ahmedabad,30-10-2023,NaN,NaN,NaN,NaN,NaN,NaN
AHM08,SVPI Airport Hansol,Ahmedabad,31-10-2023,39.73,166.36,62.66,9.87,2.97,17.36
AHM08,SVPI Airport Hansol,Ahmedabad,01-11-2023,39.69,156.7,58.17,8.79,2.16,15.69
AHM08,SVPI Airport Hansol,Ahmedabad,02-11-2023,42,147.89,56.95,7.95,2.01,10.1
AHM08,SVPI Airport Hansol,Ahmedabad,03-11-2023,57.23,170.59,57.84,8.45,2.32,16.11
AHM08,SVPI Airport Hansol,Ahmedabad,04-11-2023,39.15,171.63,57.03,8.35,2.45,15.97
AHM08,SVPI Airport Hansol,Ahmedabad,05-11-2023,34.77,165.95,58.32,8.24,2.44,8.82
AHM08,SVPI Airport Hansol,Ahmedabad,06-11-2023,91.67,259.42,58.82,8.5,2.36,11.64
AHM08,SVPI Airport Hansol,Ahmedabad,07-11-2023,41.87,156.31,49.16,8.4,1.81,13.02
AHM08,SVPI Airport Hansol,Ahmedabad,08-11-2023,39.54,124.19,37.54,7.71,0.59,13.81
AHM08,SVPI Airport Hansol,Ahmedabad,09-11-2023,48.16,122.8,35.35,14.15,0.82,16.98
AHM08,SVPI Airport Hansol,Ahmedabad,10-11-2023,40.81,154.56,37.2,14.97,0.6,16.71
AHM08,SVPI Airport Hansol,Ahmedabad,11-11-2023,23.18,91.82,33.54,14.71,0.3,16.29
AHM08,SVPI Airport Hansol,Ahmedabad,12-11-2023,16.72,66.44,27.18,14.11,0.31,17.83
AHM08,SVPI Airport Hansol,Ahmedabad,13-11-2023,78.97,316.12,24.88,16.19,0.33,10.64
AHM08,SVPI Airport Hansol,Ahmedabad,14-11-2023,14.87,65.44,12.33,14.81,1.09,9.89
AHM08,SVPI Airport Hansol,Ahmedabad,15-11-2023,20.02,86.34,12.28,14.89,1.14,21.23
AHM08,SVPI Airport Hansol,Ahmedabad,16-11-2023,19.25,72.08,13.46,14.68,1.24,27.68
AHM08,SVPI Airport Hansol,Ahmedabad,17-11-2023,25.1,80.72,14.81,14.15,1.39,27.26
AHM08,SVPI Airport Hansol,Ahmedabad,18-11-2023,53.38,104.22,14.41,15.38,1.67,23.64
AHM08,SVPI Airport Hansol,Ahmedabad,19-11-2023,53.92,106.2,13.78,15.44,1.64,25.41
AHM08,SVPI Airport Hansol,Ahmedabad,20-11-2023,34.02,101.06,11.9,15.95,1.56,24.99
AHM08,SVPI Airport Hansol,Ahmedabad,21-11-2023,31.37,101.84,11.75,14.8,1.62,24.01
AHM08,SVPI Airport Hansol,Ahmedabad,22-11-2023,30.58,107.39,7.98,15.05,1.27,22.09
AHM08,SVPI Airport Hansol,Ahmedabad,23-11-2023,34.3,102.05,8.35,13.48,0.58,23.83
AHM08,SVPI Airport Hansol,Ahmedabad,24-11-2023,25.9,82.45,0.41,15.22,0.34,25.8
AHM08,SVPI Airport Hansol,Ahmedabad,25-11-2023,23.93,71.55,0.41,15.56,0.26,27.09
AHM08,SVPI Airport Hansol,Ahmedabad,26-11-2023,22.74,62.42,2.31,17.11,0.35,20.89
AHM08,SVPI Airport Hansol,Ahmedabad,27-11-2023,7.16,19.66,7.79,15.35,0.33,17.63
AHM08,SVPI Airport Hansol,Ahmedabad,28-11-2023,12.34,43.08,7.8,15.74,0.49,18.8
AHM08,SVPI Airport Hansol,Ahmedabad,29-11-2023,13.72,50.08,7.78,16.79,0.51,18.9
AHM08,SVPI Airport Hansol,Ahmedabad,30-11-2023,17,60.4,7.8,15.92,0.43,19.02
AHM08,SVPI Airport Hansol,Ahmedabad,01-12-2023,15.95,53.93,7.81,15.85,0.33,21.14
AHM08,SVPI Airport Hansol,Ahmedabad,02-12-2023,13.41,45.76,7.82,16.6,0.38,20.43
AHM08,SVPI Airport Hansol,Ahmedabad,03-12-2023,12.5,47.51,7.81,16.82,0.48,20.87
AHM08,SVPI Airport Hansol,Ahmedabad,04-12-2023,12.9,42.38,7.82,9.47,0.6,11.4
AHM08,SVPI Airport Hansol,Ahmedabad,05-12-2023,11.93,37.25,7.81,2.15,0.31,9.06
AHM08,SVPI Airport Hansol,Ahmedabad,06-12-2023,16.79,49.78,7.82,2.27,0.34,11.78
AHM08,SVPI Airport Hansol,Ahmedabad,07-12-2023,16.53,64.86,7.78,1.5,0.4,13.24
AHM08,SVPI Airport Hansol,Ahmedabad,08-12-2023,29.8,70.89,7.81,2.16,0.36,10.27
AHM08,SVPI Airport Hansol,Ahmedabad,09-12-2023,30.17,82.19,7.81,2.2,0.38,8.92
AHM08,SVPI Airport Hansol,Ahmedabad,10-12-2023,21.25,67,7.79,3.03,0.31,9.44
AHM08,SVPI Airport Hansol,Ahmedabad,11-12-2023,22.85,72.68,7.8,2.19,0.39,9.25
AHM08,SVPI Airport Hansol,Ahmedabad,12-12-2023,25.58,87.59,7.83,1.72,0.33,5.41
AHM08,SVPI Airport Hansol,Ahmedabad,13-12-2023,17.84,66.17,7.78,2.39,0.74,12.46
AHM08,SVPI Airport Hansol,Ahmedabad,14-12-2023,17.82,70.12,7.79,1.88,0.44,12.84
AHM08,SVPI Airport Hansol,Ahmedabad,15-12-2023,24.11,83.19,7.78,1.96,0.66,11.55
AHM08,SVPI Airport Hansol,Ahmedabad,16-12-2023,25.38,94.14,7.79,2.27,0.94,10.7
AHM08,SVPI Airport Hansol,Ahmedabad,17-12-2023,21.06,82.69,7.82,3.8,0.72,9
AHM08,SVPI Airport Hansol,Ahmedabad,18-12-2023,21.83,77.6,7.81,2.99,0.45,11.56
AHM08,SVPI Airport Hansol,Ahmedabad,19-12-2023,15.77,64.82,7.81,3.49,0.39,14.83
AHM08,SVPI Airport Hansol,Ahmedabad,20-12-2023,17.76,61.69,7.78,NaN,0.43,13.2
AHM08,SVPI Airport Hansol,Ahmedabad,21-12-2023,18.2,73.8,7.81,3.45,0.48,15.53
AHM08,SVPI Airport Hansol,Ahmedabad,22-12-2023,20.56,67.22,7.82,2.67,0.56,11.17
AHM08,SVPI Airport Hansol,Ahmedabad,23-12-2023,26.79,82.27,7.81,2.56,0.59,7.86
AHM08,SVPI Airport Hansol,Ahmedabad,24-12-2023,22.5,91.34,7.79,2.2,0.7,12.55
AHM08,SVPI Airport Hansol,Ahmedabad,25-12-2023,36.96,124.76,7.79,1.58,0.93,11.35
AHM08,SVPI Airport Hansol,Ahmedabad,26-12-2023,36.94,154.03,7.8,2.2,1.1,8.9
AHM08,SVPI Airport Hansol,Ahmedabad,27-12-2023,57.36,135.12,7.83,2.49,1.05,8.08
AHM08,SVPI Airport Hansol,Ahmedabad,28-12-2023,31.19,110.4,7.79,1.34,0.6,11.01
AHM08,SVPI Airport Hansol,Ahmedabad,29-12-2023,29.65,94.66,7.8,2.55,0.61,8.92
AHM08,SVPI Airport Hansol,Ahmedabad,30-12-2023,33.95,113.03,7.8,2.31,0.68,6.14
AHM08,SVPI Airport Hansol,Ahmedabad,31-12-2023,34.25,129.67,7.76,2.14,0.65,2.65
AHM08,SVPI Airport Hansol,Ahmedabad,01-01-2024,31.76,118.45,7.83,2.16,0.72,7.25
AHM08,SVPI Airport Hansol,Ahmedabad,02-01-2024,25.44,94.65,7.81,2.61,0.49,7.7
AHM08,SVPI Airport Hansol,Ahmedabad,03-01-2024,37.52,99.36,7.78,2,0.42,7.64
AHM08,SVPI Airport Hansol,Ahmedabad,04-01-2024,47.59,119.13,7.81,2.27,0.57,7.61
AHM08,SVPI Airport Hansol,Ahmedabad,05-01-2024,52.8,122.17,7.8,1.83,0.43,8.11
AHM08,SVPI Airport Hansol,Ahmedabad,06-01-2024,45.9,106.29,7.79,2.78,0.58,7.26
AHM08,SVPI Airport Hansol,Ahmedabad,07-01-2024,47.46,103.4,7.79,2.77,1.01,25.4
AHM08,SVPI Airport Hansol,Ahmedabad,08-01-2024,56.61,100.87,7.8,3.11,1.03,9.94
AHM08,SVPI Airport Hansol,Ahmedabad,09-01-2024,64.67,100.25,7.8,4.29,1.28,9.91
AHM08,SVPI Airport Hansol,Ahmedabad,10-01-2024,57.42,96.19,7.78,4.28,1.38,11.41
AHM08,SVPI Airport Hansol,Ahmedabad,11-01-2024,40.27,79.75,10.04,4.87,1.26,10.19
AHM08,SVPI Airport Hansol,Ahmedabad,12-01-2024,46.87,91.11,12.35,5.05,1.28,8.89
AHM08,SVPI Airport Hansol,Ahmedabad,13-01-2024,76.58,96.91,12.36,3.95,1.19,9.29
AHM08,SVPI Airport Hansol,Ahmedabad,14-01-2024,43.59,82.2,12.36,4.2,0.92,9.77
AHM08,SVPI Airport Hansol,Ahmedabad,15-01-2024,38.17,77.49,10.77,4.49,1,10.55
AHM08,SVPI Airport Hansol,Ahmedabad,16-01-2024,47.57,99.45,10.15,4.7,1.12,10.71
AHM08,SVPI Airport Hansol,Ahmedabad,17-01-2024,83.91,151.35,11.37,4.22,1.11,8.21
AHM08,SVPI Airport Hansol,Ahmedabad,18-01-2024,67.68,125.72,11.36,3.56,1.15,6.94
AHM08,SVPI Airport Hansol,Ahmedabad,19-01-2024,66.67,116.33,11.36,3.95,0.92,10.19
AHM08,SVPI Airport Hansol,Ahmedabad,20-01-2024,59.39,97.29,11.38,3.8,0.9,11.14
AHM08,SVPI Airport Hansol,Ahmedabad,21-01-2024,66.25,91.93,11.37,5.07,1.19,8.46
AHM08,SVPI Airport Hansol,Ahmedabad,22-01-2024,70.7,105.3,11.38,5.12,1.06,12.71
AHM08,SVPI Airport Hansol,Ahmedabad,23-01-2024,94.2,123.47,11.36,5.35,1.04,9.67
AHM08,SVPI Airport Hansol,Ahmedabad,24-01-2024,85.65,113.1,11.38,9.56,1.09,9.12
AHM08,SVPI Airport Hansol,Ahmedabad,25-01-2024,75.13,105.94,12.75,6.04,0.68,11.01
AHM08,SVPI Airport Hansol,Ahmedabad,26-01-2024,60.9,85.02,14.97,8.78,0.8,14.12
AHM08,SVPI Airport Hansol,Ahmedabad,27-01-2024,61.73,94.59,13.75,12.58,0.89,15.93
AHM08,SVPI Airport Hansol,Ahmedabad,28-01-2024,74.73,111.71,9.86,19.02,1.27,11.94
AHM08,SVPI Airport Hansol,Ahmedabad,29-01-2024,72.45,108.7,10.64,18.94,1.1,10.35
AHM08,SVPI Airport Hansol,Ahmedabad,30-01-2024,66.89,113.5,12.09,18.53,0.96,10.78
AHM08,SVPI Airport Hansol,Ahmedabad,31-01-2024,NaN,NaN,NaN,NaN,NaN,NaN
AHM08,SVPI Airport Hansol,Ahmedabad,01-02-2024,44.55,69.21,11.06,19.39,1.22,8.56
AHM08,SVPI Airport Hansol,Ahmedabad,02-02-2024,75.24,115.07,11.69,18.6,1.8,8.64
AHM08,SVPI Airport Hansol,Ahmedabad,03-02-2024,79.39,119.53,11.55,19.14,1.7,11.88
AHM08,SVPI Airport Hansol,Ahmedabad,04-02-2024,91.84,129.54,11.74,19.49,1.41,19.72
AHM08,SVPI Airport Hansol,Ahmedabad,05-02-2024,50.01,68.66,13.82,18.46,1.09,16.29
AHM08,SVPI Airport Hansol,Ahmedabad,06-02-2024,52.11,80.75,12.05,18.41,1.13,17.54
AHM08,SVPI Airport Hansol,Ahmedabad,07-02-2024,50.99,81.98,13.25,18.45,1.04,18.37
AHM08,SVPI Airport Hansol,Ahmedabad,08-02-2024,50.39,75.47,17.86,18.62,0.91,20.56
AHM08,SVPI Airport Hansol,Ahmedabad,09-02-2024,56.09,82.97,17.83,19.48,0.93,19.94
AHM08,SVPI Airport Hansol,Ahmedabad,10-02-2024,50.49,110.91,14.54,4.39,0.52,20.94
AHM08,SVPI Airport Hansol,Ahmedabad,11-02-2024,24.86,120.37,1.98,3.39,0.14,16.09
AHM08,SVPI Airport Hansol,Ahmedabad,12-02-2024,23.74,136,2.28,3.36,0.23,17.27
AHM08,SVPI Airport Hansol,Ahmedabad,13-02-2024,36.37,151.86,2.09,3.31,0.34,17.24
AHM08,SVPI Airport Hansol,Ahmedabad,14-02-2024,50.34,142.39,2.65,3.83,0.31,17.88
AHM08,SVPI Airport Hansol,Ahmedabad,15-02-2024,51.14,145.65,3.19,5.51,0.47,15.89
AHM08,SVPI Airport Hansol,Ahmedabad,16-02-2024,52.55,166.22,13.36,2.09,0.83,16.34
AHM08,SVPI Airport Hansol,Ahmedabad,17-02-2024,45.57,151.16,13.75,2.23,0.91,11.11
AHM08,SVPI Airport Hansol,Ahmedabad,18-02-2024,49.33,155.07,14.67,2.9,0.92,11.89
AHM08,SVPI Airport Hansol,Ahmedabad,19-02-2024,26.23,72.26,13.28,4.39,0.51,10.4
AHM08,SVPI Airport Hansol,Ahmedabad,20-02-2024,38.48,97.33,13.18,2.54,0.67,8.08
AHM08,SVPI Airport Hansol,Ahmedabad,21-02-2024,30.8,81.48,13.12,2.21,0.56,8.02
AHM08,SVPI Airport Hansol,Ahmedabad,22-02-2024,33.56,90.43,14.2,2.25,0.54,10.74
AHM08,SVPI Airport Hansol,Ahmedabad,23-02-2024,55.52,147.88,13.59,2.58,0.68,12.98
AHM08,SVPI Airport Hansol,Ahmedabad,24-02-2024,53.06,145.95,13.28,3.13,0.76,11.1
AHM08,SVPI Airport Hansol,Ahmedabad,25-02-2024,63.44,114.53,14.27,2.65,0.61,17.14
AHM08,SVPI Airport Hansol,Ahmedabad,26-02-2024,50.53,140.32,14.9,2.38,0.75,15.11
AHM08,SVPI Airport Hansol,Ahmedabad,27-02-2024,50.88,143.28,13.14,2.55,0.77,16.38
AHM08,SVPI Airport Hansol,Ahmedabad,28-02-2024,44.5,127.58,15.95,2.46,0.81,16.35
AHM08,SVPI Airport Hansol,Ahmedabad,29-02-2024,55.91,149.15,13.08,2.73,0.93,14.26
AHM08,SVPI Airport Hansol,Ahmedabad,01-03-2024,88.46,151.49,14.54,4.59,0.77,16.39
AHM08,SVPI Airport Hansol,Ahmedabad,02-03-2024,81.52,108.45,15.34,9.1,0.42,13.25
AHM08,SVPI Airport Hansol,Ahmedabad,03-03-2024,44.5,63.42,13.32,5.46,0.21,16.93
AHM08,SVPI Airport Hansol,Ahmedabad,04-03-2024,92.86,150.04,13.1,5.9,0.49,17.07
AHM08,SVPI Airport Hansol,Ahmedabad,05-03-2024,85.34,146.35,13.29,5.76,0.46,20.25
AHM08,SVPI Airport Hansol,Ahmedabad,06-03-2024,102.08,187.94,14.45,5.9,0.5,21.82
AHM08,SVPI Airport Hansol,Ahmedabad,07-03-2024,82.06,196.71,15.68,5.98,0.91,22.96
AHM08,SVPI Airport Hansol,Ahmedabad,08-03-2024,64.11,142.14,13.1,5.94,0.87,29.27
AHM08,SVPI Airport Hansol,Ahmedabad,09-03-2024,53.98,113.53,13.27,6.37,0.79,34.78
AHM08,SVPI Airport Hansol,Ahmedabad,10-03-2024,61.15,129.52,13.01,6.1,0.96,32.96
AHM08,SVPI Airport Hansol,Ahmedabad,11-03-2024,71.73,147.45,13.18,6.32,0.84,32.27
AHM08,SVPI Airport Hansol,Ahmedabad,12-03-2024,38.55,71.27,13.05,5.61,0.78,21.47
AHM08,SVPI Airport Hansol,Ahmedabad,13-03-2024,43.65,90.81,12.92,6.36,0.72,14.71
AHM08,SVPI Airport Hansol,Ahmedabad,14-03-2024,67.95,136.36,13.36,5.93,0.64,28.89
AHM08,SVPI Airport Hansol,Ahmedabad,15-03-2024,82.6,156.79,13.1,6.3,0.95,21.32
AHM08,SVPI Airport Hansol,Ahmedabad,16-03-2024,82.37,162.72,13.22,2.63,1.14,17.79
AHM08,SVPI Airport Hansol,Ahmedabad,17-03-2024,64.43,121.26,12.99,2.08,0.65,24.47
AHM08,SVPI Airport Hansol,Ahmedabad,18-03-2024,39.39,81.24,13.05,1.86,0.61,19.75
AHM08,SVPI Airport Hansol,Ahmedabad,19-03-2024,56.69,127.8,13.39,2.38,0.84,15.89
AHM08,SVPI Airport Hansol,Ahmedabad,20-03-2024,47.16,107.86,13.15,2.69,0.76,15.35
AHM08,SVPI Airport Hansol,Ahmedabad,21-03-2024,55.51,132.43,13.25,4.35,0.92,18.71
AHM08,SVPI Airport Hansol,Ahmedabad,22-03-2024,47.59,119.84,13.41,8.75,1.1,13.18
AHM08,SVPI Airport Hansol,Ahmedabad,23-03-2024,35.11,96.29,13.19,8.8,0.65,15.65
AHM08,SVPI Airport Hansol,Ahmedabad,24-03-2024,33.17,84.58,13.13,8.76,0.98,19.03
AHM08,SVPI Airport Hansol,Ahmedabad,25-03-2024,42.16,88.26,13.38,8.75,0.96,21.08
AHM08,SVPI Airport Hansol,Ahmedabad,26-03-2024,47.85,91.71,13.38,7.76,0.84,23.13
AHM08,SVPI Airport Hansol,Ahmedabad,27-03-2024,45.99,83.62,13.15,6.27,1.1,28.93
AHM08,SVPI Airport Hansol,Ahmedabad,28-03-2024,39.88,85.49,13.54,6.23,0.86,20.76
AHM08,SVPI Airport Hansol,Ahmedabad,29-03-2024,40.67,88.09,13.22,6.87,0.7,24.22
AHM08,SVPI Airport Hansol,Ahmedabad,30-03-2024,35.46,70.46,13.4,5.58,0.65,20.27
AHM08,SVPI Airport Hansol,Ahmedabad,31-03-2024,35.08,71.83,13.09,5.5,0.62,21.52
AHM08,SVPI Airport Hansol,Ahmedabad,01-04-2024,56.45,128.01,13.52,12.14,0.77,22.73
AHM08,SVPI Airport Hansol,Ahmedabad,02-04-2024,47.39,99.21,12.95,11.23,0.55,24.88
AHM08,SVPI Airport Hansol,Ahmedabad,03-04-2024,35.05,74.16,13.27,10.87,0.59,23.1
AHM08,SVPI Airport Hansol,Ahmedabad,04-04-2024,30.47,60,13.15,6.59,0.96,18.07
AHM08,SVPI Airport Hansol,Ahmedabad,05-04-2024,67.86,99,12.91,4.71,0.76,16.83
AHM08,SVPI Airport Hansol,Ahmedabad,06-04-2024,62.49,100.53,13.3,7.77,0.3,18.61
AHM08,SVPI Airport Hansol,Ahmedabad,07-04-2024,46.59,88.82,13.19,8.19,0.46,17.23
AHM08,SVPI Airport Hansol,Ahmedabad,08-04-2024,62.45,130.89,13.04,7.01,0.58,21.73
AHM08,SVPI Airport Hansol,Ahmedabad,09-04-2024,75.24,191.84,13.19,11.86,1.11,25.36
AHM08,SVPI Airport Hansol,Ahmedabad,10-04-2024,58.91,154.53,13.39,10.25,0.55,24.01
AHM08,SVPI Airport Hansol,Ahmedabad,11-04-2024,49.63,143.63,13.58,10.21,0.97,25.49
AHM08,SVPI Airport Hansol,Ahmedabad,12-04-2024,26.23,107.25,13.72,12.89,6.06,25.62
AHM08,SVPI Airport Hansol,Ahmedabad,13-04-2024,27.19,116.51,13.32,NaN,NaN,19.14
AHM08,SVPI Airport Hansol,Ahmedabad,14-04-2024,32.85,113.25,13.15,NaN,NaN,10.59
AHM08,SVPI Airport Hansol,Ahmedabad,15-04-2024,24.01,93.09,11.71,1.55,0.42,33.15
AHM08,SVPI Airport Hansol,Ahmedabad,16-04-2024,23.36,90.95,12.06,4.09,1.13,24.31
AHM08,SVPI Airport Hansol,Ahmedabad,17-04-2024,27.23,110.23,12.8,4.22,1.47,21.81
AHM08,SVPI Airport Hansol,Ahmedabad,18-04-2024,26.9,103.03,12.99,4.17,1.08,13.55
AHM08,SVPI Airport Hansol,Ahmedabad,19-04-2024,39.38,134.48,12.92,3.54,0.45,19
AHM08,SVPI Airport Hansol,Ahmedabad,20-04-2024,34.53,83.89,12.74,4.35,0.26,22.43
AHM08,SVPI Airport Hansol,Ahmedabad,21-04-2024,25.82,80.62,13.21,3.35,0.28,20.55
AHM08,SVPI Airport Hansol,Ahmedabad,22-04-2024,29.58,80.29,13.78,5.17,0.24,21
AHM08,SVPI Airport Hansol,Ahmedabad,23-04-2024,38.89,97.5,15.27,4.44,0.69,19.28
AHM08,SVPI Airport Hansol,Ahmedabad,24-04-2024,75.15,121.61,17.63,5.54,1.11,21.14
AHM08,SVPI Airport Hansol,Ahmedabad,25-04-2024,79.75,119.43,17.59,5.84,0.92,21.25
AHM08,SVPI Airport Hansol,Ahmedabad,26-04-2024,68.52,98.14,18.2,5.05,0.74,18.87
AHM08,SVPI Airport Hansol,Ahmedabad,27-04-2024,90.63,134.51,18.24,4.73,0.89,16.24
AHM08,SVPI Airport Hansol,Ahmedabad,28-04-2024,87.3,131.52,17.61,9.42,0.79,20.09
AHM08,SVPI Airport Hansol,Ahmedabad,29-04-2024,73.25,105.82,18.82,4.82,0.36,19.76
AHM08,SVPI Airport Hansol,Ahmedabad,30-04-2024,NaN,NaN,NaN,NaN,NaN,NaN
AHM08,SVPI Airport Hansol,Ahmedabad,01-05-2024,NaN,NaN,NaN,NaN,NaN,NaN
AHM08,SVPI Airport Hansol,Ahmedabad,02-05-2024,66.42,146.19,17.64,14.24,1.94,38.64
AHM08,SVPI Airport Hansol,Ahmedabad,03-05-2024,61.25,146.48,16.53,8.65,1.23,32.28
AHM08,SVPI Airport Hansol,Ahmedabad,04-05-2024,39.71,160.74,16.39,5.95,0.94,19.12
AHM08,SVPI Airport Hansol,Ahmedabad,05-05-2024,26.59,89.28,16.14,3.17,1.08,24.83
AHM08,SVPI Airport Hansol,Ahmedabad,06-05-2024,23.87,98.89,16.38,3.48,1.26,29.2
AHM08,SVPI Airport Hansol,Ahmedabad,07-05-2024,44.48,123.89,16.36,2.05,1.37,30.68
AHM08,SVPI Airport Hansol,Ahmedabad,08-05-2024,42.33,112.37,20,6.42,1.19,30.36
AHM08,SVPI Airport Hansol,Ahmedabad,09-05-2024,47.75,113.36,30.39,12.36,1.04,37.29
AHM08,SVPI Airport Hansol,Ahmedabad,10-05-2024,44.36,103.38,30.24,5.32,1.43,30.62
AHM08,SVPI Airport Hansol,Ahmedabad,11-05-2024,32.86,95.42,30.3,4.88,1.5,34.77
AHM08,SVPI Airport Hansol,Ahmedabad,12-05-2024,37.15,116.46,29.69,4.69,1.29,35.17
AHM08,SVPI Airport Hansol,Ahmedabad,13-05-2024,56.53,116.21,30,5.66,1.12,38.81
AHM08,SVPI Airport Hansol,Ahmedabad,14-05-2024,38.7,90.8,30.31,3.74,1.36,48.63
AHM08,SVPI Airport Hansol,Ahmedabad,15-05-2024,65.85,184.21,30.23,7.47,1.7,40.17
AHM08,SVPI Airport Hansol,Ahmedabad,16-05-2024,53.58,135.18,28.77,5.13,1.04,33.74
AHM08,SVPI Airport Hansol,Ahmedabad,17-05-2024,82.9,122.99,30.64,5.41,0.96,41.48
AHM08,SVPI Airport Hansol,Ahmedabad,18-05-2024,93.89,133.94,29.57,8.29,0.87,33.31
AHM08,SVPI Airport Hansol,Ahmedabad,19-05-2024,36.82,143.78,30.17,10.55,0.33,38.61
AHM08,SVPI Airport Hansol,Ahmedabad,20-05-2024,38.8,102.99,29.47,5.98,0.39,29.84
AHM08,SVPI Airport Hansol,Ahmedabad,21-05-2024,77.22,122.18,30.33,6.43,0.52,28.39
AHM08,SVPI Airport Hansol,Ahmedabad,22-05-2024,87.95,133.28,29.59,7.03,0.64,46.22
AHM08,SVPI Airport Hansol,Ahmedabad,23-05-2024,78.18,138.91,29.72,7.25,0.52,35.86
AHM08,SVPI Airport Hansol,Ahmedabad,24-05-2024,83.42,133.99,29.37,8.35,0.48,40.26
AHM08,SVPI Airport Hansol,Ahmedabad,25-05-2024,60.29,111.72,29.65,6.81,0.71,38.69
AHM08,SVPI Airport Hansol,Ahmedabad,26-05-2024,59.45,119.9,30.01,9.03,0.75,41.46
AHM08,SVPI Airport Hansol,Ahmedabad,27-05-2024,77.33,125.98,29.03,3.45,0.27,46.8
AHM08,SVPI Airport Hansol,Ahmedabad,28-05-2024,92,118.11,28.6,3.09,0.59,44.78
AHM08,SVPI Airport Hansol,Ahmedabad,29-05-2024,92.07,99.76,29.62,3.41,0.65,45.48
AHM08,SVPI Airport Hansol,Ahmedabad,30-05-2024,NaN,NaN,30.16,3.29,0.8,54.38
AHM08,SVPI Airport Hansol,Ahmedabad,31-05-2024,NaN,NaN,NaN,NaN,NaN,NaN
AHM08,SVPI Airport Hansol,Ahmedabad,01-06-2024,46.71,99.95,28.84,3.71,0.22,48.07
AHM08,SVPI Airport Hansol,Ahmedabad,02-06-2024,26.89,79.6,30.79,4.24,0.21,23.41
AHM08,SVPI Airport Hansol,Ahmedabad,03-06-2024,34.15,114.2,30.49,4.19,0.24,52.86
AHM08,SVPI Airport Hansol,Ahmedabad,04-06-2024,73.63,112.79,30.14,5.04,0.38,46.1
AHM08,SVPI Airport Hansol,Ahmedabad,05-06-2024,44.89,103.84,30.08,5.92,0.23,41.57
AHM08,SVPI Airport Hansol,Ahmedabad,06-06-2024,42.45,98.55,29.9,6.02,0.29,51.2
AHM08,SVPI Airport Hansol,Ahmedabad,07-06-2024,38.52,105.68,29.76,5.47,0.34,23.91
AHM08,SVPI Airport Hansol,Ahmedabad,08-06-2024,44.28,114.24,29.93,6.72,0.21,30.85
AHM08,SVPI Airport Hansol,Ahmedabad,09-06-2024,69.23,115.94,29.49,5.78,0.16,29.03
AHM08,SVPI Airport Hansol,Ahmedabad,10-06-2024,70.75,87.57,28.85,3.71,0.27,26.16
AHM08,SVPI Airport Hansol,Ahmedabad,11-06-2024,45.12,68.17,29.22,3.85,0.38,17.18
AHM08,SVPI Airport Hansol,Ahmedabad,12-06-2024,NaN,NaN,28.53,3.9,0.47,6.99
AHM08,SVPI Airport Hansol,Ahmedabad,13-06-2024,26.36,80.59,29.79,10.5,0.53,48.45
AHM08,SVPI Airport Hansol,Ahmedabad,14-06-2024,43.26,60.7,15.54,9.05,0.38,29.16
AHM08,SVPI Airport Hansol,Ahmedabad,15-06-2024,30.64,60.19,7.64,8.76,0.13,33.81
AHM08,SVPI Airport Hansol,Ahmedabad,16-06-2024,NaN,NaN,NaN,NaN,NaN,NaN
AHM08,SVPI Airport Hansol,Ahmedabad,17-06-2024,27.57,84.04,17.24,11.58,0.72,38.11
AHM08,SVPI Airport Hansol,Ahmedabad,18-06-2024,21.93,65.6,20.07,12.46,0.81,23.5
AHM08,SVPI Airport Hansol,Ahmedabad,19-06-2024,20.66,58.76,11.94,10.91,0.76,22.44
AHM08,SVPI Airport Hansol,Ahmedabad,20-06-2024,NaN,NaN,NaN,NaN,NaN,NaN
AHM08,SVPI Airport Hansol,Ahmedabad,21-06-2024,NaN,NaN,NaN,NaN,NaN,NaN
AHM08,SVPI Airport Hansol,Ahmedabad,22-06-2024,NaN,NaN,NaN,NaN,NaN,NaN
AHM08,SVPI Airport Hansol,Ahmedabad,23-06-2024,NaN,NaN,NaN,NaN,NaN,NaN
AHM08,SVPI Airport Hansol,Ahmedabad,24-06-2024,27.31,75.7,22.69,21.32,0.9,54.23
AHM08,SVPI Airport Hansol,Ahmedabad,25-06-2024,29.4,89.2,20.48,8.17,0.82,33.05
AHM08,SVPI Airport Hansol,Ahmedabad,26-06-2024,26.16,61.7,26.49,21.19,0.43,51.99
AHM08,SVPI Airport Hansol,Ahmedabad,27-06-2024,20.26,42.96,27.53,20.44,0.16,24.68
AHM08,SVPI Airport Hansol,Ahmedabad,28-06-2024,NaN,NaN,20.6,19.98,0.48,33.62
AHM08,SVPI Airport Hansol,Ahmedabad,29-06-2024,29.45,51.54,22.16,20.12,0.71,23.68
AHM08,SVPI Airport Hansol,Ahmedabad,30-06-2024,18.95,39.18,21.73,20.17,0.64,21.36
AHM08,SVPI Airport Hansol,Ahmedabad,01-07-2024,10.76,19.46,19.25,20.58,0.61,41.16
AHM08,SVPI Airport Hansol,Ahmedabad,02-07-2024,60.14,179.56,26.54,19.89,0.75,NaN
AHM08,SVPI Airport Hansol,Ahmedabad,03-07-2024,128.65,365.47,49.07,20.72,0.62,8.04
AHM08,SVPI Airport Hansol,Ahmedabad,04-07-2024,33.62,72.1,66.46,18.83,0.5,14.87
AHM08,SVPI Airport Hansol,Ahmedabad,05-07-2024,20.74,67.41,60.38,19.67,0.32,14.71
AHM08,SVPI Airport Hansol,Ahmedabad,06-07-2024,29.88,85.35,41.63,20.2,0.27,25.63
AHM08,SVPI Airport Hansol,Ahmedabad,07-07-2024,30.18,97.13,51.97,20.84,0.2,28.19
AHM08,SVPI Airport Hansol,Ahmedabad,08-07-2024,30.81,95.39,44.43,21.12,0.38,32.74
AHM08,SVPI Airport Hansol,Ahmedabad,09-07-2024,36.44,101.81,44.4,13.81,0.48,16.2
AHM08,SVPI Airport Hansol,Ahmedabad,10-07-2024,22.56,53.88,37.38,8.41,0.43,26.07
AHM08,SVPI Airport Hansol,Ahmedabad,11-07-2024,34.14,63.73,55.07,9.49,0.42,28.92
AHM08,SVPI Airport Hansol,Ahmedabad,12-07-2024,32.39,64.22,43.9,10.43,0.62,25.61
AHM08,SVPI Airport Hansol,Ahmedabad,13-07-2024,38.54,75.38,46.99,8.72,0.44,27.23
AHM08,SVPI Airport Hansol,Ahmedabad,14-07-2024,48.9,102.63,48.2,9.11,0.16,26.14
AHM08,SVPI Airport Hansol,Ahmedabad,15-07-2024,16.82,72.44,49.13,8.92,0.28,20.78
AHM08,SVPI Airport Hansol,Ahmedabad,16-07-2024,12.62,56.74,48.76,9.07,0.3,21.1
AHM08,SVPI Airport Hansol,Ahmedabad,17-07-2024,13.76,45.61,52.65,8.49,0.21,21.81
AHM08,SVPI Airport Hansol,Ahmedabad,18-07-2024,20.6,43.1,52.4,8.1,0.26,25.88
AHM08,SVPI Airport Hansol,Ahmedabad,19-07-2024,19.4,39.39,52.77,8.62,0.41,24.42
AHM08,SVPI Airport Hansol,Ahmedabad,20-07-2024,21.85,44.87,52.83,8.58,0.37,30.39
AHM08,SVPI Airport Hansol,Ahmedabad,21-07-2024,29.58,48.73,50.45,8.5,0.4,22.27
AHM08,SVPI Airport Hansol,Ahmedabad,22-07-2024,28.99,50.31,57.16,8.5,0.41,22.86
AHM08,SVPI Airport Hansol,Ahmedabad,23-07-2024,24.01,40.02,62.42,7.65,0.4,18.97
AHM08,SVPI Airport Hansol,Ahmedabad,24-07-2024,17.15,35.75,54.59,7.78,0.34,18.48
AHM08,SVPI Airport Hansol,Ahmedabad,25-07-2024,22.8,55.69,54.06,8.14,0.4,17.56
AHM08,SVPI Airport Hansol,Ahmedabad,26-07-2024,50.64,78.8,46.59,8.46,0.41,16.84
AHM08,SVPI Airport Hansol,Ahmedabad,27-07-2024,59.07,93.15,51.81,9.8,0.48,20.95
AHM08,SVPI Airport Hansol,Ahmedabad,28-07-2024,57.93,97.27,47.75,10.35,0.44,20.89
AHM08,SVPI Airport Hansol,Ahmedabad,29-07-2024,47.15,75.07,52.87,9.86,0.45,16.76
AHM08,SVPI Airport Hansol,Ahmedabad,30-07-2024,33.55,53.63,48.52,9.83,0.49,23.8
AHM08,SVPI Airport Hansol,Ahmedabad,31-07-2024,36.96,76.05,44.37,9.96,0.43,24.98
AHM08,SVPI Airport Hansol,Ahmedabad,01-08-2024,28.26,48.32,44.59,10.17,0.52,17.1
AHM08,SVPI Airport Hansol,Ahmedabad,02-08-2024,19.81,52.01,43.08,11.43,0.72,21.7
AHM08,SVPI Airport Hansol,Ahmedabad,03-08-2024,12.81,43.76,37.97,15.98,0.98,16.45
AHM08,SVPI Airport Hansol,Ahmedabad,04-08-2024,20.81,48.21,36.07,16.08,0.87,18.2
AHM08,SVPI Airport Hansol,Ahmedabad,05-08-2024,36.86,58.46,33.5,16.07,0.65,19.76
AHM08,SVPI Airport Hansol,Ahmedabad,06-08-2024,50.07,79.29,32.46,16.41,0.68,21.06
AHM08,SVPI Airport Hansol,Ahmedabad,07-08-2024,42.03,75.82,30.97,17.71,0.46,21.9
AHM08,SVPI Airport Hansol,Ahmedabad,08-08-2024,39.52,79.48,31.19,17.02,0.48,20.8
AHM08,SVPI Airport Hansol,Ahmedabad,09-08-2024,47.78,75.83,28.63,17.9,0.45,23.34
AHM08,SVPI Airport Hansol,Ahmedabad,10-08-2024,26.4,47.92,28.38,17.79,0.45,23.52
AHM08,SVPI Airport Hansol,Ahmedabad,11-08-2024,19.65,49.36,25.73,17.16,0.44,21.27
AHM08,SVPI Airport Hansol,Ahmedabad,12-08-2024,20.43,55.77,25.09,18,0.52,21.74
AHM08,SVPI Airport Hansol,Ahmedabad,13-08-2024,24.39,50.48,24.54,17.14,0.42,23.85
AHM08,SVPI Airport Hansol,Ahmedabad,14-08-2024,36.01,64.14,23.75,17.6,0.4,22
AHM08,SVPI Airport Hansol,Ahmedabad,15-08-2024,25.18,56.89,23.4,17.4,0.38,19.78
AHM08,SVPI Airport Hansol,Ahmedabad,16-08-2024,25.58,64.14,26.69,17.67,0.62,16.96
AHM08,SVPI Airport Hansol,Ahmedabad,17-08-2024,29.54,62.69,31.64,17.29,0.78,14.15
AHM08,SVPI Airport Hansol,Ahmedabad,18-08-2024,30.05,65.94,24.54,17.74,0.36,17.28
AHM08,SVPI Airport Hansol,Ahmedabad,19-08-2024,32,78.33,18.95,17.38,0.31,17.92
AHM08,SVPI Airport Hansol,Ahmedabad,20-08-2024,50.61,96.53,19.66,17.08,0.3,22.49
AHM08,SVPI Airport Hansol,Ahmedabad,21-08-2024,29.76,80.96,22.69,19.2,0.58,30.79
AHM08,SVPI Airport Hansol,Ahmedabad,22-08-2024,28.69,79.74,23.45,16.65,0.63,34.04
AHM08,SVPI Airport Hansol,Ahmedabad,23-08-2024,63.57,80.41,20.07,18.05,0.52,29.01
AHM08,SVPI Airport Hansol,Ahmedabad,24-08-2024,29.4,44.63,18.04,17.58,0.43,33.06
AHM08,SVPI Airport Hansol,Ahmedabad,25-08-2024,17.84,39.19,18.67,17.26,0.3,13.58
AHM08,SVPI Airport Hansol,Ahmedabad,26-08-2024,8.46,14.8,19.41,17.32,0.37,16.23
AHM08,SVPI Airport Hansol,Ahmedabad,27-08-2024,10.52,14.64,21.81,14.47,0.44,13.26
AHM08,SVPI Airport Hansol,Ahmedabad,28-08-2024,11.09,24.95,20.36,10.71,0.48,15.29
AHM08,SVPI Airport Hansol,Ahmedabad,29-08-2024,23.26,51.6,21.25,11.09,0.48,17.14
AHM08,SVPI Airport Hansol,Ahmedabad,30-08-2024,23.82,52.88,17.36,10.6,0.46,16.2
AHM08,SVPI Airport Hansol,Ahmedabad,31-08-2024,21.62,71.05,20.56,10.26,0.53,22.82
AHM08,SVPI Airport Hansol,Ahmedabad,01-09-2024,46.23,110.3,18.53,10.28,0.52,30.95
AHM08,SVPI Airport Hansol,Ahmedabad,02-09-2024,31.67,71.61,19.64,10.73,0.51,12.78
AHM08,SVPI Airport Hansol,Ahmedabad,03-09-2024,18.71,30.87,14.13,10.15,0.51,13.41
AHM08,SVPI Airport Hansol,Ahmedabad,04-09-2024,17.76,35.11,17.62,9.18,0.47,22.43
AHM08,SVPI Airport Hansol,Ahmedabad,05-09-2024,29.48,63.42,18.16,7.51,0.44,16.48
AHM08,SVPI Airport Hansol,Ahmedabad,06-09-2024,28.83,61.09,22.86,8.07,0.46,17.65
AHM08,SVPI Airport Hansol,Ahmedabad,07-09-2024,55.44,92.7,29.78,8.51,0.53,17.51
AHM08,SVPI Airport Hansol,Ahmedabad,08-09-2024,59.71,99.88,29.95,8.17,0.64,17.23
AHM08,SVPI Airport Hansol,Ahmedabad,09-09-2024,62.97,101.15,29.45,8.28,0.55,20.2
AHM08,SVPI Airport Hansol,Ahmedabad,10-09-2024,49.73,81.98,26.33,8.36,0.51,19.47
AHM08,SVPI Airport Hansol,Ahmedabad,11-09-2024,50.45,90.35,30.71,8.32,0.56,21.7
AHM08,SVPI Airport Hansol,Ahmedabad,12-09-2024,98.43,138.69,34.54,7.89,0.49,20.97
AHM08,SVPI Airport Hansol,Ahmedabad,13-09-2024,54.14,109.77,31.98,7.67,0.54,10.58
AHM08,SVPI Airport Hansol,Ahmedabad,14-09-2024,36.59,68.39,30.39,8.29,0.59,19.49
AHM08,SVPI Airport Hansol,Ahmedabad,15-09-2024,42.05,82.24,28.87,8.19,0.53,18.68
AHM08,SVPI Airport Hansol,Ahmedabad,16-09-2024,58.54,99.3,31.24,8.29,0.53,21.61
AHM08,SVPI Airport Hansol,Ahmedabad,17-09-2024,52.31,93.15,27.35,8.34,0.46,27.54
AHM08,SVPI Airport Hansol,Ahmedabad,18-09-2024,60.14,107.09,27.43,8.26,0.48,26.04
AHM08,SVPI Airport Hansol,Ahmedabad,19-09-2024,54.77,105.07,26.09,7.81,0.45,21.28
AHM08,SVPI Airport Hansol,Ahmedabad,20-09-2024,53.65,100.97,27.47,8.29,0.46,24.05
AHM08,SVPI Airport Hansol,Ahmedabad,21-09-2024,52.73,103.94,26.99,7.93,0.42,21.21
AHM08,SVPI Airport Hansol,Ahmedabad,22-09-2024,59.43,108.93,23.1,7.96,0.4,24.36
AHM08,SVPI Airport Hansol,Ahmedabad,23-09-2024,33.27,92.95,24.47,8.36,0.42,19.59
AHM08,SVPI Airport Hansol,Ahmedabad,24-09-2024,51.13,106.28,26.8,7.82,0.62,24.08
AHM08,SVPI Airport Hansol,Ahmedabad,25-09-2024,43.18,103.35,31.48,7.64,0.69,17.43
AHM08,SVPI Airport Hansol,Ahmedabad,26-09-2024,27.32,69.01,32.18,8.09,0.74,20.85
AHM08,SVPI Airport Hansol,Ahmedabad,27-09-2024,27.43,61.58,31.48,8.63,0.76,27.08
AHM08,SVPI Airport Hansol,Ahmedabad,28-09-2024,31.64,65.6,30.02,8.73,0.77,15.24
AHM08,SVPI Airport Hansol,Ahmedabad,29-09-2024,44.64,101.36,36.19,8.65,0.84,14.49
AHM08,SVPI Airport Hansol,Ahmedabad,30-09-2024,54.49,125.35,34.52,9.34,0.8,19.24
AHM08,SVPI Airport Hansol,Ahmedabad,01-10-2024,65.28,162.02,29.91,6.89,0.52,33.44
AHM08,SVPI Airport Hansol,Ahmedabad,02-10-2024,60.23,149.18,28.57,3.47,0.68,27.3
AHM08,SVPI Airport Hansol,Ahmedabad,03-10-2024,NaN,NaN,NaN,NaN,NaN,NaN
AHM08,SVPI Airport Hansol,Ahmedabad,04-10-2024,NaN,NaN,NaN,NaN,NaN,NaN
AHM08,SVPI Airport Hansol,Ahmedabad,05-10-2024,NaN,NaN,NaN,NaN,NaN,NaN
AHM08,SVPI Airport Hansol,Ahmedabad,06-10-2024,NaN,NaN,NaN,NaN,NaN,NaN
AHM08,SVPI Airport Hansol,Ahmedabad,07-10-2024,NaN,NaN,21.56,1.39,0.73,23.22
AHM08,SVPI Airport Hansol,Ahmedabad,08-10-2024,188.58,164.17,21.36,1.22,0.67,18.36
AHM08,SVPI Airport Hansol,Ahmedabad,09-10-2024,80.81,192.15,18.19,1.56,0.61,16.57
AHM08,SVPI Airport Hansol,Ahmedabad,10-10-2024,73.19,172.43,17.71,2.39,0.75,15.91
AHM08,SVPI Airport Hansol,Ahmedabad,11-10-2024,52.12,120.81,16.03,2.27,0.59,19.38
AHM08,SVPI Airport Hansol,Ahmedabad,12-10-2024,45.43,103.08,15.23,2.41,0.63,9.24
AHM08,SVPI Airport Hansol,Ahmedabad,13-10-2024,37.05,82.77,14.94,2.36,0.63,11.07
AHM08,SVPI Airport Hansol,Ahmedabad,14-10-2024,48.32,87.81,16.5,2.37,0.69,14.25
AHM08,SVPI Airport Hansol,Ahmedabad,15-10-2024,65.5,155.73,14.71,2.47,0.62,17.52
AHM08,SVPI Airport Hansol,Ahmedabad,16-10-2024,57.52,134.33,16.84,2.43,0.75,16.49
AHM08,SVPI Airport Hansol,Ahmedabad,17-10-2024,81.49,193.76,19.82,2.37,0.68,19.27
AHM08,SVPI Airport Hansol,Ahmedabad,18-10-2024,84.98,205.05,18.65,2.34,0.65,19.77
AHM08,SVPI Airport Hansol,Ahmedabad,19-10-2024,92.61,164.83,18.87,2.54,0.82,14.72
AHM08,SVPI Airport Hansol,Ahmedabad,20-10-2024,71.55,142.65,17.92,2.52,0.59,17.12
AHM08,SVPI Airport Hansol,Ahmedabad,21-10-2024,57.35,135.58,15.99,2.46,0.53,20.7
AHM08,SVPI Airport Hansol,Ahmedabad,22-10-2024,71.79,171.93,15.82,2.36,0.72,23.37
AHM08,SVPI Airport Hansol,Ahmedabad,23-10-2024,80.59,176.87,16.47,2.42,0.92,26.89
AHM08,SVPI Airport Hansol,Ahmedabad,24-10-2024,124.42,173.34,17.39,2.41,0.8,30.22
AHM08,SVPI Airport Hansol,Ahmedabad,25-10-2024,90.19,153.06,22.97,2.45,1.04,31.32
AHM08,SVPI Airport Hansol,Ahmedabad,26-10-2024,132.85,179.87,25.54,2.52,1.4,30.3
AHM08,SVPI Airport Hansol,Ahmedabad,27-10-2024,101.99,128.2,14.08,2.29,0.8,24.02
AHM08,SVPI Airport Hansol,Ahmedabad,28-10-2024,63.7,116.48,12.87,2.3,0.83,24.1
AHM08,SVPI Airport Hansol,Ahmedabad,29-10-2024,79.86,121.83,11.95,2.4,0.87,24.2
AHM08,SVPI Airport Hansol,Ahmedabad,30-10-2024,90.49,115.55,9.78,2.26,0.61,21.4
AHM08,SVPI Airport Hansol,Ahmedabad,31-10-2024,57.33,96.34,8.16,2.13,0.64,26.38
AHM08,SVPI Airport Hansol,Ahmedabad,01-11-2024,66.5,124.62,7.66,2.29,0.76,26.49
AHM08,SVPI Airport Hansol,Ahmedabad,02-11-2024,62.1,119.09,14.73,1.8,0.64,17.63
AHM08,SVPI Airport Hansol,Ahmedabad,03-11-2024,80.06,104.36,22.69,1.73,0.71,18.98
AHM08,SVPI Airport Hansol,Ahmedabad,04-11-2024,56.47,95.69,22.52,1.77,0.71,21.74
AHM08,SVPI Airport Hansol,Ahmedabad,05-11-2024,65.32,111.25,22.74,1.67,0.66,24.66
AHM08,SVPI Airport Hansol,Ahmedabad,06-11-2024,63.96,108.69,22.07,1.69,0.76,27.4
AHM08,SVPI Airport Hansol,Ahmedabad,07-11-2024,97.12,165.6,25.3,1.98,1.02,22.37
AHM08,SVPI Airport Hansol,Ahmedabad,08-11-2024,86.79,147.53,24.64,1.77,0.87,17.92
AHM08,SVPI Airport Hansol,Ahmedabad,09-11-2024,64.94,110.23,18.88,1.78,0.61,17.22
AHM08,SVPI Airport Hansol,Ahmedabad,10-11-2024,58.04,99.01,18.81,1.73,0.7,15.67
AHM08,SVPI Airport Hansol,Ahmedabad,11-11-2024,61.44,103.9,21.68,1.51,0.93,15.79
AHM08,SVPI Airport Hansol,Ahmedabad,12-11-2024,54.6,91.48,26.19,1.43,0.91,13.32
AHM08,SVPI Airport Hansol,Ahmedabad,13-11-2024,70.8,119,25.87,1.44,0.93,13.06
AHM08,SVPI Airport Hansol,Ahmedabad,14-11-2024,65.52,110.18,18.69,1.49,0.74,14.87
AHM08,SVPI Airport Hansol,Ahmedabad,15-11-2024,68.95,114.07,11.5,1.57,0.8,13.4
AHM08,SVPI Airport Hansol,Ahmedabad,16-11-2024,73.67,122.15,5.55,1.63,0.76,14.2
AHM08,SVPI Airport Hansol,Ahmedabad,17-11-2024,65.92,109.63,4.89,1.48,0.87,14.32
AHM08,SVPI Airport Hansol,Ahmedabad,18-11-2024,60.28,100.3,12.32,1.95,0.67,16.24
AHM08,SVPI Airport Hansol,Ahmedabad,19-11-2024,64.64,101.1,11.23,2.44,0.63,15.69
AHM08,SVPI Airport Hansol,Ahmedabad,20-11-2024,73.13,117.84,5.98,2.84,0.72,17.74
AHM08,SVPI Airport Hansol,Ahmedabad,21-11-2024,66.95,110.37,4.66,4.17,0.78,19.35
AHM08,SVPI Airport Hansol,Ahmedabad,22-11-2024,74.17,124.62,7.56,4.12,0.91,22.75
AHM08,SVPI Airport Hansol,Ahmedabad,23-11-2024,81.11,135.96,12.71,4.15,0.84,25.48
AHM08,SVPI Airport Hansol,Ahmedabad,24-11-2024,73.44,122.21,15.19,4.17,0.88,25.81
AHM08,SVPI Airport Hansol,Ahmedabad,25-11-2024,69.92,116.68,18.01,3.99,0.9,20.45
AHM08,SVPI Airport Hansol,Ahmedabad,26-11-2024,67.61,113.03,30.04,5.18,1.12,16.99
AHM08,SVPI Airport Hansol,Ahmedabad,27-11-2024,70.55,116.75,34.21,15.53,1.25,14.31
AHM08,SVPI Airport Hansol,Ahmedabad,28-11-2024,62.42,102.12,17.94,7,1.16,21.12
AHM08,SVPI Airport Hansol,Ahmedabad,29-11-2024,50.97,83.74,22.05,7.8,0.85,31.61
AHM08,SVPI Airport Hansol,Ahmedabad,30-11-2024,59.73,97.85,21.09,6.08,0.9,36.07
AHM08,SVPI Airport Hansol,Ahmedabad,01-12-2024,49.13,79.89,19.88,5.29,0.87,41.38
AHM08,SVPI Airport Hansol,Ahmedabad,02-12-2024,56.49,94.25,15.23,4.52,0.99,43.95
AHM08,SVPI Airport Hansol,Ahmedabad,03-12-2024,53.16,89.31,16.7,4.33,1.19,39.99
AHM08,SVPI Airport Hansol,Ahmedabad,04-12-2024,52.53,81.2,22.55,4.69,1.09,41.23
AHM08,SVPI Airport Hansol,Ahmedabad,05-12-2024,53.5,89.05,25.72,4.68,0.96,33.52
AHM08,SVPI Airport Hansol,Ahmedabad,06-12-2024,49.31,83.27,36.47,3.84,1.07,30.14
AHM08,SVPI Airport Hansol,Ahmedabad,07-12-2024,67.52,113.65,20.29,6.4,1.27,21.01
AHM08,SVPI Airport Hansol,Ahmedabad,08-12-2024,53.12,88.76,22.77,4.67,1.19,21.48
AHM08,SVPI Airport Hansol,Ahmedabad,09-12-2024,70.7,118.43,19.54,4.37,0.85,25.94
AHM08,SVPI Airport Hansol,Ahmedabad,10-12-2024,55.27,92.67,16.38,5.4,0.97,32.93
AHM08,SVPI Airport Hansol,Ahmedabad,11-12-2024,49.79,82.8,19.2,3.88,0.97,35.1
AHM08,SVPI Airport Hansol,Ahmedabad,12-12-2024,54.49,85.98,13.55,2.68,0.8,36.8
AHM08,SVPI Airport Hansol,Ahmedabad,13-12-2024,49.34,81.96,16.67,2.79,0.66,39.58
AHM08,SVPI Airport Hansol,Ahmedabad,14-12-2024,42.74,71.44,16.38,3.55,0.82,36.53
AHM08,SVPI Airport Hansol,Ahmedabad,15-12-2024,46.32,76.14,NaN,3,1.15,NaN
AHM08,SVPI Airport Hansol,Ahmedabad,16-12-2024,52.55,82.7,11.32,3.77,1.27,22.38
AHM08,SVPI Airport Hansol,Ahmedabad,17-12-2024,64.28,106.8,16.85,7.15,2,24.34
AHM08,SVPI Airport Hansol,Ahmedabad,18-12-2024,88.39,149.73,NaN,7.73,1.78,22.9
AHM08,SVPI Airport Hansol,Ahmedabad,19-12-2024,79.16,133.1,21.76,9.34,0.96,24.51
AHM08,SVPI Airport Hansol,Ahmedabad,20-12-2024,84.21,141.35,31.52,1.38,0.87,23.57
AHM08,SVPI Airport Hansol,Ahmedabad,21-12-2024,83.01,139.77,31.66,1.98,0.78,29.47
AHM08,SVPI Airport Hansol,Ahmedabad,22-12-2024,70.47,118.73,32.49,2.83,0.85,29.08
AHM08,SVPI Airport Hansol,Ahmedabad,23-12-2024,80.06,134.76,35.69,4.38,0.83,22.47
AHM08,SVPI Airport Hansol,Ahmedabad,24-12-2024,114.01,191.78,37.46,1.71,0.5,19.99
AHM08,SVPI Airport Hansol,Ahmedabad,25-12-2024,73.4,123.07,24.73,1.68,0.36,26.1
AHM08,SVPI Airport Hansol,Ahmedabad,26-12-2024,71.6,120.49,26.87,3.31,0.51,20.61
AHM08,SVPI Airport Hansol,Ahmedabad,27-12-2024,87.54,147.57,27.4,5.29,0.62,13.17
AHM08,SVPI Airport Hansol,Ahmedabad,28-12-2024,69.4,116.79,23.66,4.66,0.49,17.04
AHM08,SVPI Airport Hansol,Ahmedabad,29-12-2024,48.26,81.32,20.06,2.81,0.27,25.82
AHM08,SVPI Airport Hansol,Ahmedabad,30-12-2024,50.19,84.4,27.46,2.8,0.45,19.03
AHM08,SVPI Airport Hansol,Ahmedabad,31-12-2024,73.96,124.72,24.51,2.05,0.42,12.73
AHM08,SVPI Airport Hansol,Ahmedabad,01-01-2025,45.36,76.51,20.92,4.04,0.7,29.69
AHM08,SVPI Airport Hansol,Ahmedabad,02-01-2025,43.13,74.37,25.52,3.58,0.68,22.91
AHM08,SVPI Airport Hansol,Ahmedabad,03-01-2025,51.27,96.02,32.3,5.37,0.5,20.06
AHM08,SVPI Airport Hansol,Ahmedabad,04-01-2025,56.34,105.34,37.83,3.31,0.54,17.38
AHM08,SVPI Airport Hansol,Ahmedabad,05-01-2025,53.73,100.34,30.27,1.01,0.52,32.64
AHM08,SVPI Airport Hansol,Ahmedabad,06-01-2025,57.14,106.65,29.94,5.95,0.53,33.19
AHM08,SVPI Airport Hansol,Ahmedabad,07-01-2025,42.66,78.99,35.03,3.19,0.36,31.08
AHM08,SVPI Airport Hansol,Ahmedabad,08-01-2025,47.01,86.94,39.31,3.54,0.46,26.51
AHM08,SVPI Airport Hansol,Ahmedabad,09-01-2025,63.52,117.75,40.04,6.92,0.77,22.13
AHM08,SVPI Airport Hansol,Ahmedabad,10-01-2025,45.45,84.38,30.58,7.79,0.39,26.58
AHM08,SVPI Airport Hansol,Ahmedabad,11-01-2025,NaN,NaN,NaN,NaN,NaN,NaN
AHM08,SVPI Airport Hansol,Ahmedabad,12-01-2025,NaN,NaN,NaN,NaN,NaN,NaN
AHM08,SVPI Airport Hansol,Ahmedabad,13-01-2025,35.83,65.52,28.26,4.62,0.44,43.95
AHM08,SVPI Airport Hansol,Ahmedabad,14-01-2025,39.19,72.24,19.95,3.39,0.38,NaN
AHM08,SVPI Airport Hansol,Ahmedabad,15-01-2025,38.98,72.69,20.07,4.31,0.32,39.15
AHM08,SVPI Airport Hansol,Ahmedabad,16-01-2025,52.88,98.49,27.96,4.75,0.33,27.49
AHM08,SVPI Airport Hansol,Ahmedabad,17-01-2025,65.73,121.86,24.11,3.27,0.37,30.37
AHM08,SVPI Airport Hansol,Ahmedabad,18-01-2025,53.64,95.86,30.58,5.22,0.61,24.53
AHM08,SVPI Airport Hansol,Ahmedabad,19-01-2025,80.57,150.99,38.96,7.61,0.71,22.95
AHM08,SVPI Airport Hansol,Ahmedabad,20-01-2025,64.48,121.12,38.51,7.96,0.66,20.91
AHM08,SVPI Airport Hansol,Ahmedabad,21-01-2025,77.58,145.74,32.58,7.73,0.58,20.31
AHM08,SVPI Airport Hansol,Ahmedabad,22-01-2025,57.13,106.95,28.83,8.16,0.49,15.16
AHM08,SVPI Airport Hansol,Ahmedabad,23-01-2025,53.1,99.67,18.74,8.03,0.27,9.48
AHM08,SVPI Airport Hansol,Ahmedabad,24-01-2025,48.6,88.26,16.02,4.56,0.34,23.68
AHM08,SVPI Airport Hansol,Ahmedabad,25-01-2025,40.9,76.3,20.91,4.17,0.57,22.17
AHM08,SVPI Airport Hansol,Ahmedabad,26-01-2025,56.93,104.93,20.71,5.05,0.69,23.93
AHM08,SVPI Airport Hansol,Ahmedabad,27-01-2025,49.28,90.59,30.67,5.59,0.77,20.06
AHM08,SVPI Airport Hansol,Ahmedabad,28-01-2025,54.7,100.19,35.57,6.48,0.84,19.94
AHM08,SVPI Airport Hansol,Ahmedabad,29-01-2025,127.13,194.91,54.08,11.12,1.24,22.05
AHM08,SVPI Airport Hansol,Ahmedabad,30-01-2025,47.39,94.92,38.07,8.54,0.79,15.75
AHM08,SVPI Airport Hansol,Ahmedabad,31-01-2025,68.32,137,37.32,10.87,0.65,17.92
AHM08,SVPI Airport Hansol,Ahmedabad,01-02-2025,50.13,100.52,23.92,9.43,0.48,18.17
AHM08,SVPI Airport Hansol,Ahmedabad,02-02-2025,54.46,108.61,37.4,6.59,0.72,17.85
AHM08,SVPI Airport Hansol,Ahmedabad,03-02-2025,77.03,154.22,35.82,8.02,0.75,19.17
AHM08,SVPI Airport Hansol,Ahmedabad,04-02-2025,67.31,139.6,23.37,5.65,0.76,29.66
AHM08,SVPI Airport Hansol,Ahmedabad,05-02-2025,77.9,147.97,36.21,5.23,0.95,25.55
AHM08,SVPI Airport Hansol,Ahmedabad,06-02-2025,48.36,90.75,24.78,6.2,0.59,28.76
AHM08,SVPI Airport Hansol,Ahmedabad,07-02-2025,48.07,90.28,18.2,4.8,0.46,42.5
AHM08,SVPI Airport Hansol,Ahmedabad,08-02-2025,43.7,80.76,30.14,5.16,0.66,32.9
AHM08,SVPI Airport Hansol,Ahmedabad,09-02-2025,57.83,106.52,31.71,6.67,0.72,NaN
AHM08,SVPI Airport Hansol,Ahmedabad,10-02-2025,68.96,128.51,45.16,6.4,0.97,42.8
AHM08,SVPI Airport Hansol,Ahmedabad,11-02-2025,71.22,133.59,35.21,6.76,1.05,22.52
AHM08,SVPI Airport Hansol,Ahmedabad,12-02-2025,71.33,133.4,19.59,6.49,0.56,19.56
AHM08,SVPI Airport Hansol,Ahmedabad,13-02-2025,NaN,NaN,23.13,9.5,0.88,27.26
AHM08,SVPI Airport Hansol,Ahmedabad,14-02-2025,252.73,226.37,35.98,10.53,1.49,27.28
AHM08,SVPI Airport Hansol,Ahmedabad,15-02-2025,53.62,123.51,33.51,21.19,1.62,20.21
AHM08,SVPI Airport Hansol,Ahmedabad,16-02-2025,NaN,NaN,24.4,14.46,0.97,17.3
AHM08,SVPI Airport Hansol,Ahmedabad,17-02-2025,65.04,109.01,21.96,12.44,0.66,20.45
AHM08,SVPI Airport Hansol,Ahmedabad,18-02-2025,60.78,97.5,24.25,9.86,0.77,19.7
AHM08,SVPI Airport Hansol,Ahmedabad,19-02-2025,45.44,72.89,21.54,15.27,0.62,27.1
AHM08,SVPI Airport Hansol,Ahmedabad,20-02-2025,49.13,74.42,18.79,16.71,0.57,20.27
AHM08,SVPI Airport Hansol,Ahmedabad,21-02-2025,149.52,225.06,25.37,17.82,0.87,21.43
AHM08,SVPI Airport Hansol,Ahmedabad,22-02-2025,86.63,132.22,29.3,13.02,0.83,23.58
AHM08,SVPI Airport Hansol,Ahmedabad,23-02-2025,33.51,51.29,29.39,14.88,0.83,24.71
AHM08,SVPI Airport Hansol,Ahmedabad,24-02-2025,60.62,95.95,23.42,10.75,0.64,24.25
AHM08,SVPI Airport Hansol,Ahmedabad,25-02-2025,73.36,120.26,18.83,10.51,0.3,29.4
AHM08,SVPI Airport Hansol,Ahmedabad,26-02-2025,83.79,137.36,22.74,9.28,0.48,32.54
AHM08,SVPI Airport Hansol,Ahmedabad,27-02-2025,72.93,119.57,34.4,12.4,0.75,30.9
AHM08,SVPI Airport Hansol,Ahmedabad,28-02-2025,104.24,170.87,26.36,12.24,0.5,20.48
AHM08,SVPI Airport Hansol,Ahmedabad,01-03-2025,97.61,160.02,16.68,7.13,0.26,18.48
AHM08,SVPI Airport Hansol,Ahmedabad,02-03-2025,106.25,174.18,19.59,7.05,0.32,25.71
AHM08,SVPI Airport Hansol,Ahmedabad,03-03-2025,83,146.37,16.79,8.07,0.41,26
AHM08,SVPI Airport Hansol,Ahmedabad,04-03-2025,62.87,104.8,9.05,4.37,0.25,34.3
AHM08,SVPI Airport Hansol,Ahmedabad,05-03-2025,64.64,101.8,19.45,2.12,0.51,33.61
AHM08,SVPI Airport Hansol,Ahmedabad,06-03-2025,63.73,104.25,29.97,5.1,0.82,27.43
AHM08,SVPI Airport Hansol,Ahmedabad,07-03-2025,83.29,139.94,36.8,15.94,1.06,30.45
AHM08,SVPI Airport Hansol,Ahmedabad,08-03-2025,61.37,153.57,62.64,12.99,2.28,1.42
AHM08,SVPI Airport Hansol,Ahmedabad,09-03-2025,54.48,135.34,33.37,18.53,1.13,32.5
AHM08,SVPI Airport Hansol,Ahmedabad,10-03-2025,41.36,100.73,31.81,9.51,0.97,28.77
AHM08,SVPI Airport Hansol,Ahmedabad,11-03-2025,69.26,102.45,28.96,12.18,0.92,42.78
AHM08,SVPI Airport Hansol,Ahmedabad,12-03-2025,87.04,132.68,34.55,7.71,1,26.81
AHM08,SVPI Airport Hansol,Ahmedabad,13-03-2025,42.7,94.75,21.01,9.92,0.5,25.1
AHM08,SVPI Airport Hansol,Ahmedabad,14-03-2025,27.11,68.46,15.3,9.06,0.48,25.84
AHM08,SVPI Airport Hansol,Ahmedabad,15-03-2025,35.64,66.13,16.06,5.88,0.53,23.95
AHM08,SVPI Airport Hansol,Ahmedabad,16-03-2025,49.98,73,12.7,4.74,0.49,34.29
AHM08,SVPI Airport Hansol,Ahmedabad,17-03-2025,58.58,83.06,18.67,3.25,0.54,34.93
AHM08,SVPI Airport Hansol,Ahmedabad,18-03-2025,61.61,94.87,27,3.05,0.67,32
AHM08,SVPI Airport Hansol,Ahmedabad,19-03-2025,75.86,120.55,25.24,4.6,0.58,39.82
AHM08,SVPI Airport Hansol,Ahmedabad,20-03-2025,39.75,93.47,18.1,4.97,0.35,23.8
AHM08,SVPI Airport Hansol,Ahmedabad,21-03-2025,37.88,86.69,20.55,3.52,0.47,28.4
AHM08,SVPI Airport Hansol,Ahmedabad,22-03-2025,68.06,149.55,31.51,7.58,0.75,36.95
AHM08,SVPI Airport Hansol,Ahmedabad,23-03-2025,96.75,177.36,34.03,8.36,0.76,35.12
AHM08,SVPI Airport Hansol,Ahmedabad,24-03-2025,109.43,170.34,38.03,7.25,0.92,39.63
AHM08,SVPI Airport Hansol,Ahmedabad,25-03-2025,94.13,162.05,37.81,8,1.32,37.08
AHM08,SVPI Airport Hansol,Ahmedabad,26-03-2025,64.91,126.08,22.66,11.07,1.01,29.75
AHM08,SVPI Airport Hansol,Ahmedabad,27-03-2025,55.82,113.54,16.57,3.27,0.42,21.96
AHM08,SVPI Airport Hansol,Ahmedabad,28-03-2025,68.6,114.84,14.68,2.56,0.32,36.79
AHM08,SVPI Airport Hansol,Ahmedabad,29-03-2025,78.53,118.78,20.58,3.75,0.55,39.84
AHM08,SVPI Airport Hansol,Ahmedabad,30-03-2025,58.5,117.82,23.19,3.34,0.57,42.04
AHM08,SVPI Airport Hansol,Ahmedabad,31-03-2025,51.21,108.63,14.64,3.7,0.48,46.02
AHM08,SVPI Airport Hansol,Ahmedabad,01-04-2025,31.12,79.73,16.71,1.41,0.41,61.65
AHM08,SVPI Airport Hansol,Ahmedabad,02-04-2025,46.51,121.31,32.74,4.34,0.74,45.09
AHM08,SVPI Airport Hansol,Ahmedabad,03-04-2025,65.52,167.18,40.11,15.16,1.23,41.93
AHM08,SVPI Airport Hansol,Ahmedabad,04-04-2025,35.06,93.34,28.77,4.4,0.8,21.14
AHM08,SVPI Airport Hansol,Ahmedabad,05-04-2025,36.87,113.51,26.96,3.49,0.85,22.65
AHM08,SVPI Airport Hansol,Ahmedabad,06-04-2025,27.61,93.09,19.72,2.69,0.66,21.92
AHM08,SVPI Airport Hansol,Ahmedabad,07-04-2025,32.15,88.97,18.53,3.42,0.6,22.84
AHM08,SVPI Airport Hansol,Ahmedabad,08-04-2025,41.32,103.97,20.84,3.54,0.62,25.14
AHM08,SVPI Airport Hansol,Ahmedabad,09-04-2025,26.69,84.05,14.62,4.18,0.44,32.94
AHM08,SVPI Airport Hansol,Ahmedabad,10-04-2025,25.86,76.32,13.78,5.96,0.41,34.19
AHM08,SVPI Airport Hansol,Ahmedabad,11-04-2025,25.93,72.64,13.3,14.08,NaN,11.32
AHM08,SVPI Airport Hansol,Ahmedabad,12-04-2025,NaN,NaN,NaN,NaN,NaN,NaN
AHM08,SVPI Airport Hansol,Ahmedabad,13-04-2025,NaN,NaN,NaN,NaN,NaN,NaN
AHM08,SVPI Airport Hansol,Ahmedabad,14-04-2025,NaN,NaN,NaN,NaN,NaN,NaN
AHM08,SVPI Airport Hansol,Ahmedabad,15-04-2025,22.12,61.94,14.59,7.86,0.37,24.91
AHM08,SVPI Airport Hansol,Ahmedabad,16-04-2025,25.37,69.97,12.57,3.08,1.11,24.33
AHM08,SVPI Airport Hansol,Ahmedabad,17-04-2025,26.25,68.91,14.09,3.69,0.85,19.26
AHM08,SVPI Airport Hansol,Ahmedabad,18-04-2025,48.04,78.78,15.04,10.04,0.45,17
AHM08,SVPI Airport Hansol,Ahmedabad,19-04-2025,68.11,119.45,16.09,12.63,0.72,22.27
AHM08,SVPI Airport Hansol,Ahmedabad,20-04-2025,39.88,112.12,15.42,9.29,0.78,20.95
AHM08,SVPI Airport Hansol,Ahmedabad,21-04-2025,38.05,108.32,17.31,5.36,0.77,25.59
AHM08,SVPI Airport Hansol,Ahmedabad,22-04-2025,27.51,102.89,17.92,2.25,0.57,36.45
AHM08,SVPI Airport Hansol,Ahmedabad,23-04-2025,44.86,107.13,22.37,3.96,0.62,30.58
AHM08,SVPI Airport Hansol,Ahmedabad,24-04-2025,49.13,121.88,18.03,9.85,0.45,26.36
AHM08,SVPI Airport Hansol,Ahmedabad,25-04-2025,35.36,122.14,12.16,13.13,0.35,32.79
AHM08,SVPI Airport Hansol,Ahmedabad,26-04-2025,38.11,125.61,12.95,4.15,0.52,26.62
AHM08,SVPI Airport Hansol,Ahmedabad,27-04-2025,40.21,136.58,16.13,8.41,0.59,23.12
AHM08,SVPI Airport Hansol,Ahmedabad,28-04-2025,44.02,142,14.41,10.84,0.56,26.81
AHM08,SVPI Airport Hansol,Ahmedabad,29-04-2025,70.16,144.74,13.32,10.86,0.58,21.27
AHM08,SVPI Airport Hansol,Ahmedabad,30-04-2025,61.1,152.14,14.18,8.28,0.64,21.17
AHM08,SVPI Airport Hansol,Ahmedabad,01-05-2025,52.98,132.8,13.94,11.98,0.5,21.67
AHM08,SVPI Airport Hansol,Ahmedabad,02-05-2025,52.35,120.1,15.51,13.64,0.47,22.55
AHM08,SVPI Airport Hansol,Ahmedabad,03-05-2025,64.99,122.82,13.02,5.47,0.3,22.59
AHM08,SVPI Airport Hansol,Ahmedabad,04-05-2025,34.26,94.35,16.52,1.53,0.21,16.52
AHM08,SVPI Airport Hansol,Ahmedabad,05-05-2025,69.89,93.37,13.63,1.66,0.24,18.47
AHM08,SVPI Airport Hansol,Ahmedabad,06-05-2025,28.99,55.83,13.99,2.95,0.44,23.66
AHM08,SVPI Airport Hansol,Ahmedabad,07-05-2025,17.83,37.44,12.25,2.37,0.54,15.22
AHM08,SVPI Airport Hansol,Ahmedabad,08-05-2025,25.86,74.48,12.57,2.62,0.58,28.56
AHM08,SVPI Airport Hansol,Ahmedabad,09-05-2025,22.12,56.8,21.77,1.7,0.56,24.92
AHM08,SVPI Airport Hansol,Ahmedabad,10-05-2025,36.31,79.55,16.07,2.2,0.67,24.58
AHM08,SVPI Airport Hansol,Ahmedabad,11-05-2025,34.77,97,11.84,2.26,0.67,22.41
AHM08,SVPI Airport Hansol,Ahmedabad,12-05-2025,39.02,95.18,13.42,2.08,0.38,20.03
AHM08,SVPI Airport Hansol,Ahmedabad,13-05-2025,45.79,101.66,15.49,1.17,0.17,17.33
AHM08,SVPI Airport Hansol,Ahmedabad,14-05-2025,46.04,107,15.68,1.54,0.28,18.37
AHM08,SVPI Airport Hansol,Ahmedabad,15-05-2025,45.1,96.42,21.12,2.57,0.35,15.92
AHM08,SVPI Airport Hansol,Ahmedabad,16-05-2025,41.56,80.11,18.8,2.15,0.26,14.19
AHM08,SVPI Airport Hansol,Ahmedabad,17-05-2025,27.65,66.27,19.06,2.29,0.23,12.48
AHM08,SVPI Airport Hansol,Ahmedabad,18-05-2025,26.58,56.74,22.99,2.52,0.16,13.67
AHM08,SVPI Airport Hansol,Ahmedabad,19-05-2025,24.18,58.44,22.74,2.06,0.18,14.52
AHM08,SVPI Airport Hansol,Ahmedabad,20-05-2025,36.88,103.13,NaN,4.77,0.28,21.89
AHM08,SVPI Airport Hansol,Ahmedabad,21-05-2025,27.53,89.04,NaN,5.22,0.28,28.05
AHM08,SVPI Airport Hansol,Ahmedabad,22-05-2025,31.08,84.58,NaN,6.03,0.34,31
AHM08,SVPI Airport Hansol,Ahmedabad,23-05-2025,36.74,107.01,NaN,5.57,0.32,27.46
AHM08,SVPI Airport Hansol,Ahmedabad,24-05-2025,66.88,101.14,NaN,1.48,0.21,27.2
AHM08,SVPI Airport Hansol,Ahmedabad,25-05-2025,73.24,124.24,NaN,0.74,0.34,19.22
AHM08,SVPI Airport Hansol,Ahmedabad,26-05-2025,63.25,124.06,NaN,1.5,0.37,17.61
AHM08,SVPI Airport Hansol,Ahmedabad,27-05-2025,49.92,161.68,20.27,0.85,0.48,19.97
AHM08,SVPI Airport Hansol,Ahmedabad,28-05-2025,23.87,91.97,9.88,1.09,0.37,28.27
AHM08,SVPI Airport Hansol,Ahmedabad,29-05-2025,10.04,63.11,7,1.5,0.4,69.05
AHM08,SVPI Airport Hansol,Ahmedabad,30-05-2025,23.01,93.88,8.87,1.81,0.49,25.24
AHM08,SVPI Airport Hansol,Ahmedabad,31-05-2025,21.62,89.5,7.31,3.39,0.2,29.06
AHM08,SVPI Airport Hansol,Ahmedabad,01-06-2025,21.81,72.22,5.27,3.37,0.19,28.31
AHM08,SVPI Airport Hansol,Ahmedabad,02-06-2025,31.97,90.44,4.46,2.35,0.33,28.03
AHM08,SVPI Airport Hansol,Ahmedabad,03-06-2025,23.02,96.29,3.73,2.71,0.45,31.76
AHM08,SVPI Airport Hansol,Ahmedabad,04-06-2025,42.84,134,3.93,1.38,0.3,28.67
AHM08,SVPI Airport Hansol,Ahmedabad,05-06-2025,38.53,161.5,3.34,1.47,0.75,19.34
AHM08,SVPI Airport Hansol,Ahmedabad,06-06-2025,53.92,166.39,6.82,2.86,0.84,18.97
AHM08,SVPI Airport Hansol,Ahmedabad,07-06-2025,49.29,156.18,4.57,6.02,0.26,27.4
AHM08,SVPI Airport Hansol,Ahmedabad,08-06-2025,58,151,4.26,6.08,0.2,29.19
AHM08,SVPI Airport Hansol,Ahmedabad,09-06-2025,71.78,146.13,3.58,2.77,0.29,25.08
AHM08,SVPI Airport Hansol,Ahmedabad,10-06-2025,41.44,113.77,3.94,5.01,0.27,23.95
AHM08,SVPI Airport Hansol,Ahmedabad,11-06-2025,46.55,94.58,2.85,1.83,0.19,25.61
AHM08,SVPI Airport Hansol,Ahmedabad,12-06-2025,47.73,117.63,4.37,2.61,0.35,29.73
AHM08,SVPI Airport Hansol,Ahmedabad,13-06-2025,53.35,138.6,6.81,3.96,0.49,26.46
AHM08,SVPI Airport Hansol,Ahmedabad,14-06-2025,60.03,161.49,6.16,4.06,0.99,39.95
AHM08,SVPI Airport Hansol,Ahmedabad,15-06-2025,18.09,51.99,5.99,4.09,1.57,64.45
AHM08,SVPI Airport Hansol,Ahmedabad,16-06-2025,18.46,60.85,6.11,3.9,0.6,46.66
AHM08,SVPI Airport Hansol,Ahmedabad,17-06-2025,9.03,25.77,6.18,3.52,0.55,21.41
AHM08,SVPI Airport Hansol,Ahmedabad,18-06-2025,36.76,91.99,7.94,3.14,0.47,11.53
AHM08,SVPI Airport Hansol,Ahmedabad,19-06-2025,32.37,75.27,7.98,3.1,0.56,13.56
AHM08,SVPI Airport Hansol,Ahmedabad,20-06-2025,57.1,107.39,10.09,3.26,0.66,5.9
AHM08,SVPI Airport Hansol,Ahmedabad,21-06-2025,41.65,87.47,8,3.81,0.69,7.29
AHM08,SVPI Airport Hansol,Ahmedabad,22-06-2025,22.45,90.83,8,3.62,0.63,9.18
AHM08,SVPI Airport Hansol,Ahmedabad,23-06-2025,16.79,76.88,11.77,3.01,0.52,8.45
AHM08,SVPI Airport Hansol,Ahmedabad,24-06-2025,21.39,81.01,11.4,2.46,0.43,5.08
AHM08,SVPI Airport Hansol,Ahmedabad,25-06-2025,19.21,67.85,10.88,2.49,0.57,7.94
AHM08,SVPI Airport Hansol,Ahmedabad,26-06-2025,25.67,73.74,11.71,2.2,0.96,8.14
AHM08,SVPI Airport Hansol,Ahmedabad,27-06-2025,15.88,53.52,11.01,1.41,1.29,12.53
AHM08,SVPI Airport Hansol,Ahmedabad,28-06-2025,15.26,52.86,10.84,2.43,0.86,18.17
AHM08,SVPI Airport Hansol,Ahmedabad,29-06-2025,12.95,44.24,11.64,2.1,0.39,10.69
AHM08,SVPI Airport Hansol,Ahmedabad,30-06-2025,15.61,62.08,11.17,1.8,0.43,9.46
AHM08,SVPI Airport Hansol,Ahmedabad,01-07-2025,16.78,57.03,7.39,1.24,0.64,8.38
AHM08,SVPI Airport Hansol,Ahmedabad,02-07-2025,15.27,79.62,2.78,0.48,0.77,7.02
AHM08,SVPI Airport Hansol,Ahmedabad,03-07-2025,17.75,73.29,5.2,0.91,0.73,11.54
AHM08,SVPI Airport Hansol,Ahmedabad,04-07-2025,15.76,72.8,3.44,1.02,0.66,8.39
AHM08,SVPI Airport Hansol,Ahmedabad,05-07-2025,18.94,63.79,6.92,1.08,0.85,9.91
AHM08,SVPI Airport Hansol,Ahmedabad,06-07-2025,18.59,66.84,NaN,1.29,0.92,12.76
AHM08,SVPI Airport Hansol,Ahmedabad,07-07-2025,21.55,46.25,2.42,1.15,0.78,16.5
AHM08,SVPI Airport Hansol,Ahmedabad,08-07-2025,23.32,52.65,1.22,1.57,0.62,18.18
AHM08,SVPI Airport Hansol,Ahmedabad,09-07-2025,21.49,43.35,1.56,2.74,0.65,17.09
AHM08,SVPI Airport Hansol,Ahmedabad,10-07-2025,18.13,29.03,6.77,3.67,0.54,15.19
AHM08,SVPI Airport Hansol,Ahmedabad,11-07-2025,16.32,27.66,12.1,3.47,0.54,19.23
AHM08,SVPI Airport Hansol,Ahmedabad,12-07-2025,13.19,18.71,12.04,1.91,0.54,17.49
AHM08,SVPI Airport Hansol,Ahmedabad,13-07-2025,16.25,24.82,11.94,0.47,0.6,7.39
AHM08,SVPI Airport Hansol,Ahmedabad,14-07-2025,14.09,29.15,13.3,0.58,0.48,4.3
AHM08,SVPI Airport Hansol,Ahmedabad,15-07-2025,18,29.91,3.29,2.13,0.75,10.33
AHM08,SVPI Airport Hansol,Ahmedabad,16-07-2025,18.47,73.13,9.61,3.36,0.79,16.98
AHM08,SVPI Airport Hansol,Ahmedabad,17-07-2025,16.54,142.03,15.45,9.27,0.83,19.85
AHM08,SVPI Airport Hansol,Ahmedabad,18-07-2025,19.47,61.57,15.56,13.66,0.67,17.78
AHM08,SVPI Airport Hansol,Ahmedabad,19-07-2025,16.04,39.92,13.28,5.45,0.9,9.82
AHM08,SVPI Airport Hansol,Ahmedabad,20-07-2025,15.73,36.93,12.44,5.51,0.53,16.68
AHM08,SVPI Airport Hansol,Ahmedabad,21-07-2025,14.73,36.02,11,8.47,0.89,9.14
AHM08,SVPI Airport Hansol,Ahmedabad,22-07-2025,20.58,46.65,10.32,5.56,0.7,14.83
AHM08,SVPI Airport Hansol,Ahmedabad,23-07-2025,11.77,42.48,11.05,5.2,0.83,17.13
AHM08,SVPI Airport Hansol,Ahmedabad,24-07-2025,13.2,44.46,10.02,11.89,0.6,18.79
AHM08,SVPI Airport Hansol,Ahmedabad,25-07-2025,13.03,41.72,10.71,12.56,0.69,18.83
AHM08,SVPI Airport Hansol,Ahmedabad,26-07-2025,15.24,50.5,10.33,15.04,0.64,12.6
AHM08,SVPI Airport Hansol,Ahmedabad,27-07-2025,13.3,29.11,9.32,6.68,0.76,10.69
AHM08,SVPI Airport Hansol,Ahmedabad,28-07-2025,13.04,29.12,11.09,6.15,0.89,8.95
AHM08,SVPI Airport Hansol,Ahmedabad,29-07-2025,18.47,44,11.5,7.12,0.83,11.06
AHM08,SVPI Airport Hansol,Ahmedabad,30-07-2025,19.45,56.43,11.25,12.12,0.49,14.45
AHM08,SVPI Airport Hansol,Ahmedabad,31-07-2025,20.72,64.63,11.88,12.2,0.47,15.43
AHM08,SVPI Airport Hansol,Ahmedabad,01-08-2025,19.74,53.62,11.5,11.74,0.82,17.77
AHM08,SVPI Airport Hansol,Ahmedabad,02-08-2025,16.34,49.75,11.26,7.45,0.8,17.45
AHM08,SVPI Airport Hansol,Ahmedabad,03-08-2025,14.67,36.06,10.72,8.05,0.56,18.89
AHM08,SVPI Airport Hansol,Ahmedabad,04-08-2025,11.69,34.47,10.35,9.79,0.75,20.17
AHM08,SVPI Airport Hansol,Ahmedabad,05-08-2025,13.3,40.09,10.66,9.49,1.17,18.61
AHM08,SVPI Airport Hansol,Ahmedabad,06-08-2025,14.41,45.24,18.34,14.34,0.79,12.51
AHM08,SVPI Airport Hansol,Ahmedabad,07-08-2025,17.01,52.91,17.79,13.24,0.77,22.26
AHM08,SVPI Airport Hansol,Ahmedabad,08-08-2025,14.72,54.95,19.96,16.15,0.6,21.77
AHM08,SVPI Airport Hansol,Ahmedabad,09-08-2025,11.48,48.9,17.42,10.26,0.56,20.52
AHM08,SVPI Airport Hansol,Ahmedabad,10-08-2025,9.54,43.85,17.37,11.11,0.56,22.89
AHM08,SVPI Airport Hansol,Ahmedabad,11-08-2025,7.35,37.74,20.18,11.68,0.55,20.12
AHM08,SVPI Airport Hansol,Ahmedabad,12-08-2025,8.86,31.54,19.04,7.51,0.49,20.49
AHM08,SVPI Airport Hansol,Ahmedabad,13-08-2025,10.92,32.81,25.82,9.38,0.16,20.69
AHM08,SVPI Airport Hansol,Ahmedabad,14-08-2025,16.02,43.14,24.51,16.33,0.31,21.82
AHM08,SVPI Airport Hansol,Ahmedabad,15-08-2025,17.94,43.75,24.31,15.83,0.44,22.44
AHM08,SVPI Airport Hansol,Ahmedabad,16-08-2025,15.51,27.76,23.84,15.74,0.45,14.96
AHM08,SVPI Airport Hansol,Ahmedabad,17-08-2025,11.15,24.52,18.41,7.97,0.37,21.53
AHM08,SVPI Airport Hansol,Ahmedabad,18-08-2025,13.43,28,23.01,8.34,0.36,19.05
AHM08,SVPI Airport Hansol,Ahmedabad,19-08-2025,13.35,32.99,32.59,7.42,0.43,15.42
AHM08,SVPI Airport Hansol,Ahmedabad,20-08-2025,8.5,23.17,32.23,7.91,0.44,13.18
AHM08,SVPI Airport Hansol,Ahmedabad,21-08-2025,6.55,21.25,38.69,18.12,0.33,11.35
AHM08,SVPI Airport Hansol,Ahmedabad,22-08-2025,7.61,19.16,35.95,11.16,0.19,10.09
AHM08,SVPI Airport Hansol,Ahmedabad,23-08-2025,3.85,18.5,32.77,7.84,0.23,12.38
AHM08,SVPI Airport Hansol,Ahmedabad,24-08-2025,3.52,14.36,30.37,8.4,0.26,11.31
AHM08,SVPI Airport Hansol,Ahmedabad,25-08-2025,5.7,23.24,35.36,9.56,0.26,11.73
AHM08,SVPI Airport Hansol,Ahmedabad,26-08-2025,8.84,38.58,32.64,8.04,0.25,13.79
AHM08,SVPI Airport Hansol,Ahmedabad,27-08-2025,11.71,47.67,30.59,3.37,0.35,13.69
AHM08,SVPI Airport Hansol,Ahmedabad,28-08-2025,12.88,52.96,30.82,4.44,0.54,12.15
AHM08,SVPI Airport Hansol,Ahmedabad,29-08-2025,17.11,44.43,48.09,4.79,0.81,8.19
AHM08,SVPI Airport Hansol,Ahmedabad,30-08-2025,21.27,57.31,27.03,8.22,0.49,10.64
AHM08,SVPI Airport Hansol,Ahmedabad,31-08-2025,15.57,39.55,14.7,5.94,0.06,12.59
AHM08,SVPI Airport Hansol,Ahmedabad,01-09-2025,13.25,38.08,15.01,9.73,0.27,13.17
AHM08,SVPI Airport Hansol,Ahmedabad,02-09-2025,11.23,55.79,17.83,11.6,0.55,13.86
AHM08,SVPI Airport Hansol,Ahmedabad,03-09-2025,12.27,72.09,12.36,4.68,0.59,18.69
AHM08,SVPI Airport Hansol,Ahmedabad,04-09-2025,14.64,43.38,18.23,5.1,0.73,11
AHM08,SVPI Airport Hansol,Ahmedabad,05-09-2025,13.8,32.67,11.79,2.32,0.65,27.14
AHM08,SVPI Airport Hansol,Ahmedabad,06-09-2025,9.32,23.07,20.38,7.83,0.78,18.71
AHM08,SVPI Airport Hansol,Ahmedabad,07-09-2025,5.42,17.76,15.24,5.44,0.72,17.69
AHM08,SVPI Airport Hansol,Ahmedabad,08-09-2025,9.93,38.12,10.97,7.07,0.89,16.96
AHM08,SVPI Airport Hansol,Ahmedabad,09-09-2025,13.07,44.82,13.37,8.02,1,15.39
AHM08,SVPI Airport Hansol,Ahmedabad,10-09-2025,17.72,54.21,16.72,8.52,1.04,12.1
AHM08,SVPI Airport Hansol,Ahmedabad,11-09-2025,15.95,56.17,17.67,9.88,0.94,8.68
AHM08,SVPI Airport Hansol,Ahmedabad,12-09-2025,15.46,54.77,14.1,7.92,1.14,9.88
AHM08,SVPI Airport Hansol,Ahmedabad,13-09-2025,21.26,64.68,12.97,8.21,1.01,10.78
AHM08,SVPI Airport Hansol,Ahmedabad,14-09-2025,18.34,56.31,11.87,5.67,0.68,11.45
AHM08,SVPI Airport Hansol,Ahmedabad,15-09-2025,11.78,44.63,10.94,3.61,0.64,10.03
AHM08,SVPI Airport Hansol,Ahmedabad,16-09-2025,11.52,45.12,16.32,8.31,0.62,11.33
AHM08,SVPI Airport Hansol,Ahmedabad,17-09-2025,10.94,44.63,15.24,5.68,0.7,11.89
AHM08,SVPI Airport Hansol,Ahmedabad,18-09-2025,19.11,56.27,20.46,6.74,0.74,11.9
AHM08,SVPI Airport Hansol,Ahmedabad,19-09-2025,26.55,65.17,22.16,12.14,0.72,14.62
AHM08,SVPI Airport Hansol,Ahmedabad,20-09-2025,19.33,45.64,20.1,6.4,0.8,11.08
AHM08,SVPI Airport Hansol,Ahmedabad,21-09-2025,22.83,52.35,15.37,3.06,0.69,9.03
AHM08,SVPI Airport Hansol,Ahmedabad,22-09-2025,12.73,54.93,13.64,2.38,0.43,10.31
AHM08,SVPI Airport Hansol,Ahmedabad,23-09-2025,10.81,50.66,14.91,4.2,0.37,11.98
AHM08,SVPI Airport Hansol,Ahmedabad,24-09-2025,10.28,43.94,15.43,7.11,0.38,16.27
AHM08,SVPI Airport Hansol,Ahmedabad,25-09-2025,15.1,55.03,27.01,11.62,0.49,19.3
AHM08,SVPI Airport Hansol,Ahmedabad,26-09-2025,16.65,58.24,19.57,3.85,0.4,17.62
AHM08,SVPI Airport Hansol,Ahmedabad,27-09-2025,15.88,60.72,16.65,2.87,0.3,23.49
AHM08,SVPI Airport Hansol,Ahmedabad,28-09-2025,19.03,53.87,18.62,2.57,0.4,17.59
AHM08,SVPI Airport Hansol,Ahmedabad,29-09-2025,7.58,19.42,13.37,2.42,0.39,15.76
AHM08,SVPI Airport Hansol,Ahmedabad,30-09-2025,10.39,23.86,14,3.56,0.29,17.71
AHM08,SVPI Airport Hansol,Ahmedabad,01-10-2025,8.72,31.07,16.52,5.31,0.2,15.37
AHM08,SVPI Airport Hansol,Ahmedabad,02-10-2025,9.26,28.39,14.57,4.3,0.16,15.96
AHM08,SVPI Airport Hansol,Ahmedabad,03-10-2025,9.32,32.01,18.6,9.34,0.34,14.08
AHM08,SVPI Airport Hansol,Ahmedabad,04-10-2025,13.59,47.9,21.29,9.95,0.32,13.05
AHM08,SVPI Airport Hansol,Ahmedabad,05-10-2025,10.41,41.07,16.58,10.14,0.28,12.21
AHM08,SVPI Airport Hansol,Ahmedabad,06-10-2025,5.11,25.75,15.06,7.2,0.37,11.31
AHM08,SVPI Airport Hansol,Ahmedabad,07-10-2025,12.8,60.24,17.42,5.82,0.37,8.59
AHM08,SVPI Airport Hansol,Ahmedabad,08-10-2025,30.98,106.1,26.87,7.22,0.39,11.21
AHM08,SVPI Airport Hansol,Ahmedabad,09-10-2025,46.81,168.28,37.57,3.05,0.59,13.52
AHM08,SVPI Airport Hansol,Ahmedabad,10-10-2025,59.28,193.1,44.32,3.17,1.26,15.55
AHM08,SVPI Airport Hansol,Ahmedabad,11-10-2025,54.19,169.62,49.4,13.05,1.33,17.34
AHM08,SVPI Airport Hansol,Ahmedabad,12-10-2025,47.26,145.62,48.95,6.17,1.28,17.59
AHM08,SVPI Airport Hansol,Ahmedabad,13-10-2025,36.93,122.99,51.21,8.11,1.24,19.28
AHM08,SVPI Airport Hansol,Ahmedabad,14-10-2025,36.95,117.99,56.62,8.44,1.12,18.96
AHM08,SVPI Airport Hansol,Ahmedabad,15-10-2025,35.94,141.05,56.64,8.29,1.05,22.36
AHM08,SVPI Airport Hansol,Ahmedabad,16-10-2025,42.59,121.51,56.38,6.99,1.32,9.4
AHM08,SVPI Airport Hansol,Ahmedabad,17-10-2025,46.28,87.81,54.66,7.83,1.25,16.38
AHM08,SVPI Airport Hansol,Ahmedabad,18-10-2025,47.75,93.18,52.06,7.74,1.26,16.12
AHM08,SVPI Airport Hansol,Ahmedabad,19-10-2025,29.19,70.69,49.36,8.41,1.05,19.26
AHM08,SVPI Airport Hansol,Ahmedabad,20-10-2025,43.07,122.43,50.8,10.44,1.17,17.78
AHM08,SVPI Airport Hansol,Ahmedabad,21-10-2025,81.52,169.64,43.37,12.47,0.92,27.51
AHM08,SVPI Airport Hansol,Ahmedabad,22-10-2025,56.47,137.02,35.27,8.13,0.64,37.31
AHM08,SVPI Airport Hansol,Ahmedabad,23-10-2025,43.75,118.4,39.94,8.11,0.62,44.14
AHM08,SVPI Airport Hansol,Ahmedabad,24-10-2025,41.38,118.14,40.75,8.09,0.62,40.69
AHM08,SVPI Airport Hansol,Ahmedabad,25-10-2025,42.59,116.34,45.9,8.66,0.65,40.32
AHM08,SVPI Airport Hansol,Ahmedabad,26-10-2025,20.15,69.52,38.43,6.86,0.52,18.83
AHM08,SVPI Airport Hansol,Ahmedabad,27-10-2025,10.22,32.61,37.05,6.58,0.63,8.33
AHM08,SVPI Airport Hansol,Ahmedabad,28-10-2025,1.72,18.35,35.85,6.61,0.52,19.98
AHM08,SVPI Airport Hansol,Ahmedabad,29-10-2025,21.86,68.09,38.08,6.06,0.53,26.95
AHM08,SVPI Airport Hansol,Ahmedabad,30-10-2025,25.15,63.21,41.01,4.97,0.57,15.71
AHM08,SVPI Airport Hansol,Ahmedabad,31-10-2025,9.38,29.1,37,3.96,0.52,11.45
AHM08,SVPI Airport Hansol,Ahmedabad,01-11-2025,13.38,42.1,40.51,4.78,0.69,5.87
AHM08,SVPI Airport Hansol,Ahmedabad,02-11-2025,21.84,68.3,44.41,4.29,0.86,9.92
AHM08,SVPI Airport Hansol,Ahmedabad,03-11-2025,13.05,53.94,36.23,6.11,0.55,13.61
AHM08,SVPI Airport Hansol,Ahmedabad,04-11-2025,22.26,96.98,24.4,11.38,0.53,12.58
AHM08,SVPI Airport Hansol,Ahmedabad,05-11-2025,48.64,131.41,20.92,6.59,0.97,13.67
AHM08,SVPI Airport Hansol,Ahmedabad,06-11-2025,62.23,193.6,23.72,7.06,0.69,13.17
AHM08,SVPI Airport Hansol,Ahmedabad,07-11-2025,54.38,249.85,26.74,6.34,0.89,20.45
AHM08,SVPI Airport Hansol,Ahmedabad,08-11-2025,58.43,167.59,29.08,6.35,1.05,15.2
AHM08,SVPI Airport Hansol,Ahmedabad,09-11-2025,71.86,159.37,28.86,6.35,1.15,14.08
AHM08,SVPI Airport Hansol,Ahmedabad,10-11-2025,65.07,90.43,34.21,6.65,1.39,13.97
AHM08,SVPI Airport Hansol,Ahmedabad,11-11-2025,62.29,224.11,35.17,6.68,1.17,15.39
AHM08,SVPI Airport Hansol,Ahmedabad,12-11-2025,63,270.8,37.93,7.15,1.01,14.91
AHM08,SVPI Airport Hansol,Ahmedabad,13-11-2025,60.59,272.71,39.67,6.37,0.93,15.83
AHM08,SVPI Airport Hansol,Ahmedabad,14-11-2025,56.48,236.87,37.4,6.33,0.76,20.46
AHM08,SVPI Airport Hansol,Ahmedabad,15-11-2025,45.48,185.56,36.24,7.53,0.72,24.05
AHM08,SVPI Airport Hansol,Ahmedabad,16-11-2025,43.15,174.83,33.04,7.06,0.67,31.94
AHM08,SVPI Airport Hansol,Ahmedabad,17-11-2025,44.61,197.76,35.7,6.8,0.71,31.13
AHM08,SVPI Airport Hansol,Ahmedabad,18-11-2025,68.39,215.74,37.77,7.5,1.24,29.05
AHM08,SVPI Airport Hansol,Ahmedabad,19-11-2025,74.5,238.33,40.67,7.68,1.15,29.48
AHM08,SVPI Airport Hansol,Ahmedabad,20-11-2025,74.71,208.19,36.82,7.4,0.93,39.2
AHM08,SVPI Airport Hansol,Ahmedabad,21-11-2025,85.91,232.48,42.79,9.76,0.96,34.74
AHM08,SVPI Airport Hansol,Ahmedabad,22-11-2025,87.1,254.3,44.15,8.3,1.12,24.33
AHM08,SVPI Airport Hansol,Ahmedabad,23-11-2025,86.21,255.36,44.13,8.29,0.98,20.53
AHM08,SVPI Airport Hansol,Ahmedabad,24-11-2025,82.81,253.59,46.69,8.56,0.74,14.33
AHM08,SVPI Airport Hansol,Ahmedabad,25-11-2025,82.21,207.55,38.64,9.72,0.51,38.32
AHM08,SVPI Airport Hansol,Ahmedabad,26-11-2025,75.42,191.83,37.32,9.97,0.64,36.81
AHM08,SVPI Airport Hansol,Ahmedabad,27-11-2025,82.81,210.45,36.59,10.63,0.83,28.96
AHM08,SVPI Airport Hansol,Ahmedabad,28-11-2025,90.19,215.74,46.65,10.66,0.5,25.16
AHM08,SVPI Airport Hansol,Ahmedabad,29-11-2025,77.86,200.11,39.92,8.78,0.48,23.51
AHM08,SVPI Airport Hansol,Ahmedabad,30-11-2025,56.68,159.53,45.92,8.31,0.33,19.08
AHM08,SVPI Airport Hansol,Ahmedabad,01-12-2025,53.22,147.49,50.58,5.74,0.93,14.39
AHM08,SVPI Airport Hansol,Ahmedabad,02-12-2025,55.28,170.88,54.5,4.74,1.05,14.26
AHM08,SVPI Airport Hansol,Ahmedabad,03-12-2025,40.73,143.64,45.23,3.89,0.58,19.96
AHM08,SVPI Airport Hansol,Ahmedabad,04-12-2025,35.07,114.75,35.72,4.43,0.36,28.32
AHM08,SVPI Airport Hansol,Ahmedabad,05-12-2025,37.54,132.76,37.3,5.78,0.46,34.54
AHM08,SVPI Airport Hansol,Ahmedabad,06-12-2025,37.12,126.37,39.37,5.91,0.94,32.34
AHM08,SVPI Airport Hansol,Ahmedabad,07-12-2025,36.72,100.84,41.28,6.16,1.21,29.12
AHM08,SVPI Airport Hansol,Ahmedabad,08-12-2025,29.93,98.36,47.35,6.74,1.02,18.86
AHM08,SVPI Airport Hansol,Ahmedabad,09-12-2025,33.01,120.49,51.36,5.9,0.72,17.68
AHM08,SVPI Airport Hansol,Ahmedabad,10-12-2025,29.22,100.28,53.42,5.31,0.61,14.03
AHM08,SVPI Airport Hansol,Ahmedabad,11-12-2025,37.55,64.5,60.17,5.78,0.74,14.02
AHM08,SVPI Airport Hansol,Ahmedabad,12-12-2025,51.42,138.29,58.68,5.92,0.82,14.95
AHM08,SVPI Airport Hansol,Ahmedabad,13-12-2025,37.72,147.85,87.79,5.41,0.64,15.74
AHM08,SVPI Airport Hansol,Ahmedabad,14-12-2025,36.85,135.21,95.65,5.92,0.65,17.36
AHM08,SVPI Airport Hansol,Ahmedabad,15-12-2025,31.94,127.92,84.81,6.7,0.53,19.97
AHM08,SVPI Airport Hansol,Ahmedabad,16-12-2025,38.73,129.1,63.7,6.15,0.47,32.15
AHM08,SVPI Airport Hansol,Ahmedabad,17-12-2025,39.3,128.02,72.93,7.29,0.46,29.88
AHM08,SVPI Airport Hansol,Ahmedabad,18-12-2025,37.69,127.31,86.84,6.98,0.36,20.43
AHM08,SVPI Airport Hansol,Ahmedabad,19-12-2025,36.99,121.3,99.96,6.87,0.74,16.95
AHM08,SVPI Airport Hansol,Ahmedabad,20-12-2025,49.69,155.6,121.4,6.44,0.7,12.2
AHM08,SVPI Airport Hansol,Ahmedabad,21-12-2025,42.33,146.16,99.25,6.89,0.62,16.6
AHM08,SVPI Airport Hansol,Ahmedabad,22-12-2025,36.05,142.26,88.31,6.21,1.21,19.64
AHM08,SVPI Airport Hansol,Ahmedabad,23-12-2025,36.64,125.57,96.01,5.96,1.31,13.63
AHM08,SVPI Airport Hansol,Ahmedabad,24-12-2025,34.96,127.57,94.49,6.16,0.86,14.66
AHM08,SVPI Airport Hansol,Ahmedabad,25-12-2025,42.4,121.51,79.66,5.92,1.08,19.7
AHM08,SVPI Airport Hansol,Ahmedabad,26-12-2025,41.07,115.97,76.48,5.64,1.69,24.97
AHM08,SVPI Airport Hansol,Ahmedabad,27-12-2025,38.27,112.39,77.37,7.03,1.25,26.54
AHM08,SVPI Airport Hansol,Ahmedabad,28-12-2025,43.01,123.17,77.96,6.83,1.15,26.1
AHM08,SVPI Airport Hansol,Ahmedabad,29-12-2025,51.68,138.54,86.84,6.46,1.09,26.22
AHM08,SVPI Airport Hansol,Ahmedabad,30-12-2025,69.31,165.73,131.9,8.96,1.25,16.61
AHM08,SVPI Airport Hansol,Ahmedabad,31-12-2025,102.62,230.29,182.52,6.82,1.59,5.21
AHM09,Sardar Vallabhai Patel Stadium,Ahmedabad,01-01-2023,64,128.28,35.43,24.42,0.93,14.71
AHM09,Sardar Vallabhai Patel Stadium,Ahmedabad,02-01-2023,71.7,141.02,38.47,16.89,0.87,15.61
AHM09,Sardar Vallabhai Patel Stadium,Ahmedabad,03-01-2023,60.81,121.49,28.9,17.9,0.64,17.31
AHM09,Sardar Vallabhai Patel Stadium,Ahmedabad,04-01-2023,58.48,122.31,18.24,18.08,0.39,19.03
AHM09,Sardar Vallabhai Patel Stadium,Ahmedabad,05-01-2023,58.67,122.41,21.79,40.8,0.4,15.94
AHM09,Sardar Vallabhai Patel Stadium,Ahmedabad,06-01-2023,53.19,111.4,16.34,12.66,0.44,16.43
AHM09,Sardar Vallabhai Patel Stadium,Ahmedabad,07-01-2023,55.58,114.07,25.96,21.4,0.8,14.55
AHM09,Sardar Vallabhai Patel Stadium,Ahmedabad,08-01-2023,67.52,134.65,24.16,22.84,1.34,13.77
AHM09,Sardar Vallabhai Patel Stadium,Ahmedabad,09-01-2023,82.43,161.31,27.44,34.42,1.87,10.05
AHM09,Sardar Vallabhai Patel Stadium,Ahmedabad,10-01-2023,92.92,183.84,23.87,53.42,2,10.48
AHM09,Sardar Vallabhai Patel Stadium,Ahmedabad,11-01-2023,83.02,161.72,38.15,6.23,1.36,9.6
AHM09,Sardar Vallabhai Patel Stadium,Ahmedabad,12-01-2023,78.88,145.46,41.57,13.92,0.45,9.61
AHM09,Sardar Vallabhai Patel Stadium,Ahmedabad,13-01-2023,145.41,258.65,27.61,7.54,0.4,8.39
AHM09,Sardar Vallabhai Patel Stadium,Ahmedabad,14-01-2023,61.81,121.15,9.09,9.78,0.42,7.41
AHM09,Sardar Vallabhai Patel Stadium,Ahmedabad,15-01-2023,53.43,106.92,14.69,5.25,0.36,6.69
AHM09,Sardar Vallabhai Patel Stadium,Ahmedabad,16-01-2023,61.37,119.57,3.16,10.79,0.67,6.21
AHM09,Sardar Vallabhai Patel Stadium,Ahmedabad,17-01-2023,66.69,129.92,0.2,12.26,0.73,6.42
AHM09,Sardar Vallabhai Patel Stadium,Ahmedabad,18-01-2023,63.03,124.19,0.22,6.96,0.45,6.95
AHM09,Sardar Vallabhai Patel Stadium,Ahmedabad,19-01-2023,60.45,120.74,0.18,10.87,0.65,6.74
AHM09,Sardar Vallabhai Patel Stadium,Ahmedabad,20-01-2023,80.54,155.98,0.16,13.3,0.62,7.31
AHM09,Sardar Vallabhai Patel Stadium,Ahmedabad,21-01-2023,76.82,150.8,0.21,13.09,0.65,6.31
AHM09,Sardar Vallabhai Patel Stadium,Ahmedabad,22-01-2023,60.01,119.18,0.23,7.42,0.43,6.49
AHM09,Sardar Vallabhai Patel Stadium,Ahmedabad,23-01-2023,77.58,151.87,0.19,7.78,0.78,5.98
AHM09,Sardar Vallabhai Patel Stadium,Ahmedabad,24-01-2023,83.12,164.23,0.18,4.55,0.7,6.25
AHM09,Sardar Vallabhai Patel Stadium,Ahmedabad,25-01-2023,69.67,135.34,0.24,14.05,0.52,5.9
AHM09,Sardar Vallabhai Patel Stadium,Ahmedabad,26-01-2023,63.39,128.06,0.19,8.61,0.37,5.78
AHM09,Sardar Vallabhai Patel Stadium,Ahmedabad,27-01-2023,70.44,141.13,0.16,19.43,0.44,7.15
AHM09,Sardar Vallabhai Patel Stadium,Ahmedabad,28-01-2023,62.09,123.2,0.2,6.09,0.49,7.88
AHM09,Sardar Vallabhai Patel Stadium,Ahmedabad,29-01-2023,74.57,147.87,0.23,5.85,0.96,6.22
AHM09,Sardar Vallabhai Patel Stadium,Ahmedabad,30-01-2023,59.18,118.82,0.19,5.13,0.69,5.02
AHM09,Sardar Vallabhai Patel Stadium,Ahmedabad,31-01-2023,46.63,98.84,0.21,17.77,2.34,6.26
AHM09,Sardar Vallabhai Patel Stadium,Ahmedabad,01-02-2023,36.78,80.09,0.18,21.42,1.86,7.13
AHM09,Sardar Vallabhai Patel Stadium,Ahmedabad,02-02-2023,46.25,94.76,NaN,NaN,NaN,NaN
AHM09,Sardar Vallabhai Patel Stadium,Ahmedabad,03-02-2023,52.79,106.13,NaN,NaN,NaN,NaN
AHM09,Sardar Vallabhai Patel Stadium,Ahmedabad,04-02-2023,62.17,122.05,6.21,3.98,3.09,6.76
AHM09,Sardar Vallabhai Patel Stadium,Ahmedabad,05-02-2023,77.45,149.47,6.74,14.37,2.56,5.01
AHM09,Sardar Vallabhai Patel Stadium,Ahmedabad,06-02-2023,73.59,142.59,8.11,2.24,1.63,5.15
AHM09,Sardar Vallabhai Patel Stadium,Ahmedabad,07-02-2023,66.48,127.09,6.89,10.46,1.73,4.6
AHM09,Sardar Vallabhai Patel Stadium,Ahmedabad,08-02-2023,74.72,143.17,6.49,13.42,1.91,5.09
AHM09,Sardar Vallabhai Patel Stadium,Ahmedabad,09-02-2023,120.45,230.77,NaN,11.51,2.64,6.48
AHM09,Sardar Vallabhai Patel Stadium,Ahmedabad,10-02-2023,75.39,141.61,NaN,17.48,0.85,4.12
AHM09,Sardar Vallabhai Patel Stadium,Ahmedabad,11-02-2023,52.89,100.76,NaN,7.34,0.91,5.29
AHM09,Sardar Vallabhai Patel Stadium,Ahmedabad,12-02-2023,80.48,153.5,NaN,4.18,0.56,5.64
AHM09,Sardar Vallabhai Patel Stadium,Ahmedabad,13-02-2023,68.76,136.1,8.95,7.92,0.92,5.4
AHM09,Sardar Vallabhai Patel Stadium,Ahmedabad,14-02-2023,95.16,182.72,9.19,132.19,1.3,4.91
AHM09,Sardar Vallabhai Patel Stadium,Ahmedabad,15-02-2023,106.94,206.05,9.15,102.06,1.82,4.75
AHM09,Sardar Vallabhai Patel Stadium,Ahmedabad,16-02-2023,89.94,175.61,9.14,NaN,1.42,4.72
AHM09,Sardar Vallabhai Patel Stadium,Ahmedabad,17-02-2023,89.54,170.69,9.17,8.91,1.48,3.8
AHM09,Sardar Vallabhai Patel Stadium,Ahmedabad,18-02-2023,97.12,186.81,9.16,10.29,1.64,4.67
AHM09,Sardar Vallabhai Patel Stadium,Ahmedabad,19-02-2023,105.46,204.72,9.19,3.82,1.61,5.16
AHM09,Sardar Vallabhai Patel Stadium,Ahmedabad,20-02-2023,102.64,199.7,9.16,NaN,1.56,4.68
AHM09,Sardar Vallabhai Patel Stadium,Ahmedabad,21-02-2023,86.34,158.68,9.2,NaN,0.88,4.13
AHM09,Sardar Vallabhai Patel Stadium,Ahmedabad,22-02-2023,85.89,156.93,9.2,NaN,0.94,4.67
AHM09,Sardar Vallabhai Patel Stadium,Ahmedabad,23-02-2023,67.84,127.25,9.2,NaN,1.16,4.42
AHM09,Sardar Vallabhai Patel Stadium,Ahmedabad,24-02-2023,117.32,226.34,9.19,NaN,1.86,5.59
AHM09,Sardar Vallabhai Patel Stadium,Ahmedabad,25-02-2023,84.22,163.62,9.17,NaN,1.25,3.98
AHM09,Sardar Vallabhai Patel Stadium,Ahmedabad,26-02-2023,83.71,161.68,9.14,NaN,0.92,3.98
AHM09,Sardar Vallabhai Patel Stadium,Ahmedabad,27-02-2023,79.2,156.79,9.11,NaN,1.23,4.28
AHM09,Sardar Vallabhai Patel Stadium,Ahmedabad,28-02-2023,70.63,141.16,9.17,NaN,0.82,4.25
AHM09,Sardar Vallabhai Patel Stadium,Ahmedabad,01-03-2023,92.2,180.67,9.18,NaN,1.24,4.18
AHM09,Sardar Vallabhai Patel Stadium,Ahmedabad,02-03-2023,94.39,184.2,9.2,NaN,1.79,4.35
AHM09,Sardar Vallabhai Patel Stadium,Ahmedabad,03-03-2023,109.1,213.52,9.17,NaN,1.64,4.27
AHM09,Sardar Vallabhai Patel Stadium,Ahmedabad,04-03-2023,79.32,162.48,9.17,NaN,1.11,4.9
AHM09,Sardar Vallabhai Patel Stadium,Ahmedabad,05-03-2023,60.35,131.56,9.16,NaN,0.87,5.19
AHM09,Sardar Vallabhai Patel Stadium,Ahmedabad,06-03-2023,85.36,186.4,9.13,NaN,0.88,5.24
AHM09,Sardar Vallabhai Patel Stadium,Ahmedabad,07-03-2023,33.44,70.2,9.16,5.56,0.96,5.35
AHM09,Sardar Vallabhai Patel Stadium,Ahmedabad,08-03-2023,40.7,91.99,9.17,5.33,0.62,4.9
AHM09,Sardar Vallabhai Patel Stadium,Ahmedabad,09-03-2023,25.71,56,9.15,8.83,0.84,4.2
AHM09,Sardar Vallabhai Patel Stadium,Ahmedabad,10-03-2023,45.5,93.99,9.22,8.74,1.18,3.71
AHM09,Sardar Vallabhai Patel Stadium,Ahmedabad,11-03-2023,51.87,106.55,9.18,6,1.22,3.87
AHM09,Sardar Vallabhai Patel Stadium,Ahmedabad,12-03-2023,51.4,106.42,9.24,5.67,1.13,4.04
AHM09,Sardar Vallabhai Patel Stadium,Ahmedabad,13-03-2023,66.35,136.23,9.17,7.96,1.8,3.81
AHM09,Sardar Vallabhai Patel Stadium,Ahmedabad,14-03-2023,75.27,153.16,9.21,17.8,0.99,3.59
AHM09,Sardar Vallabhai Patel Stadium,Ahmedabad,15-03-2023,68.2,143.54,9.27,8.72,0.6,3.57
AHM09,Sardar Vallabhai Patel Stadium,Ahmedabad,16-03-2023,49.87,105.24,9.32,24.99,0.68,6.77
AHM09,Sardar Vallabhai Patel Stadium,Ahmedabad,17-03-2023,76.25,161.91,9.4,9.29,0.55,9.8
AHM09,Sardar Vallabhai Patel Stadium,Ahmedabad,18-03-2023,47.91,100.95,9.47,12.53,0.11,5.89
AHM09,Sardar Vallabhai Patel Stadium,Ahmedabad,19-03-2023,37.65,77.95,9.45,27.39,0.22,4.49
AHM09,Sardar Vallabhai Patel Stadium,Ahmedabad,20-03-2023,37.09,78.63,12.04,10.31,0.29,3.91
AHM09,Sardar Vallabhai Patel Stadium,Ahmedabad,21-03-2023,35.65,71.67,20.51,11.3,0.14,3.52
AHM09,Sardar Vallabhai Patel Stadium,Ahmedabad,22-03-2023,26.87,59.83,20.52,9.12,0.07,3.55
AHM09,Sardar Vallabhai Patel Stadium,Ahmedabad,23-03-2023,117.98,107.73,20.4,5.44,0.01,3.09
AHM09,Sardar Vallabhai Patel Stadium,Ahmedabad,24-03-2023,25.8,61.45,20.58,NaN,0.04,5.22
AHM09,Sardar Vallabhai Patel Stadium,Ahmedabad,25-03-2023,NaN,NaN,NaN,NaN,NaN,NaN
AHM09,Sardar Vallabhai Patel Stadium,Ahmedabad,26-03-2023,NaN,NaN,NaN,NaN,NaN,NaN
AHM09,Sardar Vallabhai Patel Stadium,Ahmedabad,27-03-2023,54.14,109.45,20.6,NaN,0.65,3.25
AHM09,Sardar Vallabhai Patel Stadium,Ahmedabad,28-03-2023,58.73,114.98,20.49,NaN,1.06,3.17
AHM09,Sardar Vallabhai Patel Stadium,Ahmedabad,29-03-2023,62.71,125.2,20.53,NaN,0.56,4.19
AHM09,Sardar Vallabhai Patel Stadium,Ahmedabad,30-03-2023,48.5,99.62,20.51,NaN,0.62,7.54
AHM09,Sardar Vallabhai Patel Stadium,Ahmedabad,31-03-2023,40.17,78.1,20.54,NaN,0.53,5.42
AHM09,Sardar Vallabhai Patel Stadium,Ahmedabad,01-04-2023,38.25,75.38,20.5,NaN,0.64,5.1
AHM09,Sardar Vallabhai Patel Stadium,Ahmedabad,02-04-2023,37.5,75.55,20.56,NaN,0.58,3.41
AHM09,Sardar Vallabhai Patel Stadium,Ahmedabad,03-04-2023,42.95,82.17,20.58,NaN,0.47,5.19
AHM09,Sardar Vallabhai Patel Stadium,Ahmedabad,04-04-2023,46.09,87.86,20.58,NaN,0.75,5.04
AHM09,Sardar Vallabhai Patel Stadium,Ahmedabad,05-04-2023,60.35,113.83,20.55,NaN,0.68,3.85
AHM09,Sardar Vallabhai Patel Stadium,Ahmedabad,06-04-2023,53.58,102.63,20.49,NaN,0.7,3.55
AHM09,Sardar Vallabhai Patel Stadium,Ahmedabad,07-04-2023,64.38,123.41,20.62,NaN,1.05,2.62
AHM09,Sardar Vallabhai Patel Stadium,Ahmedabad,08-04-2023,85.29,164.74,20.52,NaN,1.47,3.94
AHM09,Sardar Vallabhai Patel Stadium,Ahmedabad,09-04-2023,78.51,154.4,20.51,NaN,1.17,3.84
AHM09,Sardar Vallabhai Patel Stadium,Ahmedabad,10-04-2023,84.21,159.14,20.54,NaN,1.33,3.88
AHM09,Sardar Vallabhai Patel Stadium,Ahmedabad,11-04-2023,61.59,117.99,20.53,NaN,0.94,4.04
AHM09,Sardar Vallabhai Patel Stadium,Ahmedabad,12-04-2023,42.13,82.44,20.5,NaN,0.44,3.54
AHM09,Sardar Vallabhai Patel Stadium,Ahmedabad,13-04-2023,48.32,95.03,20.52,NaN,0.54,3.7
AHM09,Sardar Vallabhai Patel Stadium,Ahmedabad,14-04-2023,45.63,90.53,20.47,NaN,0.41,3.18
AHM09,Sardar Vallabhai Patel Stadium,Ahmedabad,15-04-2023,51.36,98.44,20.52,NaN,0.44,4.56
AHM09,Sardar Vallabhai Patel Stadium,Ahmedabad,16-04-2023,56.39,107.54,20.6,NaN,0.46,4.91
AHM09,Sardar Vallabhai Patel Stadium,Ahmedabad,17-04-2023,59.76,113.14,20.51,NaN,0.49,4.81
AHM09,Sardar Vallabhai Patel Stadium,Ahmedabad,18-04-2023,55.44,107.46,20.56,NaN,0.92,3.61
AHM09,Sardar Vallabhai Patel Stadium,Ahmedabad,19-04-2023,80.16,156.05,20.56,NaN,0.45,3.75
AHM09,Sardar Vallabhai Patel Stadium,Ahmedabad,20-04-2023,46.71,88.5,20.49,NaN,0.61,3.93
AHM09,Sardar Vallabhai Patel Stadium,Ahmedabad,21-04-2023,56.63,108.01,20.5,NaN,0.38,5.76
AHM09,Sardar Vallabhai Patel Stadium,Ahmedabad,22-04-2023,46.3,89.88,20.56,NaN,0.55,4.48
AHM09,Sardar Vallabhai Patel Stadium,Ahmedabad,23-04-2023,41.7,82.96,20.52,NaN,0.24,4.21
AHM09,Sardar Vallabhai Patel Stadium,Ahmedabad,24-04-2023,49.22,98.94,20.5,NaN,0.33,4.49
AHM09,Sardar Vallabhai Patel Stadium,Ahmedabad,25-04-2023,61.57,126.73,20.55,NaN,0.77,4.39
AHM09,Sardar Vallabhai Patel Stadium,Ahmedabad,26-04-2023,73.33,149.7,20.51,11.61,0.6,5.83
AHM09,Sardar Vallabhai Patel Stadium,Ahmedabad,27-04-2023,50.52,101.42,20.53,12,0.55,8.16
AHM09,Sardar Vallabhai Patel Stadium,Ahmedabad,28-04-2023,53.62,107.86,20.5,12.07,0.48,6.01
AHM09,Sardar Vallabhai Patel Stadium,Ahmedabad,29-04-2023,28.18,60.61,20.54,11.92,0.46,7.06
AHM09,Sardar Vallabhai Patel Stadium,Ahmedabad,30-04-2023,26.33,54.87,20.53,11.9,0.44,6.81
AHM09,Sardar Vallabhai Patel Stadium,Ahmedabad,01-05-2023,28.84,60.39,20.56,12.03,0.44,6.16
AHM09,Sardar Vallabhai Patel Stadium,Ahmedabad,02-05-2023,34.95,70.88,20.56,11.92,0.47,7.94
AHM09,Sardar Vallabhai Patel Stadium,Ahmedabad,03-05-2023,43.36,92.14,20.51,12.04,0.63,7.91
AHM09,Sardar Vallabhai Patel Stadium,Ahmedabad,04-05-2023,39.99,85.32,20.51,11.97,0.48,7.71
AHM09,Sardar Vallabhai Patel Stadium,Ahmedabad,05-05-2023,44.59,94.36,20.51,12,0.49,8.87
AHM09,Sardar Vallabhai Patel Stadium,Ahmedabad,06-05-2023,38.39,77.23,20.52,11.91,0.56,7.43
AHM09,Sardar Vallabhai Patel Stadium,Ahmedabad,07-05-2023,40.82,108.38,20.55,12.01,0.4,7.69
AHM09,Sardar Vallabhai Patel Stadium,Ahmedabad,08-05-2023,45.76,87.85,20.48,12.01,0.46,6.67
AHM09,Sardar Vallabhai Patel Stadium,Ahmedabad,09-05-2023,55.03,104.11,20.52,11.99,0.56,6.31
AHM09,Sardar Vallabhai Patel Stadium,Ahmedabad,10-05-2023,50.08,97.07,20.51,11.96,0.73,4.57
AHM09,Sardar Vallabhai Patel Stadium,Ahmedabad,11-05-2023,53.02,101.27,20.56,12.09,0.95,4.36
AHM09,Sardar Vallabhai Patel Stadium,Ahmedabad,12-05-2023,59.08,111.03,20.54,11.98,0.91,3.38
AHM09,Sardar Vallabhai Patel Stadium,Ahmedabad,13-05-2023,48.11,93.5,20.49,12.03,0.34,5.63
AHM09,Sardar Vallabhai Patel Stadium,Ahmedabad,14-05-2023,32.83,68.34,20.52,12.03,0.36,9.3
AHM09,Sardar Vallabhai Patel Stadium,Ahmedabad,15-05-2023,34.54,69.16,20.51,11.95,0.51,16.55
AHM09,Sardar Vallabhai Patel Stadium,Ahmedabad,16-05-2023,36.21,70.67,20.56,12.03,0.52,17.74
AHM09,Sardar Vallabhai Patel Stadium,Ahmedabad,17-05-2023,35.23,69.6,20.52,12.01,0.55,14.8
AHM09,Sardar Vallabhai Patel Stadium,Ahmedabad,18-05-2023,37.9,73.48,20.51,11.98,0.51,10.1
AHM09,Sardar Vallabhai Patel Stadium,Ahmedabad,19-05-2023,41.45,80.41,20.53,12.08,0.42,12.42
AHM09,Sardar Vallabhai Patel Stadium,Ahmedabad,20-05-2023,NaN,NaN,NaN,NaN,NaN,NaN
AHM09,Sardar Vallabhai Patel Stadium,Ahmedabad,21-05-2023,NaN,NaN,NaN,NaN,NaN,NaN
AHM09,Sardar Vallabhai Patel Stadium,Ahmedabad,22-05-2023,37.13,77.35,20.43,11.97,0.6,8.56
AHM09,Sardar Vallabhai Patel Stadium,Ahmedabad,23-05-2023,34.46,67.42,20.51,12,0.52,12.35
AHM09,Sardar Vallabhai Patel Stadium,Ahmedabad,24-05-2023,43.39,85.09,20.52,12.01,0.54,11.17
AHM09,Sardar Vallabhai Patel Stadium,Ahmedabad,25-05-2023,43.89,88.63,20.51,11.99,0.53,10.55
AHM09,Sardar Vallabhai Patel Stadium,Ahmedabad,26-05-2023,39.74,78.71,20.49,12.02,1.66,3.66
AHM09,Sardar Vallabhai Patel Stadium,Ahmedabad,27-05-2023,30.98,64.11,20.53,12.1,NaN,NaN
AHM09,Sardar Vallabhai Patel Stadium,Ahmedabad,28-05-2023,NaN,NaN,NaN,NaN,NaN,NaN
AHM09,Sardar Vallabhai Patel Stadium,Ahmedabad,29-05-2023,29.87,63.5,20.37,12.03,1.81,7.63
AHM09,Sardar Vallabhai Patel Stadium,Ahmedabad,30-05-2023,NaN,NaN,20.6,11.98,NaN,NaN
AHM09,Sardar Vallabhai Patel Stadium,Ahmedabad,31-05-2023,NaN,NaN,20.6,11.9,NaN,NaN
AHM09,Sardar Vallabhai Patel Stadium,Ahmedabad,01-06-2023,NaN,NaN,20.54,11.96,NaN,NaN
AHM09,Sardar Vallabhai Patel Stadium,Ahmedabad,02-06-2023,NaN,NaN,20.54,11.9,NaN,NaN
AHM09,Sardar Vallabhai Patel Stadium,Ahmedabad,03-06-2023,NaN,NaN,20.49,12.08,NaN,NaN
AHM09,Sardar Vallabhai Patel Stadium,Ahmedabad,04-06-2023,NaN,NaN,20.43,11.68,NaN,NaN
AHM09,Sardar Vallabhai Patel Stadium,Ahmedabad,05-06-2023,NaN,NaN,NaN,NaN,NaN,NaN
AHM09,Sardar Vallabhai Patel Stadium,Ahmedabad,06-06-2023,NaN,NaN,NaN,NaN,NaN,NaN
AHM09,Sardar Vallabhai Patel Stadium,Ahmedabad,07-06-2023,NaN,NaN,NaN,NaN,NaN,NaN
AHM09,Sardar Vallabhai Patel Stadium,Ahmedabad,08-06-2023,NaN,NaN,NaN,NaN,NaN,NaN
AHM09,Sardar Vallabhai Patel Stadium,Ahmedabad,09-06-2023,NaN,NaN,NaN,NaN,NaN,NaN
AHM09,Sardar Vallabhai Patel Stadium,Ahmedabad,10-06-2023,NaN,NaN,NaN,NaN,NaN,NaN
AHM09,Sardar Vallabhai Patel Stadium,Ahmedabad,11-06-2023,NaN,NaN,NaN,NaN,NaN,NaN
AHM09,Sardar Vallabhai Patel Stadium,Ahmedabad,12-06-2023,NaN,NaN,NaN,NaN,NaN,NaN
AHM09,Sardar Vallabhai Patel Stadium,Ahmedabad,13-06-2023,NaN,NaN,NaN,NaN,NaN,NaN
AHM09,Sardar Vallabhai Patel Stadium,Ahmedabad,14-06-2023,NaN,NaN,NaN,NaN,NaN,NaN
AHM09,Sardar Vallabhai Patel Stadium,Ahmedabad,15-06-2023,NaN,NaN,NaN,NaN,NaN,NaN
AHM09,Sardar Vallabhai Patel Stadium,Ahmedabad,16-06-2023,NaN,NaN,NaN,NaN,NaN,NaN
AHM09,Sardar Vallabhai Patel Stadium,Ahmedabad,17-06-2023,NaN,NaN,NaN,NaN,NaN,NaN
AHM09,Sardar Vallabhai Patel Stadium,Ahmedabad,18-06-2023,NaN,NaN,NaN,NaN,NaN,NaN
AHM09,Sardar Vallabhai Patel Stadium,Ahmedabad,19-06-2023,85.28,169.34,9.39,9.87,0.15,9.38
AHM09,Sardar Vallabhai Patel Stadium,Ahmedabad,20-06-2023,46.81,90.21,3.43,7.22,0,9.24
AHM09,Sardar Vallabhai Patel Stadium,Ahmedabad,21-06-2023,46.27,89.69,3.6,5.21,0.27,9.52
AHM09,Sardar Vallabhai Patel Stadium,Ahmedabad,22-06-2023,41.6,80.89,3.69,12.65,0.72,9.76
AHM09,Sardar Vallabhai Patel Stadium,Ahmedabad,23-06-2023,44.17,83.64,3.44,5.36,0.79,9.64
AHM09,Sardar Vallabhai Patel Stadium,Ahmedabad,24-06-2023,43.08,83.14,3.41,5.16,0.92,9.96
AHM09,Sardar Vallabhai Patel Stadium,Ahmedabad,25-06-2023,29.01,56.14,3.5,5.53,0.97,9.43
AHM09,Sardar Vallabhai Patel Stadium,Ahmedabad,26-06-2023,29.28,56.57,3.65,8.63,1.23,8.29
AHM09,Sardar Vallabhai Patel Stadium,Ahmedabad,27-06-2023,25.36,49.75,3.41,12.91,1.26,8.6
AHM09,Sardar Vallabhai Patel Stadium,Ahmedabad,28-06-2023,27.05,54.61,3.44,12.68,1.34,8.24
AHM09,Sardar Vallabhai Patel Stadium,Ahmedabad,29-06-2023,24.99,49.67,3.46,14.92,1.41,7.98
AHM09,Sardar Vallabhai Patel Stadium,Ahmedabad,30-06-2023,14.59,29.22,3.71,4.75,1.4,9.49
AHM09,Sardar Vallabhai Patel Stadium,Ahmedabad,01-07-2023,14.96,29.98,3.5,20.07,1.46,8.45
AHM09,Sardar Vallabhai Patel Stadium,Ahmedabad,02-07-2023,22.52,46.34,3.49,14.5,1.34,8.38
AHM09,Sardar Vallabhai Patel Stadium,Ahmedabad,03-07-2023,31.45,63.49,3.66,19.26,1.46,8.64
AHM09,Sardar Vallabhai Patel Stadium,Ahmedabad,04-07-2023,30.01,60.02,3.51,56.96,1.36,7.48
AHM09,Sardar Vallabhai Patel Stadium,Ahmedabad,05-07-2023,39.08,77.28,3.63,49.85,1.29,6.68
AHM09,Sardar Vallabhai Patel Stadium,Ahmedabad,06-07-2023,26.24,53.46,3.53,78.05,2.09,9.35
AHM09,Sardar Vallabhai Patel Stadium,Ahmedabad,07-07-2023,25.54,51.33,3.59,127.6,4.37,5.79
AHM09,Sardar Vallabhai Patel Stadium,Ahmedabad,08-07-2023,22.43,43.88,3.51,NaN,4.15,5.29
AHM09,Sardar Vallabhai Patel Stadium,Ahmedabad,09-07-2023,15.56,29.26,3.71,NaN,4.26,6.76
AHM09,Sardar Vallabhai Patel Stadium,Ahmedabad,10-07-2023,50.19,92.49,3.5,NaN,4.59,5.38
AHM09,Sardar Vallabhai Patel Stadium,Ahmedabad,11-07-2023,54.95,104.16,3.45,NaN,4.41,5.43
AHM09,Sardar Vallabhai Patel Stadium,Ahmedabad,12-07-2023,58.34,108.54,3.64,NaN,NaN,5.16
AHM09,Sardar Vallabhai Patel Stadium,Ahmedabad,13-07-2023,59.27,110.45,3.56,NaN,NaN,5.3
AHM09,Sardar Vallabhai Patel Stadium,Ahmedabad,14-07-2023,49.21,91,3.6,NaN,NaN,4.75
AHM09,Sardar Vallabhai Patel Stadium,Ahmedabad,15-07-2023,44.74,87.24,3.74,NaN,0.15,5.87
AHM09,Sardar Vallabhai Patel Stadium,Ahmedabad,16-07-2023,48.21,91.89,3.61,NaN,0.14,6.36
AHM09,Sardar Vallabhai Patel Stadium,Ahmedabad,17-07-2023,59.84,113.56,3.42,NaN,0.53,6.73
AHM09,Sardar Vallabhai Patel Stadium,Ahmedabad,18-07-2023,55.63,105.05,3.54,NaN,0.89,6.89
AHM09,Sardar Vallabhai Patel Stadium,Ahmedabad,19-07-2023,31.88,61.34,3.52,NaN,1.32,8.54
AHM09,Sardar Vallabhai Patel Stadium,Ahmedabad,20-07-2023,24.9,51.51,3.44,NaN,1.21,9.82
AHM09,Sardar Vallabhai Patel Stadium,Ahmedabad,21-07-2023,29.15,58.91,3.57,NaN,1.23,8.99
AHM09,Sardar Vallabhai Patel Stadium,Ahmedabad,22-07-2023,30.92,63.57,3.64,NaN,1.28,9.08
AHM09,Sardar Vallabhai Patel Stadium,Ahmedabad,23-07-2023,16.38,35.59,3.54,NaN,1.3,8.98
AHM09,Sardar Vallabhai Patel Stadium,Ahmedabad,24-07-2023,22.51,47.07,3.65,NaN,1.39,8.49
AHM09,Sardar Vallabhai Patel Stadium,Ahmedabad,25-07-2023,23.47,47.99,3.45,NaN,1.33,8.28
AHM09,Sardar Vallabhai Patel Stadium,Ahmedabad,26-07-2023,33.95,68.45,3.57,NaN,1.38,8.01
AHM09,Sardar Vallabhai Patel Stadium,Ahmedabad,27-07-2023,39.93,76.04,3.56,NaN,1.33,8.3
AHM09,Sardar Vallabhai Patel Stadium,Ahmedabad,28-07-2023,37.46,72.31,3.64,NaN,1.28,8.27
AHM09,Sardar Vallabhai Patel Stadium,Ahmedabad,29-07-2023,32,64.7,3.5,NaN,1.31,7.55
AHM09,Sardar Vallabhai Patel Stadium,Ahmedabad,30-07-2023,28.32,55.41,3.49,NaN,1.29,7.6
AHM09,Sardar Vallabhai Patel Stadium,Ahmedabad,31-07-2023,23.06,47.12,3.53,NaN,1.44,7.39
AHM09,Sardar Vallabhai Patel Stadium,Ahmedabad,01-08-2023,26.47,51.22,3.41,NaN,1.48,7.17
AHM09,Sardar Vallabhai Patel Stadium,Ahmedabad,02-08-2023,38.99,75.64,3.37,NaN,1.51,7.43
AHM09,Sardar Vallabhai Patel Stadium,Ahmedabad,03-08-2023,43.82,85.53,3.5,NaN,1.49,7.47
AHM09,Sardar Vallabhai Patel Stadium,Ahmedabad,04-08-2023,45.64,89.34,3.47,6.24,1.47,6.49
AHM09,Sardar Vallabhai Patel Stadium,Ahmedabad,05-08-2023,42.84,83.34,3.56,111.33,1.51,5.3
AHM09,Sardar Vallabhai Patel Stadium,Ahmedabad,06-08-2023,42.69,84.32,3.52,73.7,1.41,6.58
AHM09,Sardar Vallabhai Patel Stadium,Ahmedabad,07-08-2023,52.36,97.61,3.62,102.84,1.45,7.07
AHM09,Sardar Vallabhai Patel Stadium,Ahmedabad,08-08-2023,48.14,95.19,3.46,56.59,1.55,7.26
AHM09,Sardar Vallabhai Patel Stadium,Ahmedabad,09-08-2023,47.4,91.47,3.5,4,1.79,6.48
AHM09,Sardar Vallabhai Patel Stadium,Ahmedabad,10-08-2023,44.6,87.32,3.49,4.01,1.81,5.87
AHM09,Sardar Vallabhai Patel Stadium,Ahmedabad,11-08-2023,42.55,83.11,3.38,4,1.82,5.43
AHM09,Sardar Vallabhai Patel Stadium,Ahmedabad,12-08-2023,43.19,82.99,3.54,3.95,1.78,5.61
AHM09,Sardar Vallabhai Patel Stadium,Ahmedabad,13-08-2023,38.32,75.11,3.41,4,1.66,6.67
AHM09,Sardar Vallabhai Patel Stadium,Ahmedabad,14-08-2023,48.1,95.76,3.42,4.01,1.73,6.27
AHM09,Sardar Vallabhai Patel Stadium,Ahmedabad,15-08-2023,50.14,96.73,3.5,4.01,1.83,8.33
AHM09,Sardar Vallabhai Patel Stadium,Ahmedabad,16-08-2023,49.48,96.47,3.52,4,1.91,34.2
AHM09,Sardar Vallabhai Patel Stadium,Ahmedabad,17-08-2023,60.8,114.53,3.66,3.98,1.89,34.39
AHM09,Sardar Vallabhai Patel Stadium,Ahmedabad,18-08-2023,71.67,134.22,3.38,3.99,1.83,35.62
AHM09,Sardar Vallabhai Patel Stadium,Ahmedabad,19-08-2023,60.32,112.58,3.52,4.02,1.83,35.08
AHM09,Sardar Vallabhai Patel Stadium,Ahmedabad,20-08-2023,35.55,68.49,3.55,3.97,1.82,34.63
AHM09,Sardar Vallabhai Patel Stadium,Ahmedabad,21-08-2023,52.46,99.02,3.49,3.99,1.92,33.74
AHM09,Sardar Vallabhai Patel Stadium,Ahmedabad,22-08-2023,52.03,100.21,3.57,4,1.88,34.44
AHM09,Sardar Vallabhai Patel Stadium,Ahmedabad,23-08-2023,47.35,93.85,3.48,4.04,1.79,34.88
AHM09,Sardar Vallabhai Patel Stadium,Ahmedabad,24-08-2023,30.42,62.55,3.49,4.04,1.86,34.38
AHM09,Sardar Vallabhai Patel Stadium,Ahmedabad,25-08-2023,39.69,79.35,3.53,3.99,1.85,34.47
AHM09,Sardar Vallabhai Patel Stadium,Ahmedabad,26-08-2023,42.31,82.31,3.43,3.99,1.84,34.84
AHM09,Sardar Vallabhai Patel Stadium,Ahmedabad,27-08-2023,49.95,96.84,3.58,4.01,1.79,35.19
AHM09,Sardar Vallabhai Patel Stadium,Ahmedabad,28-08-2023,44.92,86.12,3.5,4.01,1.85,35.71
AHM09,Sardar Vallabhai Patel Stadium,Ahmedabad,29-08-2023,47.67,92.25,3.54,3.98,1.82,35.75
AHM09,Sardar Vallabhai Patel Stadium,Ahmedabad,30-08-2023,46.91,89.68,3.45,4.01,1.81,35.72
AHM09,Sardar Vallabhai Patel Stadium,Ahmedabad,31-08-2023,48.59,94.45,3.52,4,1.82,36.8
AHM09,Sardar Vallabhai Patel Stadium,Ahmedabad,01-09-2023,53.06,102.42,3.34,3.97,1.88,37.29
AHM09,Sardar Vallabhai Patel Stadium,Ahmedabad,02-09-2023,52.65,102.16,3.38,4.04,1.87,37.82
AHM09,Sardar Vallabhai Patel Stadium,Ahmedabad,03-09-2023,50.92,98.06,3.45,4.01,1.81,37.48
AHM09,Sardar Vallabhai Patel Stadium,Ahmedabad,04-09-2023,53.72,101.36,3.46,3.99,1.92,36.42
AHM09,Sardar Vallabhai Patel Stadium,Ahmedabad,05-09-2023,46.01,87.74,3.58,4.02,1.84,36.37
AHM09,Sardar Vallabhai Patel Stadium,Ahmedabad,06-09-2023,42.28,86.93,3.37,4,1.85,37.13
AHM09,Sardar Vallabhai Patel Stadium,Ahmedabad,07-09-2023,25.24,57.68,3.47,3.95,1.96,48.23
AHM09,Sardar Vallabhai Patel Stadium,Ahmedabad,08-09-2023,24.83,54.91,3.55,3.96,2.03,62.64
AHM09,Sardar Vallabhai Patel Stadium,Ahmedabad,09-09-2023,30.85,59.52,3.53,3.97,2.09,62.68
AHM09,Sardar Vallabhai Patel Stadium,Ahmedabad,10-09-2023,36.05,70.71,3.6,3.98,1.93,63.25
AHM09,Sardar Vallabhai Patel Stadium,Ahmedabad,11-09-2023,36.39,71.58,3.47,2.37,1.94,54.03
AHM09,Sardar Vallabhai Patel Stadium,Ahmedabad,12-09-2023,34.04,68.66,3.46,1.53,1.93,49.18
AHM09,Sardar Vallabhai Patel Stadium,Ahmedabad,13-09-2023,41.29,84.34,3.45,1.45,2,48.88
AHM09,Sardar Vallabhai Patel Stadium,Ahmedabad,14-09-2023,38.08,76.46,3.55,1.5,1.42,35.44
AHM09,Sardar Vallabhai Patel Stadium,Ahmedabad,15-09-2023,37.8,73.49,3.59,1.48,0.43,11.6
AHM09,Sardar Vallabhai Patel Stadium,Ahmedabad,16-09-2023,32.37,63.9,3.39,1.44,0.29,11.52
AHM09,Sardar Vallabhai Patel Stadium,Ahmedabad,17-09-2023,18.76,37.63,3.48,1.48,0.18,13.1
AHM09,Sardar Vallabhai Patel Stadium,Ahmedabad,18-09-2023,12.28,25.1,3.51,1.5,0.36,14.97
AHM09,Sardar Vallabhai Patel Stadium,Ahmedabad,19-09-2023,14.75,31.25,3.38,1.5,0.29,14.03
AHM09,Sardar Vallabhai Patel Stadium,Ahmedabad,20-09-2023,28.73,57,2.65,1.51,0.37,15.74
AHM09,Sardar Vallabhai Patel Stadium,Ahmedabad,21-09-2023,41.54,83.03,1.42,1.48,0.34,15.65
AHM09,Sardar Vallabhai Patel Stadium,Ahmedabad,22-09-2023,27.16,56.05,1.55,1.52,0.34,15.15
AHM09,Sardar Vallabhai Patel Stadium,Ahmedabad,23-09-2023,26.69,53.05,1.39,1.5,0.26,13.95
AHM09,Sardar Vallabhai Patel Stadium,Ahmedabad,24-09-2023,19.73,40.09,1.56,1.5,0.2,16.41
AHM09,Sardar Vallabhai Patel Stadium,Ahmedabad,25-09-2023,29.64,56.5,1.49,1.49,0.84,11.8
AHM09,Sardar Vallabhai Patel Stadium,Ahmedabad,26-09-2023,30.26,61.18,1.49,1.48,0.46,12.98
AHM09,Sardar Vallabhai Patel Stadium,Ahmedabad,27-09-2023,26.41,65.37,1.45,1.53,0.57,17.04
AHM09,Sardar Vallabhai Patel Stadium,Ahmedabad,28-09-2023,45.07,89.94,1.4,1.54,0.35,23.37
AHM09,Sardar Vallabhai Patel Stadium,Ahmedabad,29-09-2023,28.59,66.14,1.47,1.5,0.83,19.48
AHM09,Sardar Vallabhai Patel Stadium,Ahmedabad,30-09-2023,32.69,71.14,1.4,1.55,0.56,24.7
AHM09,Sardar Vallabhai Patel Stadium,Ahmedabad,01-10-2023,25.92,50.05,1.33,1.49,0.25,27.12
AHM09,Sardar Vallabhai Patel Stadium,Ahmedabad,02-10-2023,24.31,46.02,1.49,1.64,0.4,24.15
AHM09,Sardar Vallabhai Patel Stadium,Ahmedabad,03-10-2023,31.76,62.52,1.44,2.14,0.47,23.57
AHM09,Sardar Vallabhai Patel Stadium,Ahmedabad,04-10-2023,64.34,126.12,1.23,3.55,0.3,23.17
AHM09,Sardar Vallabhai Patel Stadium,Ahmedabad,05-10-2023,52.98,102.77,1.55,3.53,0.31,15.62
AHM09,Sardar Vallabhai Patel Stadium,Ahmedabad,06-10-2023,56.52,111.77,1.39,3.54,0.37,16.43
AHM09,Sardar Vallabhai Patel Stadium,Ahmedabad,07-10-2023,56.59,114.44,1.44,3.53,0.55,16.09
AHM09,Sardar Vallabhai Patel Stadium,Ahmedabad,08-10-2023,56.34,116.29,1.41,3.54,0.58,16.44
AHM09,Sardar Vallabhai Patel Stadium,Ahmedabad,09-10-2023,46.63,98.16,1.29,3.52,0.58,17.48
AHM09,Sardar Vallabhai Patel Stadium,Ahmedabad,10-10-2023,40.36,82.02,1.51,3.5,0.61,14.56
AHM09,Sardar Vallabhai Patel Stadium,Ahmedabad,11-10-2023,50.85,105.22,1.38,3.47,0.68,15.54
AHM09,Sardar Vallabhai Patel Stadium,Ahmedabad,12-10-2023,76.89,155.87,1.52,3.59,1.1,19.57
AHM09,Sardar Vallabhai Patel Stadium,Ahmedabad,13-10-2023,90.18,188.98,1.35,3.55,1.58,15.74
AHM09,Sardar Vallabhai Patel Stadium,Ahmedabad,14-10-2023,94.6,192.69,1.42,3.52,1.75,17.91
AHM09,Sardar Vallabhai Patel Stadium,Ahmedabad,15-10-2023,54.03,115.17,1.42,3.52,0.61,16.04
AHM09,Sardar Vallabhai Patel Stadium,Ahmedabad,16-10-2023,64.94,134.64,1.63,3.52,0.77,10.96
AHM09,Sardar Vallabhai Patel Stadium,Ahmedabad,17-10-2023,55.22,111.95,1.39,3.47,0.65,11.16
AHM09,Sardar Vallabhai Patel Stadium,Ahmedabad,18-10-2023,64.06,129.7,1.35,3.55,0.73,11.15
AHM09,Sardar Vallabhai Patel Stadium,Ahmedabad,19-10-2023,81.89,167.09,1.48,3.5,0.92,13.92
AHM09,Sardar Vallabhai Patel Stadium,Ahmedabad,20-10-2023,65.18,140.16,1.4,3.45,0.81,15.12
AHM09,Sardar Vallabhai Patel Stadium,Ahmedabad,21-10-2023,69.68,145.22,1.3,3.51,1.08,14.49
AHM09,Sardar Vallabhai Patel Stadium,Ahmedabad,22-10-2023,78.55,164.19,1.37,3.55,1.07,13.52
AHM09,Sardar Vallabhai Patel Stadium,Ahmedabad,23-10-2023,81.68,167.06,1.31,3.52,1.04,13.52
AHM09,Sardar Vallabhai Patel Stadium,Ahmedabad,24-10-2023,65.13,136.25,1.35,3.51,0.82,12.85
AHM09,Sardar Vallabhai Patel Stadium,Ahmedabad,25-10-2023,45.42,90.19,1.37,3.58,1.82,12.3
AHM09,Sardar Vallabhai Patel Stadium,Ahmedabad,26-10-2023,52.42,100.3,1.27,3.53,1.78,11.12
AHM09,Sardar Vallabhai Patel Stadium,Ahmedabad,27-10-2023,32.78,64.88,1.34,3.55,1.04,10.51
AHM09,Sardar Vallabhai Patel Stadium,Ahmedabad,28-10-2023,27.18,53.92,1.44,3.59,0.96,10.17
AHM09,Sardar Vallabhai Patel Stadium,Ahmedabad,29-10-2023,16.66,34.28,1.35,3.51,0.49,10.48
AHM09,Sardar Vallabhai Patel Stadium,Ahmedabad,30-10-2023,59,147.31,1.48,3.52,1.14,10.95
AHM09,Sardar Vallabhai Patel Stadium,Ahmedabad,31-10-2023,69.46,154.55,1.37,3.52,1.67,10.43
AHM09,Sardar Vallabhai Patel Stadium,Ahmedabad,01-11-2023,93.77,192.87,1.46,3.53,1.72,10.05
AHM09,Sardar Vallabhai Patel Stadium,Ahmedabad,02-11-2023,89.03,179.88,1.52,3.54,1.67,9.88
AHM09,Sardar Vallabhai Patel Stadium,Ahmedabad,03-11-2023,107.03,215.26,1.46,3.53,1.66,9.81
AHM09,Sardar Vallabhai Patel Stadium,Ahmedabad,04-11-2023,106.41,216.53,1.48,3.59,2.08,7.98
AHM09,Sardar Vallabhai Patel Stadium,Ahmedabad,05-11-2023,91.46,186.61,1.45,3.53,1.72,8.83
AHM09,Sardar Vallabhai Patel Stadium,Ahmedabad,06-11-2023,90.53,186.57,1.66,3.06,1.09,8.87
AHM09,Sardar Vallabhai Patel Stadium,Ahmedabad,07-11-2023,91.74,186.34,22.66,2.13,1.54,11.31
AHM09,Sardar Vallabhai Patel Stadium,Ahmedabad,08-11-2023,102.03,207.25,20.26,2.15,1.71,11.04
AHM09,Sardar Vallabhai Patel Stadium,Ahmedabad,09-11-2023,102.6,203.29,24.1,2.16,1.72,11.82
AHM09,Sardar Vallabhai Patel Stadium,Ahmedabad,10-11-2023,109.53,222.25,8.14,2.13,1.46,13.87
AHM09,Sardar Vallabhai Patel Stadium,Ahmedabad,11-11-2023,65.45,137.39,4.69,2.21,0.81,11.76
AHM09,Sardar Vallabhai Patel Stadium,Ahmedabad,12-11-2023,76.09,134.22,4.6,2.19,0.83,10.78
AHM09,Sardar Vallabhai Patel Stadium,Ahmedabad,13-11-2023,62.44,135.41,11.48,2.16,1.09,9.76
AHM09,Sardar Vallabhai Patel Stadium,Ahmedabad,14-11-2023,93.33,193.26,7.22,2.1,1,10.65
AHM09,Sardar Vallabhai Patel Stadium,Ahmedabad,15-11-2023,57.77,123.12,4.4,2.15,0.84,12.17
AHM09,Sardar Vallabhai Patel Stadium,Ahmedabad,16-11-2023,59.11,125.97,4,2.11,0.84,12.81
AHM09,Sardar Vallabhai Patel Stadium,Ahmedabad,17-11-2023,60.79,132.9,4.11,2.09,1.01,11.99
AHM09,Sardar Vallabhai Patel Stadium,Ahmedabad,18-11-2023,67.34,144.46,3.85,2.34,1.07,12.57
AHM09,Sardar Vallabhai Patel Stadium,Ahmedabad,19-11-2023,73.35,157.61,3.75,2.61,0.99,12.53
AHM09,Sardar Vallabhai Patel Stadium,Ahmedabad,20-11-2023,73.3,160.21,3.83,2.63,1.06,13.25
AHM09,Sardar Vallabhai Patel Stadium,Ahmedabad,21-11-2023,78.07,166.43,3.62,2.69,1.18,12.59
AHM09,Sardar Vallabhai Patel Stadium,Ahmedabad,22-11-2023,89.95,184.99,3.87,2.64,1.22,9.97
AHM09,Sardar Vallabhai Patel Stadium,Ahmedabad,23-11-2023,82.27,167.17,4.21,2.97,0.89,8.78
AHM09,Sardar Vallabhai Patel Stadium,Ahmedabad,24-11-2023,61.61,131.72,4.13,3.66,0.37,11.95
AHM09,Sardar Vallabhai Patel Stadium,Ahmedabad,25-11-2023,48.02,105.9,3.62,3.62,0.27,12.59
AHM09,Sardar Vallabhai Patel Stadium,Ahmedabad,26-11-2023,34.43,75.6,5.44,3.62,0.37,11.3
AHM09,Sardar Vallabhai Patel Stadium,Ahmedabad,27-11-2023,15.12,36.19,14.94,3.67,0.66,10.77
AHM09,Sardar Vallabhai Patel Stadium,Ahmedabad,28-11-2023,27.03,68.37,10.2,3.65,0.85,9.29
AHM09,Sardar Vallabhai Patel Stadium,Ahmedabad,29-11-2023,34.58,82.75,7.39,3.64,0.9,9.36
AHM09,Sardar Vallabhai Patel Stadium,Ahmedabad,30-11-2023,32.05,83.62,11.68,3.65,0.78,10.78
AHM09,Sardar Vallabhai Patel Stadium,Ahmedabad,01-12-2023,25.56,69.01,15.65,3.64,0.68,12.4
AHM09,Sardar Vallabhai Patel Stadium,Ahmedabad,02-12-2023,23.19,61.67,16.29,3.62,0.62,10.94
AHM09,Sardar Vallabhai Patel Stadium,Ahmedabad,03-12-2023,25.77,59.94,13.67,3.64,0.6,11.91
AHM09,Sardar Vallabhai Patel Stadium,Ahmedabad,04-12-2023,18.2,48.66,14.12,3.68,0.68,13.04
AHM09,Sardar Vallabhai Patel Stadium,Ahmedabad,05-12-2023,19.42,47.47,14.08,3.65,0.6,11.47
AHM09,Sardar Vallabhai Patel Stadium,Ahmedabad,06-12-2023,26.84,68.21,13.26,3.63,0.63,11.53
AHM09,Sardar Vallabhai Patel Stadium,Ahmedabad,07-12-2023,35.96,84.4,12.71,3.65,0.72,12.24
AHM09,Sardar Vallabhai Patel Stadium,Ahmedabad,08-12-2023,38.58,89.09,11.63,4.06,0.75,11.4
AHM09,Sardar Vallabhai Patel Stadium,Ahmedabad,09-12-2023,40.6,86.89,11.72,4.8,0.77,10.37
AHM09,Sardar Vallabhai Patel Stadium,Ahmedabad,10-12-2023,36.58,81.19,11.57,4.75,0.8,10.84
AHM09,Sardar Vallabhai Patel Stadium,Ahmedabad,11-12-2023,43.18,92.79,11.72,4.76,0.93,10.46
AHM09,Sardar Vallabhai Patel Stadium,Ahmedabad,12-12-2023,38.04,82.26,11.66,4.79,0.89,9.95
AHM09,Sardar Vallabhai Patel Stadium,Ahmedabad,13-12-2023,38.93,82.55,11.75,4.78,0.77,9.85
AHM09,Sardar Vallabhai Patel Stadium,Ahmedabad,14-12-2023,37.17,78.25,NaN,4.72,0.74,10.62
AHM09,Sardar Vallabhai Patel Stadium,Ahmedabad,15-12-2023,50.27,105.86,9.96,3.57,0.95,8.66
AHM09,Sardar Vallabhai Patel Stadium,Ahmedabad,16-12-2023,53.71,110.67,10.1,2.8,0.88,7.96
AHM09,Sardar Vallabhai Patel Stadium,Ahmedabad,17-12-2023,47.18,97.22,9.94,2.77,0.77,7.42
AHM09,Sardar Vallabhai Patel Stadium,Ahmedabad,18-12-2023,46,95.59,9.95,2.77,0.63,7.93
AHM09,Sardar Vallabhai Patel Stadium,Ahmedabad,19-12-2023,40.77,83.05,10.05,2.75,0.57,8.89
AHM09,Sardar Vallabhai Patel Stadium,Ahmedabad,20-12-2023,42.8,89.7,10.12,2.75,0.6,8.77
AHM09,Sardar Vallabhai Patel Stadium,Ahmedabad,21-12-2023,41.59,85.7,10.06,2.77,0.68,7.75
AHM09,Sardar Vallabhai Patel Stadium,Ahmedabad,22-12-2023,47.1,97.76,10,2.79,0.84,8.17
AHM09,Sardar Vallabhai Patel Stadium,Ahmedabad,23-12-2023,51.29,103.14,10.07,2.83,1.11,7.34
AHM09,Sardar Vallabhai Patel Stadium,Ahmedabad,24-12-2023,60.63,120.57,9.97,2.78,0.99,9.7
AHM09,Sardar Vallabhai Patel Stadium,Ahmedabad,25-12-2023,69.54,138.23,9.98,2.78,1.27,9.6
AHM09,Sardar Vallabhai Patel Stadium,Ahmedabad,26-12-2023,50.32,100.17,10.09,2.75,1.61,9.44
AHM09,Sardar Vallabhai Patel Stadium,Ahmedabad,27-12-2023,37.42,75.09,10.09,2.78,1.31,9.23
AHM09,Sardar Vallabhai Patel Stadium,Ahmedabad,28-12-2023,52.1,105.04,9.99,2.76,0.75,10.27
AHM09,Sardar Vallabhai Patel Stadium,Ahmedabad,29-12-2023,68.01,140.44,9.96,2.8,0.71,8.91
AHM09,Sardar Vallabhai Patel Stadium,Ahmedabad,30-12-2023,82.9,167.27,10.01,2.74,0.57,9.53
AHM09,Sardar Vallabhai Patel Stadium,Ahmedabad,31-12-2023,83.06,165.24,9.69,2.75,0.36,7.53
AHM09,Sardar Vallabhai Patel Stadium,Ahmedabad,01-01-2024,89.36,180.18,10.01,2.7,0.57,8.8
AHM09,Sardar Vallabhai Patel Stadium,Ahmedabad,02-01-2024,77,160.27,10.21,2.77,0.41,8.38
AHM09,Sardar Vallabhai Patel Stadium,Ahmedabad,03-01-2024,73.88,151.01,10.16,2.82,0.42,7.27
AHM09,Sardar Vallabhai Patel Stadium,Ahmedabad,04-01-2024,62.64,127.25,10.06,2.78,0.47,7.04
AHM09,Sardar Vallabhai Patel Stadium,Ahmedabad,05-01-2024,76.95,152.3,10.13,2.23,0.71,7.08
AHM09,Sardar Vallabhai Patel Stadium,Ahmedabad,06-01-2024,56.61,114.9,10.25,1.28,0.47,7.28
AHM09,Sardar Vallabhai Patel Stadium,Ahmedabad,07-01-2024,51.37,107.45,10.14,1.27,0.39,8.63
AHM09,Sardar Vallabhai Patel Stadium,Ahmedabad,08-01-2024,59.5,120.45,9.95,2.6,0.59,8.07
AHM09,Sardar Vallabhai Patel Stadium,Ahmedabad,09-01-2024,67.92,138.18,9.96,4.61,0.56,8.04
AHM09,Sardar Vallabhai Patel Stadium,Ahmedabad,10-01-2024,72.13,144.61,10.04,4.49,0.82,7.79
AHM09,Sardar Vallabhai Patel Stadium,Ahmedabad,11-01-2024,62.37,127.37,10.11,3.7,0.82,7.75
AHM09,Sardar Vallabhai Patel Stadium,Ahmedabad,12-01-2024,65.26,129.95,10,4.32,0.73,7.1
AHM09,Sardar Vallabhai Patel Stadium,Ahmedabad,13-01-2024,68.29,132.57,10.07,3.9,0.85,6.05
AHM09,Sardar Vallabhai Patel Stadium,Ahmedabad,14-01-2024,62.85,121.24,10.12,4.23,0.49,6.69
AHM09,Sardar Vallabhai Patel Stadium,Ahmedabad,15-01-2024,62.34,122.36,10.16,3.55,0.67,7.04
AHM09,Sardar Vallabhai Patel Stadium,Ahmedabad,16-01-2024,78.76,151.57,9.94,4.65,0.93,7.21
AHM09,Sardar Vallabhai Patel Stadium,Ahmedabad,17-01-2024,80.89,154.97,10.09,5.6,1.03,6.25
AHM09,Sardar Vallabhai Patel Stadium,Ahmedabad,18-01-2024,72.72,141.03,10.02,5.9,0.92,6.67
AHM09,Sardar Vallabhai Patel Stadium,Ahmedabad,19-01-2024,67.93,132.27,10.2,5.42,0.67,8.06
AHM09,Sardar Vallabhai Patel Stadium,Ahmedabad,20-01-2024,53.63,105.5,10.37,6.43,0.34,7.37
AHM09,Sardar Vallabhai Patel Stadium,Ahmedabad,21-01-2024,51.58,102.08,10.16,6.5,0.6,6.84
AHM09,Sardar Vallabhai Patel Stadium,Ahmedabad,22-01-2024,79.27,151.69,10.15,6.6,1.03,5.91
AHM09,Sardar Vallabhai Patel Stadium,Ahmedabad,23-01-2024,120.15,225.07,10.07,5.72,1.02,5.55
AHM09,Sardar Vallabhai Patel Stadium,Ahmedabad,24-01-2024,81.34,152.86,9.99,5.45,0.83,5.38
AHM09,Sardar Vallabhai Patel Stadium,Ahmedabad,25-01-2024,73.6,140.05,10.17,7.48,0.82,7.32
AHM09,Sardar Vallabhai Patel Stadium,Ahmedabad,26-01-2024,62.01,120.87,10.07,9.07,0.73,8.32
AHM09,Sardar Vallabhai Patel Stadium,Ahmedabad,27-01-2024,79.65,155.97,10.29,9.3,0.93,8.93
AHM09,Sardar Vallabhai Patel Stadium,Ahmedabad,28-01-2024,73.48,141.59,9.99,12.01,1.06,9.14
AHM09,Sardar Vallabhai Patel Stadium,Ahmedabad,29-01-2024,62.7,122.09,10.1,11.99,0.79,9.47
AHM09,Sardar Vallabhai Patel Stadium,Ahmedabad,30-01-2024,80.68,156.41,10.23,12.24,0.94,9.94
AHM09,Sardar Vallabhai Patel Stadium,Ahmedabad,31-01-2024,77.74,150.98,10.2,13.76,1.03,8.8
AHM09,Sardar Vallabhai Patel Stadium,Ahmedabad,01-02-2024,51.75,100.24,10.3,13.01,0.93,10.68
AHM09,Sardar Vallabhai Patel Stadium,Ahmedabad,02-02-2024,66.78,127.9,10.15,13.3,1.49,15.01
AHM09,Sardar Vallabhai Patel Stadium,Ahmedabad,03-02-2024,80.11,154.8,10.15,13.11,1.83,14.96
AHM09,Sardar Vallabhai Patel Stadium,Ahmedabad,04-02-2024,92.1,178.87,10.08,12.87,1.35,15.3
AHM09,Sardar Vallabhai Patel Stadium,Ahmedabad,05-02-2024,42.7,83.72,10,12.28,0.69,8.65
AHM09,Sardar Vallabhai Patel Stadium,Ahmedabad,06-02-2024,45.62,89.32,10.52,8.28,0.65,15.52
AHM09,Sardar Vallabhai Patel Stadium,Ahmedabad,07-02-2024,54.12,106.6,12.28,10.66,0.63,16.03
AHM09,Sardar Vallabhai Patel Stadium,Ahmedabad,08-02-2024,54.03,110.93,20.53,16.47,0.58,11.91
AHM09,Sardar Vallabhai Patel Stadium,Ahmedabad,09-02-2024,55.43,108.55,17.59,13.16,0.59,6.6
AHM09,Sardar Vallabhai Patel Stadium,Ahmedabad,10-02-2024,48.22,98.31,NaN,5.33,0.35,5.26
AHM09,Sardar Vallabhai Patel Stadium,Ahmedabad,11-02-2024,40.86,83.46,NaN,4.54,0.36,5.43
AHM09,Sardar Vallabhai Patel Stadium,Ahmedabad,12-02-2024,53.73,108.75,NaN,5.56,0.43,6.15
AHM09,Sardar Vallabhai Patel Stadium,Ahmedabad,13-02-2024,63.76,127.83,10.42,6.48,0.45,6.76
AHM09,Sardar Vallabhai Patel Stadium,Ahmedabad,14-02-2024,62.13,123.99,10.78,6.61,0.44,5.49
AHM09,Sardar Vallabhai Patel Stadium,Ahmedabad,15-02-2024,66.94,137.15,10.59,7.64,0.46,7.31
AHM09,Sardar Vallabhai Patel Stadium,Ahmedabad,16-02-2024,66.74,135.8,10.71,6.94,0.55,7.15
AHM09,Sardar Vallabhai Patel Stadium,Ahmedabad,17-02-2024,67.71,135.46,10.71,5.05,0.68,5.89
AHM09,Sardar Vallabhai Patel Stadium,Ahmedabad,18-02-2024,80.27,155.93,10.68,6.11,0.64,5.02
AHM09,Sardar Vallabhai Patel Stadium,Ahmedabad,19-02-2024,36.12,72.45,10.52,5.93,0.37,6.75
AHM09,Sardar Vallabhai Patel Stadium,Ahmedabad,20-02-2024,59.31,116.55,10.64,6.14,0.43,8.57
AHM09,Sardar Vallabhai Patel Stadium,Ahmedabad,21-02-2024,42.13,82.06,10.63,5.66,0.36,8.49
AHM09,Sardar Vallabhai Patel Stadium,Ahmedabad,22-02-2024,46.25,86.86,10.58,6.04,0.35,9.13
AHM09,Sardar Vallabhai Patel Stadium,Ahmedabad,23-02-2024,65.68,126.41,10.55,5.96,0.49,13.81
AHM09,Sardar Vallabhai Patel Stadium,Ahmedabad,24-02-2024,53.1,102.27,10.57,7.19,0.32,21.19
AHM09,Sardar Vallabhai Patel Stadium,Ahmedabad,25-02-2024,46.78,91.13,10.51,4.98,0.31,21.53
AHM09,Sardar Vallabhai Patel Stadium,Ahmedabad,26-02-2024,54.88,116.39,10.42,5.94,0.42,23.35
AHM09,Sardar Vallabhai Patel Stadium,Ahmedabad,27-02-2024,73.4,162.18,10.58,8.37,0.43,18.5
AHM09,Sardar Vallabhai Patel Stadium,Ahmedabad,28-02-2024,68,149.35,10.53,6.18,0.49,11.7
AHM09,Sardar Vallabhai Patel Stadium,Ahmedabad,29-02-2024,86.4,182.11,10.58,5.72,0.63,10.97
AHM09,Sardar Vallabhai Patel Stadium,Ahmedabad,01-03-2024,90,187.03,10.77,7.94,0.53,17.88
AHM09,Sardar Vallabhai Patel Stadium,Ahmedabad,02-03-2024,50.83,106.22,10.57,6.19,0.52,20.15
AHM09,Sardar Vallabhai Patel Stadium,Ahmedabad,03-03-2024,25.78,54.08,10.73,6.53,0.45,20.51
AHM09,Sardar Vallabhai Patel Stadium,Ahmedabad,04-03-2024,55.94,112.8,10.69,4.02,0.45,18.93
AHM09,Sardar Vallabhai Patel Stadium,Ahmedabad,05-03-2024,53.15,113.77,10.57,3.09,0.5,19.4
AHM09,Sardar Vallabhai Patel Stadium,Ahmedabad,06-03-2024,61.88,132.69,10.64,3.34,0.73,19.46
AHM09,Sardar Vallabhai Patel Stadium,Ahmedabad,07-03-2024,74.35,150.64,10.59,4.27,0.82,18.03
AHM09,Sardar Vallabhai Patel Stadium,Ahmedabad,08-03-2024,58.63,119.18,7.69,9.94,0.73,13.87
AHM09,Sardar Vallabhai Patel Stadium,Ahmedabad,09-03-2024,52.01,107.65,0.65,3.83,0.69,10.74
AHM09,Sardar Vallabhai Patel Stadium,Ahmedabad,10-03-2024,66.55,140.94,0.67,3.63,0.91,15.05
AHM09,Sardar Vallabhai Patel Stadium,Ahmedabad,11-03-2024,86.81,175.16,2.35,7.54,0.79,18.05
AHM09,Sardar Vallabhai Patel Stadium,Ahmedabad,12-03-2024,44.06,91.36,12.79,5.2,0.91,26.81
AHM09,Sardar Vallabhai Patel Stadium,Ahmedabad,13-03-2024,50.84,101.48,12.77,5.77,0.78,27.44
AHM09,Sardar Vallabhai Patel Stadium,Ahmedabad,14-03-2024,92.06,173.79,12.72,5.92,0.81,27.22
AHM09,Sardar Vallabhai Patel Stadium,Ahmedabad,15-03-2024,105.95,202.29,12.19,7.95,1.05,28.16
AHM09,Sardar Vallabhai Patel Stadium,Ahmedabad,16-03-2024,96.62,198.96,16.18,9.08,1.19,20.93
AHM09,Sardar Vallabhai Patel Stadium,Ahmedabad,17-03-2024,69.84,157.21,12.01,7.52,0.79,18.38
AHM09,Sardar Vallabhai Patel Stadium,Ahmedabad,18-03-2024,52.71,115.24,12.81,9.63,0.75,16.68
AHM09,Sardar Vallabhai Patel Stadium,Ahmedabad,19-03-2024,71.71,145.31,11.96,10.47,1.03,18.69
AHM09,Sardar Vallabhai Patel Stadium,Ahmedabad,20-03-2024,67.15,133.48,10.58,5.08,0.83,20.69
AHM09,Sardar Vallabhai Patel Stadium,Ahmedabad,21-03-2024,75.62,155.77,11.97,5.69,1.01,19.6
AHM09,Sardar Vallabhai Patel Stadium,Ahmedabad,22-03-2024,54.61,110.72,11.48,5.46,0.93,18.52
AHM09,Sardar Vallabhai Patel Stadium,Ahmedabad,23-03-2024,51.61,100.75,10.26,5.6,0.73,18.7
AHM09,Sardar Vallabhai Patel Stadium,Ahmedabad,24-03-2024,55.31,104.91,11.52,5.11,0.84,19.12
AHM09,Sardar Vallabhai Patel Stadium,Ahmedabad,25-03-2024,47.32,92.95,11.66,5.06,0.83,20.54
AHM09,Sardar Vallabhai Patel Stadium,Ahmedabad,26-03-2024,55.79,110.58,17.83,5.46,1.04,20.81
AHM09,Sardar Vallabhai Patel Stadium,Ahmedabad,27-03-2024,61.6,120.33,23.7,7.66,1.13,22.26
AHM09,Sardar Vallabhai Patel Stadium,Ahmedabad,28-03-2024,47.46,96.39,25.63,5.6,0.86,20.96
AHM09,Sardar Vallabhai Patel Stadium,Ahmedabad,29-03-2024,45.3,93.16,27.26,5.3,0.82,24.72
AHM09,Sardar Vallabhai Patel Stadium,Ahmedabad,30-03-2024,41.45,81.64,26.63,4.24,0.89,11.25
AHM09,Sardar Vallabhai Patel Stadium,Ahmedabad,31-03-2024,44.32,85.69,24.58,6.33,0.96,18.92
AHM09,Sardar Vallabhai Patel Stadium,Ahmedabad,01-04-2024,80.49,148.29,27.77,6.64,0.96,23.75
AHM09,Sardar Vallabhai Patel Stadium,Ahmedabad,02-04-2024,62.58,104.92,31.71,7.71,0.76,22.04
AHM09,Sardar Vallabhai Patel Stadium,Ahmedabad,03-04-2024,48.44,81.52,31.68,7.95,0.77,10.08
AHM09,Sardar Vallabhai Patel Stadium,Ahmedabad,04-04-2024,46.25,78.33,32.05,7.31,0.74,7.51
AHM09,Sardar Vallabhai Patel Stadium,Ahmedabad,05-04-2024,42.12,75.82,32.02,7.29,0.76,15.29
AHM09,Sardar Vallabhai Patel Stadium,Ahmedabad,06-04-2024,42.65,83.77,32.12,7.81,0.81,17.94
AHM09,Sardar Vallabhai Patel Stadium,Ahmedabad,07-04-2024,36.08,72.16,31.04,6.06,0.91,11.3
AHM09,Sardar Vallabhai Patel Stadium,Ahmedabad,08-04-2024,64.5,128.2,31.94,7.94,0.93,13.95
AHM09,Sardar Vallabhai Patel Stadium,Ahmedabad,09-04-2024,77.29,155.91,29.8,8.56,1.27,9.05
AHM09,Sardar Vallabhai Patel Stadium,Ahmedabad,10-04-2024,59.39,122.13,31.9,8.04,0.89,11.5
AHM09,Sardar Vallabhai Patel Stadium,Ahmedabad,11-04-2024,73.28,152.13,32.13,9.03,0.95,14.99
AHM09,Sardar Vallabhai Patel Stadium,Ahmedabad,12-04-2024,47.23,104.05,32.01,8.88,0.88,11.82
AHM09,Sardar Vallabhai Patel Stadium,Ahmedabad,13-04-2024,53.96,108.63,31.94,8.89,0.87,11.36
AHM09,Sardar Vallabhai Patel Stadium,Ahmedabad,14-04-2024,54.38,113.44,32.08,9.67,0.82,12.26
AHM09,Sardar Vallabhai Patel Stadium,Ahmedabad,15-04-2024,44.67,91.91,32.12,9.47,0.84,15.3
AHM09,Sardar Vallabhai Patel Stadium,Ahmedabad,16-04-2024,37.56,74.82,32.17,11.27,0.73,15.64
AHM09,Sardar Vallabhai Patel Stadium,Ahmedabad,17-04-2024,47.94,94.02,31.69,10.41,0.87,12.28
AHM09,Sardar Vallabhai Patel Stadium,Ahmedabad,18-04-2024,35.49,72.52,32.16,10.27,0.76,10.98
AHM09,Sardar Vallabhai Patel Stadium,Ahmedabad,19-04-2024,55.82,106.96,32.09,9.9,0.68,20.81
AHM09,Sardar Vallabhai Patel Stadium,Ahmedabad,20-04-2024,33.33,67.75,32.22,9.26,0.76,20.21
AHM09,Sardar Vallabhai Patel Stadium,Ahmedabad,21-04-2024,41.33,81.89,32.23,9.39,0.79,15.32
AHM09,Sardar Vallabhai Patel Stadium,Ahmedabad,22-04-2024,41.01,82.09,32.14,9.86,0.73,18.71
AHM09,Sardar Vallabhai Patel Stadium,Ahmedabad,23-04-2024,52.48,101.08,31.81,9.86,0.91,18.36
AHM09,Sardar Vallabhai Patel Stadium,Ahmedabad,24-04-2024,59.41,113.59,31.04,9.44,1.82,21.09
AHM09,Sardar Vallabhai Patel Stadium,Ahmedabad,25-04-2024,60.68,117.9,32.01,11.59,1.54,20.5
AHM09,Sardar Vallabhai Patel Stadium,Ahmedabad,26-04-2024,62.79,122,31.64,12.46,1.18,16.11
AHM09,Sardar Vallabhai Patel Stadium,Ahmedabad,27-04-2024,58.54,112.94,34.75,5.5,1.11,15.66
AHM09,Sardar Vallabhai Patel Stadium,Ahmedabad,28-04-2024,63.52,122.37,22.7,6.06,0.94,24.38
AHM09,Sardar Vallabhai Patel Stadium,Ahmedabad,29-04-2024,46.88,89.78,17.7,7.72,0.97,20.56
AHM09,Sardar Vallabhai Patel Stadium,Ahmedabad,30-04-2024,48.15,86.97,14.76,4.98,0.81,22.67
AHM09,Sardar Vallabhai Patel Stadium,Ahmedabad,01-05-2024,67.66,131.53,4.64,6.07,0.76,19.65
AHM09,Sardar Vallabhai Patel Stadium,Ahmedabad,02-05-2024,100.44,193.7,10.53,8.74,0.8,21.74
AHM09,Sardar Vallabhai Patel Stadium,Ahmedabad,03-05-2024,72.65,142.86,13,5.91,0.87,14.02
AHM09,Sardar Vallabhai Patel Stadium,Ahmedabad,04-05-2024,52.47,105.44,12.98,5.88,0.74,9.06
AHM09,Sardar Vallabhai Patel Stadium,Ahmedabad,05-05-2024,38.45,75.94,13.56,4.93,0.73,9.92
AHM09,Sardar Vallabhai Patel Stadium,Ahmedabad,06-05-2024,44.21,85.97,12.98,5.4,0.8,17.37
AHM09,Sardar Vallabhai Patel Stadium,Ahmedabad,07-05-2024,56.54,111.34,13.13,5.71,0.72,27.24
AHM09,Sardar Vallabhai Patel Stadium,Ahmedabad,08-05-2024,51.63,101.96,16.58,9.7,0.82,30.77
AHM09,Sardar Vallabhai Patel Stadium,Ahmedabad,09-05-2024,53.04,105.51,30.28,20.64,0.92,35.48
AHM09,Sardar Vallabhai Patel Stadium,Ahmedabad,10-05-2024,46.26,91.98,52.66,12.03,0.96,34.31
AHM09,Sardar Vallabhai Patel Stadium,Ahmedabad,11-05-2024,43.22,85.9,53.51,14,1.04,35.62
AHM09,Sardar Vallabhai Patel Stadium,Ahmedabad,12-05-2024,49.48,98.25,53.35,14.12,0.98,35.98
AHM09,Sardar Vallabhai Patel Stadium,Ahmedabad,13-05-2024,86,123.18,53.14,14.51,0.97,39.02
AHM09,Sardar Vallabhai Patel Stadium,Ahmedabad,14-05-2024,48.69,105.59,54.1,15.12,1.18,47.21
AHM09,Sardar Vallabhai Patel Stadium,Ahmedabad,15-05-2024,82.94,168.1,51.64,18.97,1.35,42.88
AHM09,Sardar Vallabhai Patel Stadium,Ahmedabad,16-05-2024,47.07,97.43,53.89,15.44,0.88,41.3
AHM09,Sardar Vallabhai Patel Stadium,Ahmedabad,17-05-2024,48.21,99.96,54.33,12.46,0.94,38.96
AHM09,Sardar Vallabhai Patel Stadium,Ahmedabad,18-05-2024,57,115.07,38.47,17.49,0.9,36.39
AHM09,Sardar Vallabhai Patel Stadium,Ahmedabad,19-05-2024,52.57,105.07,28.92,14.02,0.5,40.09
AHM09,Sardar Vallabhai Patel Stadium,Ahmedabad,20-05-2024,39.91,79.89,30.25,14.36,0.56,30.84
AHM09,Sardar Vallabhai Patel Stadium,Ahmedabad,21-05-2024,50.72,98.38,29.72,14.72,0.78,28.03
AHM09,Sardar Vallabhai Patel Stadium,Ahmedabad,22-05-2024,63.46,120.89,32.72,13.76,0.74,29.1
AHM09,Sardar Vallabhai Patel Stadium,Ahmedabad,23-05-2024,59.26,115.42,28.14,13.91,0.59,29.92
AHM09,Sardar Vallabhai Patel Stadium,Ahmedabad,24-05-2024,54.16,105.76,30.7,15.91,1.17,55.67
AHM09,Sardar Vallabhai Patel Stadium,Ahmedabad,25-05-2024,47.44,92.21,31.26,19.78,0.91,53.37
AHM09,Sardar Vallabhai Patel Stadium,Ahmedabad,26-05-2024,55.41,106.57,32.98,3.63,0.99,57.73
AHM09,Sardar Vallabhai Patel Stadium,Ahmedabad,27-05-2024,55.98,108.57,35.35,1.02,0.99,51
AHM09,Sardar Vallabhai Patel Stadium,Ahmedabad,28-05-2024,67.23,133.82,25.08,10.23,0.99,38.03
AHM09,Sardar Vallabhai Patel Stadium,Ahmedabad,29-05-2024,61.06,123.87,28.58,6.99,0.98,28.67
AHM09,Sardar Vallabhai Patel Stadium,Ahmedabad,30-05-2024,68.23,132.99,29.31,11.12,0.99,27.08
AHM09,Sardar Vallabhai Patel Stadium,Ahmedabad,31-05-2024,52.4,105.89,29.28,14.99,0.99,25.39
AHM09,Sardar Vallabhai Patel Stadium,Ahmedabad,01-06-2024,47.79,97.44,29.37,20.43,0.98,24.73
AHM09,Sardar Vallabhai Patel Stadium,Ahmedabad,02-06-2024,46.95,92.02,29.17,20.91,0.98,20.82
AHM09,Sardar Vallabhai Patel Stadium,Ahmedabad,03-06-2024,58.55,113.8,28.91,27.44,0.98,31.68
AHM09,Sardar Vallabhai Patel Stadium,Ahmedabad,04-06-2024,60.83,117.96,28.87,25.18,0.99,28.45
AHM09,Sardar Vallabhai Patel Stadium,Ahmedabad,05-06-2024,53.55,104.69,29.2,26.15,0.98,29.07
AHM09,Sardar Vallabhai Patel Stadium,Ahmedabad,06-06-2024,49.66,96.2,29.05,26.09,0.98,30.89
AHM09,Sardar Vallabhai Patel Stadium,Ahmedabad,07-06-2024,50.25,97.41,29.31,24.01,0.98,30.32
AHM09,Sardar Vallabhai Patel Stadium,Ahmedabad,08-06-2024,52.86,103.16,29.51,28.95,0.99,31.66
AHM09,Sardar Vallabhai Patel Stadium,Ahmedabad,09-06-2024,49.36,97.4,29.37,26.15,0.99,27.71
AHM09,Sardar Vallabhai Patel Stadium,Ahmedabad,10-06-2024,42.45,82.2,33.89,28.14,0.98,26.29
AHM09,Sardar Vallabhai Patel Stadium,Ahmedabad,11-06-2024,42.51,85.52,38.24,20.6,0.82,34.39
AHM09,Sardar Vallabhai Patel Stadium,Ahmedabad,12-06-2024,44.82,89.42,38.64,5.87,0.48,52.08
AHM09,Sardar Vallabhai Patel Stadium,Ahmedabad,13-06-2024,40.62,80.45,48.03,6.32,0.43,53.02
AHM09,Sardar Vallabhai Patel Stadium,Ahmedabad,14-06-2024,38.02,76.99,56.94,19.24,0.38,51.94
AHM09,Sardar Vallabhai Patel Stadium,Ahmedabad,15-06-2024,33.72,66.73,55.13,22.27,0.36,51.85
AHM09,Sardar Vallabhai Patel Stadium,Ahmedabad,16-06-2024,36.41,71.98,54.63,28.83,0.35,43.64
AHM09,Sardar Vallabhai Patel Stadium,Ahmedabad,17-06-2024,34.82,68.45,47.08,29.78,0.92,40.09
AHM09,Sardar Vallabhai Patel Stadium,Ahmedabad,18-06-2024,37.37,75.04,43.15,27.72,1,50.82
AHM09,Sardar Vallabhai Patel Stadium,Ahmedabad,19-06-2024,38.69,79.21,43.48,11.35,0.77,31.7
AHM09,Sardar Vallabhai Patel Stadium,Ahmedabad,20-06-2024,50.87,101.41,43.63,10.07,0.79,22.79
AHM09,Sardar Vallabhai Patel Stadium,Ahmedabad,21-06-2024,53.18,106.26,36.56,10.65,0.76,25.82
AHM09,Sardar Vallabhai Patel Stadium,Ahmedabad,22-06-2024,50.7,97.74,23.05,5.32,0.95,17.25
AHM09,Sardar Vallabhai Patel Stadium,Ahmedabad,23-06-2024,60.25,115.67,25.29,10.53,0.97,18.86
AHM09,Sardar Vallabhai Patel Stadium,Ahmedabad,24-06-2024,41.9,78.65,23.1,12.18,0.97,17.03
AHM09,Sardar Vallabhai Patel Stadium,Ahmedabad,25-06-2024,35.4,68.3,25.33,11.71,1.16,18.85
AHM09,Sardar Vallabhai Patel Stadium,Ahmedabad,26-06-2024,43.34,86.7,26.5,14.54,1.27,18
AHM09,Sardar Vallabhai Patel Stadium,Ahmedabad,27-06-2024,36.66,74.27,28.4,13.05,1.24,14.78
AHM09,Sardar Vallabhai Patel Stadium,Ahmedabad,28-06-2024,23.53,47.1,27.31,12.94,1.25,14.11
AHM09,Sardar Vallabhai Patel Stadium,Ahmedabad,29-06-2024,32.95,64.99,26.38,16.4,1.21,12.01
AHM09,Sardar Vallabhai Patel Stadium,Ahmedabad,30-06-2024,28.01,54.83,25.23,11.71,0.6,11.37
AHM09,Sardar Vallabhai Patel Stadium,Ahmedabad,01-07-2024,19.69,39.09,21.85,12.06,0.56,11.75
AHM09,Sardar Vallabhai Patel Stadium,Ahmedabad,02-07-2024,26.2,50.09,22.43,12.93,0.79,15.26
AHM09,Sardar Vallabhai Patel Stadium,Ahmedabad,03-07-2024,35.53,69.41,17.86,12.75,0.45,17.38
AHM09,Sardar Vallabhai Patel Stadium,Ahmedabad,04-07-2024,38.87,77.26,19.55,13.25,0.61,15.64
AHM09,Sardar Vallabhai Patel Stadium,Ahmedabad,05-07-2024,30.64,60.06,20.03,12.76,0.5,14.64
AHM09,Sardar Vallabhai Patel Stadium,Ahmedabad,06-07-2024,50.04,98.95,20.75,12.43,0.51,17.11
AHM09,Sardar Vallabhai Patel Stadium,Ahmedabad,07-07-2024,48.04,93.88,16.81,12.95,0.4,19.12
AHM09,Sardar Vallabhai Patel Stadium,Ahmedabad,08-07-2024,53.49,102.75,22.35,12.27,0.46,17.92
AHM09,Sardar Vallabhai Patel Stadium,Ahmedabad,09-07-2024,52.37,100.8,29.64,13.3,0.44,16.29
AHM09,Sardar Vallabhai Patel Stadium,Ahmedabad,10-07-2024,31.64,62.85,21.16,11.8,0.43,22.85
AHM09,Sardar Vallabhai Patel Stadium,Ahmedabad,11-07-2024,31.67,62.2,20.63,11.76,0.41,26.41
AHM09,Sardar Vallabhai Patel Stadium,Ahmedabad,12-07-2024,34.33,65.9,17.35,10.77,0.4,24.17
AHM09,Sardar Vallabhai Patel Stadium,Ahmedabad,13-07-2024,38.41,73.18,19.09,11.96,0.59,22.81
AHM09,Sardar Vallabhai Patel Stadium,Ahmedabad,14-07-2024,45.85,87.65,16.12,12.94,0.4,27.04
AHM09,Sardar Vallabhai Patel Stadium,Ahmedabad,15-07-2024,34.37,65,24.33,13.47,0.77,21.96
AHM09,Sardar Vallabhai Patel Stadium,Ahmedabad,16-07-2024,33.17,66.35,23.86,12.3,0.62,24.14
AHM09,Sardar Vallabhai Patel Stadium,Ahmedabad,17-07-2024,30.02,58.82,18.87,11.86,0.49,19.77
AHM09,Sardar Vallabhai Patel Stadium,Ahmedabad,18-07-2024,32.94,65.7,21.55,16.43,0.61,22.41
AHM09,Sardar Vallabhai Patel Stadium,Ahmedabad,19-07-2024,29.06,58.46,22.77,14.86,0.55,22.11
AHM09,Sardar Vallabhai Patel Stadium,Ahmedabad,20-07-2024,23.41,47.02,23.59,13.12,0.68,22.52
AHM09,Sardar Vallabhai Patel Stadium,Ahmedabad,21-07-2024,26.82,54.54,22.4,13.59,0.65,23.19
AHM09,Sardar Vallabhai Patel Stadium,Ahmedabad,22-07-2024,28.63,60.7,18.42,13.29,0.41,23.74
AHM09,Sardar Vallabhai Patel Stadium,Ahmedabad,23-07-2024,16.88,34.25,15.31,13.41,0.36,18.43
AHM09,Sardar Vallabhai Patel Stadium,Ahmedabad,24-07-2024,17.7,34.84,18.41,12.17,0.4,17.49
AHM09,Sardar Vallabhai Patel Stadium,Ahmedabad,25-07-2024,29.61,58.7,15.64,12.96,0.5,17.39
AHM09,Sardar Vallabhai Patel Stadium,Ahmedabad,26-07-2024,38.62,75.32,35.47,11.49,0.57,19.26
AHM09,Sardar Vallabhai Patel Stadium,Ahmedabad,27-07-2024,41.14,80.12,21.78,14.64,0.57,20.87
AHM09,Sardar Vallabhai Patel Stadium,Ahmedabad,28-07-2024,43.06,81.92,15.15,12.35,0.49,21.29
AHM09,Sardar Vallabhai Patel Stadium,Ahmedabad,29-07-2024,28.57,53.44,26.29,13.37,0.55,16.18
AHM09,Sardar Vallabhai Patel Stadium,Ahmedabad,30-07-2024,27.72,55.1,23.44,12.3,0.51,20.3
AHM09,Sardar Vallabhai Patel Stadium,Ahmedabad,31-07-2024,37.46,75.1,17.79,13.16,0.44,24.73
AHM09,Sardar Vallabhai Patel Stadium,Ahmedabad,01-08-2024,18.81,37.48,20.48,9.56,0.61,17.04
AHM09,Sardar Vallabhai Patel Stadium,Ahmedabad,02-08-2024,19.65,40.33,17.96,14.7,0.64,20.39
AHM09,Sardar Vallabhai Patel Stadium,Ahmedabad,03-08-2024,15.61,31.55,18.72,10.42,0.59,19.6
AHM09,Sardar Vallabhai Patel Stadium,Ahmedabad,04-08-2024,21.44,43.55,15.74,13.51,0.54,21.67
AHM09,Sardar Vallabhai Patel Stadium,Ahmedabad,05-08-2024,20.37,42.18,18.34,14.59,0.61,21.98
AHM09,Sardar Vallabhai Patel Stadium,Ahmedabad,06-08-2024,24.38,49.19,17.33,17.79,0.56,23.64
AHM09,Sardar Vallabhai Patel Stadium,Ahmedabad,07-08-2024,39.6,79.73,21.62,16.46,0.56,22.86
AHM09,Sardar Vallabhai Patel Stadium,Ahmedabad,08-08-2024,33.19,66.64,26.31,17.49,0.57,22.15
AHM09,Sardar Vallabhai Patel Stadium,Ahmedabad,09-08-2024,30.13,60.8,19.76,16.66,0.55,21.85
AHM09,Sardar Vallabhai Patel Stadium,Ahmedabad,10-08-2024,24.32,48.31,17.54,15.49,0.53,22.62
AHM09,Sardar Vallabhai Patel Stadium,Ahmedabad,11-08-2024,21.12,43.09,15.87,14.1,0.47,20.47
AHM09,Sardar Vallabhai Patel Stadium,Ahmedabad,12-08-2024,24.7,49.34,20.1,11.06,0.64,21.74
AHM09,Sardar Vallabhai Patel Stadium,Ahmedabad,13-08-2024,25.66,53.35,15.08,13.77,0.48,23.51
AHM09,Sardar Vallabhai Patel Stadium,Ahmedabad,14-08-2024,35.39,72.03,12.35,13.08,0.48,18.83
AHM09,Sardar Vallabhai Patel Stadium,Ahmedabad,15-08-2024,34.95,69.65,11.31,12.13,0.44,21.57
AHM09,Sardar Vallabhai Patel Stadium,Ahmedabad,16-08-2024,32.79,67.97,11.86,12.63,0.46,17.88
AHM09,Sardar Vallabhai Patel Stadium,Ahmedabad,17-08-2024,26.66,54.51,12.52,13.2,0.43,15.38
AHM09,Sardar Vallabhai Patel Stadium,Ahmedabad,18-08-2024,26.68,53.58,16.96,11.08,0.47,17.38
AHM09,Sardar Vallabhai Patel Stadium,Ahmedabad,19-08-2024,37.15,74.69,14.19,11.46,0.38,20.58
AHM09,Sardar Vallabhai Patel Stadium,Ahmedabad,20-08-2024,43.6,81.28,12.37,9.19,0.19,14.33
AHM09,Sardar Vallabhai Patel Stadium,Ahmedabad,21-08-2024,51.32,101.27,31.95,8.66,0.46,17.93
AHM09,Sardar Vallabhai Patel Stadium,Ahmedabad,22-08-2024,39.91,81.7,22.23,8.74,0.54,11.55
AHM09,Sardar Vallabhai Patel Stadium,Ahmedabad,23-08-2024,36.85,72.43,22.3,9.53,0.6,12.62
AHM09,Sardar Vallabhai Patel Stadium,Ahmedabad,24-08-2024,23.6,45.17,15.02,8.85,0.42,18.41
AHM09,Sardar Vallabhai Patel Stadium,Ahmedabad,25-08-2024,14.15,29.51,10.11,7.3,0.22,17.8
AHM09,Sardar Vallabhai Patel Stadium,Ahmedabad,26-08-2024,4.6,10.14,8.05,7.44,0.39,21.15
AHM09,Sardar Vallabhai Patel Stadium,Ahmedabad,27-08-2024,5.36,11.01,9.1,7.09,0.52,18.46
AHM09,Sardar Vallabhai Patel Stadium,Ahmedabad,28-08-2024,15.77,31.97,14.27,7.4,0.55,15.92
AHM09,Sardar Vallabhai Patel Stadium,Ahmedabad,29-08-2024,23.22,46.03,15.89,8.75,0.6,15.29
AHM09,Sardar Vallabhai Patel Stadium,Ahmedabad,30-08-2024,32.3,63.73,16.75,8.15,0.59,16.87
AHM09,Sardar Vallabhai Patel Stadium,Ahmedabad,31-08-2024,42.51,82.28,26.22,9.95,0.97,12.7
AHM09,Sardar Vallabhai Patel Stadium,Ahmedabad,01-09-2024,35.23,70.29,13.84,9.58,0.49,17.15
AHM09,Sardar Vallabhai Patel Stadium,Ahmedabad,02-09-2024,22.76,46.27,16.45,8.48,0.59,15.73
AHM09,Sardar Vallabhai Patel Stadium,Ahmedabad,03-09-2024,14.1,29.33,17.43,7.32,0.62,21.56
AHM09,Sardar Vallabhai Patel Stadium,Ahmedabad,04-09-2024,23.38,46.07,16.18,8.11,0.62,17.01
AHM09,Sardar Vallabhai Patel Stadium,Ahmedabad,05-09-2024,32.99,63.94,15.19,9.37,0.5,21.29
AHM09,Sardar Vallabhai Patel Stadium,Ahmedabad,06-09-2024,32.59,62.93,16.17,9.94,0.58,21.37
AHM09,Sardar Vallabhai Patel Stadium,Ahmedabad,07-09-2024,40.87,79.17,14.6,10.05,0.55,20.06
AHM09,Sardar Vallabhai Patel Stadium,Ahmedabad,08-09-2024,39.19,74.97,14.73,10.25,0.56,20.47
AHM09,Sardar Vallabhai Patel Stadium,Ahmedabad,09-09-2024,40.94,81,16.01,8.83,0.56,20.24
AHM09,Sardar Vallabhai Patel Stadium,Ahmedabad,10-09-2024,33.81,66.62,15.54,6.62,0.56,18.93
AHM09,Sardar Vallabhai Patel Stadium,Ahmedabad,11-09-2024,46.72,90.55,16.8,7.84,0.56,18.2
AHM09,Sardar Vallabhai Patel Stadium,Ahmedabad,12-09-2024,56.27,109.84,17.25,7.09,0.54,23.31
AHM09,Sardar Vallabhai Patel Stadium,Ahmedabad,13-09-2024,42.66,84.1,14.85,6.39,0.53,20.48
AHM09,Sardar Vallabhai Patel Stadium,Ahmedabad,14-09-2024,33.2,64.77,20.08,8.53,0.52,19.85
AHM09,Sardar Vallabhai Patel Stadium,Ahmedabad,15-09-2024,41.93,80.04,NaN,7.42,0.51,21.05
AHM09,Sardar Vallabhai Patel Stadium,Ahmedabad,16-09-2024,48.36,94.5,22.56,6.56,0.51,19.29
AHM09,Sardar Vallabhai Patel Stadium,Ahmedabad,17-09-2024,41.29,81.28,13.72,6.24,0.49,21.85
AHM09,Sardar Vallabhai Patel Stadium,Ahmedabad,18-09-2024,36.97,74.26,14.31,5.27,0.5,23.09
AHM09,Sardar Vallabhai Patel Stadium,Ahmedabad,19-09-2024,48.32,95.15,17.72,5.6,0.51,20.52
AHM09,Sardar Vallabhai Patel Stadium,Ahmedabad,20-09-2024,51.71,102.56,16.34,5.6,0.52,26.92
AHM09,Sardar Vallabhai Patel Stadium,Ahmedabad,21-09-2024,48.45,94.49,18.97,5.92,0.54,28.09
AHM09,Sardar Vallabhai Patel Stadium,Ahmedabad,22-09-2024,45.18,88.4,14.33,5.17,0.51,25.64
AHM09,Sardar Vallabhai Patel Stadium,Ahmedabad,23-09-2024,44.46,87.79,14.83,5.44,0.53,22.66
AHM09,Sardar Vallabhai Patel Stadium,Ahmedabad,24-09-2024,44.46,91.99,18.72,4.96,0.54,24.43
AHM09,Sardar Vallabhai Patel Stadium,Ahmedabad,25-09-2024,32.24,67.23,20.17,4.5,0.5,22.09
AHM09,Sardar Vallabhai Patel Stadium,Ahmedabad,26-09-2024,25.51,54.78,29.41,4.55,0.52,19.29
AHM09,Sardar Vallabhai Patel Stadium,Ahmedabad,27-09-2024,22.09,46.03,25.2,4.22,0.5,17.07
AHM09,Sardar Vallabhai Patel Stadium,Ahmedabad,28-09-2024,17.51,41.05,27.01,4.6,0.51,20.34
AHM09,Sardar Vallabhai Patel Stadium,Ahmedabad,29-09-2024,20.69,48.11,26.27,4.38,0.48,15.78
AHM09,Sardar Vallabhai Patel Stadium,Ahmedabad,30-09-2024,34.38,73.79,28.24,3.01,0.58,19.22
AHM09,Sardar Vallabhai Patel Stadium,Ahmedabad,01-10-2024,42.84,90.91,31.7,2.75,0.61,16.84
AHM09,Sardar Vallabhai Patel Stadium,Ahmedabad,02-10-2024,48.7,102.58,30.28,NaN,0.57,18.64
AHM09,Sardar Vallabhai Patel Stadium,Ahmedabad,03-10-2024,44.2,88.8,29.74,6.27,0.54,20.73
AHM09,Sardar Vallabhai Patel Stadium,Ahmedabad,04-10-2024,40.86,89.93,28.15,8.42,0.53,18.37
AHM09,Sardar Vallabhai Patel Stadium,Ahmedabad,05-10-2024,32.51,68.8,26.43,9.87,0.53,22.98
AHM09,Sardar Vallabhai Patel Stadium,Ahmedabad,06-10-2024,45.23,97.4,41.64,17.16,0.56,31.86
AHM09,Sardar Vallabhai Patel Stadium,Ahmedabad,07-10-2024,41.78,102.86,39.79,9.03,0.57,34.07
AHM09,Sardar Vallabhai Patel Stadium,Ahmedabad,08-10-2024,55.11,132.37,53.62,9.24,0.61,32.61
AHM09,Sardar Vallabhai Patel Stadium,Ahmedabad,09-10-2024,50.9,124.65,52.4,9.1,0.59,33.27
AHM09,Sardar Vallabhai Patel Stadium,Ahmedabad,10-10-2024,54.12,128.99,44.35,9.04,0.57,23.92
AHM09,Sardar Vallabhai Patel Stadium,Ahmedabad,11-10-2024,38.85,95.82,41.35,9.5,0.52,26.38
AHM09,Sardar Vallabhai Patel Stadium,Ahmedabad,12-10-2024,30.19,77,29.91,5.41,0.49,21.36
AHM09,Sardar Vallabhai Patel Stadium,Ahmedabad,13-10-2024,21.09,59.45,21.78,3.47,0.49,25.72
AHM09,Sardar Vallabhai Patel Stadium,Ahmedabad,14-10-2024,25.77,60.01,35.43,5,0.55,12.66
AHM09,Sardar Vallabhai Patel Stadium,Ahmedabad,15-10-2024,21.47,64.49,31.87,3.82,0.52,26.15
AHM09,Sardar Vallabhai Patel Stadium,Ahmedabad,16-10-2024,33.14,94.66,40.76,4.95,1.04,26.54
AHM09,Sardar Vallabhai Patel Stadium,Ahmedabad,17-10-2024,48.49,127.21,52,7.11,0.82,35.03
AHM09,Sardar Vallabhai Patel Stadium,Ahmedabad,18-10-2024,49.38,127.69,34.66,11.01,1.12,30.88
AHM09,Sardar Vallabhai Patel Stadium,Ahmedabad,19-10-2024,51.08,122.25,40.54,4.8,1.14,16.61
AHM09,Sardar Vallabhai Patel Stadium,Ahmedabad,20-10-2024,43.9,96.53,35.98,5.2,0.81,22.74
AHM09,Sardar Vallabhai Patel Stadium,Ahmedabad,21-10-2024,40.82,95.41,30.02,5.02,0.6,30.6
AHM09,Sardar Vallabhai Patel Stadium,Ahmedabad,22-10-2024,38.35,97.34,32.96,7.64,0.59,33.55
AHM09,Sardar Vallabhai Patel Stadium,Ahmedabad,23-10-2024,50.29,121.06,40.77,6.66,0.91,30.03
AHM09,Sardar Vallabhai Patel Stadium,Ahmedabad,24-10-2024,57.91,135.11,40.39,12.37,1.1,32.81
AHM09,Sardar Vallabhai Patel Stadium,Ahmedabad,25-10-2024,101.74,218.14,35.87,32.18,1.81,27.45
AHM09,Sardar Vallabhai Patel Stadium,Ahmedabad,26-10-2024,93.91,199.77,41.27,13.35,1.64,31.42
AHM09,Sardar Vallabhai Patel Stadium,Ahmedabad,27-10-2024,63.81,137.61,26.91,8.23,0.86,24.06
AHM09,Sardar Vallabhai Patel Stadium,Ahmedabad,28-10-2024,89.91,180.66,31.02,27.09,1.2,21.42
AHM09,Sardar Vallabhai Patel Stadium,Ahmedabad,29-10-2024,73.69,147.11,24.15,11.76,0.91,21.2
AHM09,Sardar Vallabhai Patel Stadium,Ahmedabad,30-10-2024,72.34,147.48,25.39,14.45,1,19.49
AHM09,Sardar Vallabhai Patel Stadium,Ahmedabad,31-10-2024,91.35,174.19,19.88,33.13,1.11,22.19
AHM09,Sardar Vallabhai Patel Stadium,Ahmedabad,01-11-2024,61.61,128.1,16.11,31.57,1.48,21.72
AHM09,Sardar Vallabhai Patel Stadium,Ahmedabad,02-11-2024,102.45,204.21,17.8,15.8,1.14,19.68
AHM09,Sardar Vallabhai Patel Stadium,Ahmedabad,03-11-2024,90.76,178.85,19.46,14.58,1.15,19.69
AHM09,Sardar Vallabhai Patel Stadium,Ahmedabad,04-11-2024,63.1,126.86,21.57,23.67,1.26,24.48
AHM09,Sardar Vallabhai Patel Stadium,Ahmedabad,05-11-2024,63.9,133.38,23.33,13.05,1.22,24.87
AHM09,Sardar Vallabhai Patel Stadium,Ahmedabad,06-11-2024,67.48,140.49,26.66,14.36,1.3,27.67
AHM09,Sardar Vallabhai Patel Stadium,Ahmedabad,07-11-2024,96.16,195.32,37.48,15.19,1.9,25.15
AHM09,Sardar Vallabhai Patel Stadium,Ahmedabad,08-11-2024,88.36,178.92,44.8,11.62,1.68,14.28
AHM09,Sardar Vallabhai Patel Stadium,Ahmedabad,09-11-2024,57.68,118.68,NaN,7.45,1.31,16.77
AHM09,Sardar Vallabhai Patel Stadium,Ahmedabad,10-11-2024,63.01,129.32,NaN,6.62,1.29,16.8
AHM09,Sardar Vallabhai Patel Stadium,Ahmedabad,11-11-2024,65.89,132.89,NaN,6.61,1.39,17.04
AHM09,Sardar Vallabhai Patel Stadium,Ahmedabad,12-11-2024,75.06,152.52,NaN,6.62,1.37,16.57
AHM09,Sardar Vallabhai Patel Stadium,Ahmedabad,13-11-2024,77.6,157.65,NaN,6.96,1.48,17.55
AHM09,Sardar Vallabhai Patel Stadium,Ahmedabad,14-11-2024,76.11,160.35,NaN,7.02,1.12,24.37
AHM09,Sardar Vallabhai Patel Stadium,Ahmedabad,15-11-2024,80.68,164.75,NaN,6.26,1.8,17.25
AHM09,Sardar Vallabhai Patel Stadium,Ahmedabad,16-11-2024,88.92,179.64,NaN,11.43,1.45,20.82
AHM09,Sardar Vallabhai Patel Stadium,Ahmedabad,17-11-2024,61.88,129.3,NaN,14.91,1.17,21.78
AHM09,Sardar Vallabhai Patel Stadium,Ahmedabad,18-11-2024,76.26,159.12,NaN,13.74,1.02,27.46
AHM09,Sardar Vallabhai Patel Stadium,Ahmedabad,19-11-2024,71.41,147.74,NaN,11.43,0.93,31.46
AHM09,Sardar Vallabhai Patel Stadium,Ahmedabad,20-11-2024,68.16,140.86,NaN,10.5,1.23,31.66
AHM09,Sardar Vallabhai Patel Stadium,Ahmedabad,21-11-2024,69.86,144.92,NaN,10.49,1.08,31.54
AHM09,Sardar Vallabhai Patel Stadium,Ahmedabad,22-11-2024,77.05,159.33,NaN,10.69,1.18,33.61
AHM09,Sardar Vallabhai Patel Stadium,Ahmedabad,23-11-2024,87.22,174.63,NaN,9.6,1.3,47.02
AHM09,Sardar Vallabhai Patel Stadium,Ahmedabad,24-11-2024,82.93,168.71,NaN,9.31,1.16,35.38
AHM09,Sardar Vallabhai Patel Stadium,Ahmedabad,25-11-2024,75,152.73,NaN,11.9,1.43,47.54
AHM09,Sardar Vallabhai Patel Stadium,Ahmedabad,26-11-2024,77.56,152.54,33.22,14.26,2.02,54.56
AHM09,Sardar Vallabhai Patel Stadium,Ahmedabad,27-11-2024,96.97,188,33.49,18.9,2.54,28.62
AHM09,Sardar Vallabhai Patel Stadium,Ahmedabad,28-11-2024,84.13,164.61,22.09,18.99,1.57,23.8
AHM09,Sardar Vallabhai Patel Stadium,Ahmedabad,29-11-2024,60.77,125.24,15.11,17.76,0.74,39.42
AHM09,Sardar Vallabhai Patel Stadium,Ahmedabad,30-11-2024,65.72,134.14,14.42,17.79,0.79,60.46
AHM09,Sardar Vallabhai Patel Stadium,Ahmedabad,01-12-2024,63,130.42,13.06,13.99,0.73,47.12
AHM09,Sardar Vallabhai Patel Stadium,Ahmedabad,02-12-2024,65.28,132.74,11.59,11.79,0.72,45.62
AHM09,Sardar Vallabhai Patel Stadium,Ahmedabad,03-12-2024,61.33,125.25,11.4,11.12,0.83,55.99
AHM09,Sardar Vallabhai Patel Stadium,Ahmedabad,04-12-2024,57,114.83,10.78,10.53,0.65,55.06
AHM09,Sardar Vallabhai Patel Stadium,Ahmedabad,05-12-2024,61.65,121.84,11.15,16.07,0.68,34.12
AHM09,Sardar Vallabhai Patel Stadium,Ahmedabad,06-12-2024,60.48,119.53,11.34,13.89,0.93,44.05
AHM09,Sardar Vallabhai Patel Stadium,Ahmedabad,07-12-2024,65.71,129.26,12.68,8.52,0.98,47.6
AHM09,Sardar Vallabhai Patel Stadium,Ahmedabad,08-12-2024,58.74,118.64,10.88,9.27,0.76,51.95
AHM09,Sardar Vallabhai Patel Stadium,Ahmedabad,09-12-2024,89.57,180.46,9.9,11.56,0.64,28.5
AHM09,Sardar Vallabhai Patel Stadium,Ahmedabad,10-12-2024,65.57,134,13.84,9.52,0.77,25.23
AHM09,Sardar Vallabhai Patel Stadium,Ahmedabad,11-12-2024,57.87,117.28,17.37,10.64,0.93,34.94
AHM09,Sardar Vallabhai Patel Stadium,Ahmedabad,12-12-2024,68.73,136.57,17.53,7.98,1.11,39.88
AHM09,Sardar Vallabhai Patel Stadium,Ahmedabad,13-12-2024,59.58,123.1,19.55,7.29,0.83,40.92
AHM09,Sardar Vallabhai Patel Stadium,Ahmedabad,14-12-2024,50.31,101.32,33.36,7.81,0.81,45.2
AHM09,Sardar Vallabhai Patel Stadium,Ahmedabad,15-12-2024,53.18,106.17,41.95,12.69,1.07,34.15
AHM09,Sardar Vallabhai Patel Stadium,Ahmedabad,16-12-2024,69.45,135.19,35.58,13.88,1.85,48.53
AHM09,Sardar Vallabhai Patel Stadium,Ahmedabad,17-12-2024,74.48,146.25,24.7,11.46,1.31,36.53
AHM09,Sardar Vallabhai Patel Stadium,Ahmedabad,18-12-2024,83.45,165.12,25.59,8.53,1.77,32.91
AHM09,Sardar Vallabhai Patel Stadium,Ahmedabad,19-12-2024,105.71,209.46,27.5,11.44,1.6,29.45
AHM09,Sardar Vallabhai Patel Stadium,Ahmedabad,20-12-2024,101.31,200.62,26.82,10.9,1.35,26.48
AHM09,Sardar Vallabhai Patel Stadium,Ahmedabad,21-12-2024,94.73,189.24,24.06,9.9,1.22,28.4
AHM09,Sardar Vallabhai Patel Stadium,Ahmedabad,22-12-2024,91.03,180.82,21.95,10.08,1.29,35.45
AHM09,Sardar Vallabhai Patel Stadium,Ahmedabad,23-12-2024,101.09,200.32,22.27,9.22,1.24,21.96
AHM09,Sardar Vallabhai Patel Stadium,Ahmedabad,24-12-2024,113.59,222.03,25.54,9.62,0.74,34.5
AHM09,Sardar Vallabhai Patel Stadium,Ahmedabad,25-12-2024,100.78,199.86,24.26,9.43,0.58,43.11
AHM09,Sardar Vallabhai Patel Stadium,Ahmedabad,26-12-2024,113.59,224.6,26.71,8.46,0.85,34.06
AHM09,Sardar Vallabhai Patel Stadium,Ahmedabad,27-12-2024,110.81,224.18,28,9.72,0.98,19.06
AHM09,Sardar Vallabhai Patel Stadium,Ahmedabad,28-12-2024,94.33,185.39,25.6,12.17,0.7,20.54
AHM09,Sardar Vallabhai Patel Stadium,Ahmedabad,29-12-2024,60.16,123.52,22.08,16.42,0.22,25.3
AHM09,Sardar Vallabhai Patel Stadium,Ahmedabad,30-12-2024,55.86,112.45,28.46,15.39,0.68,18.86
AHM09,Sardar Vallabhai Patel Stadium,Ahmedabad,31-12-2024,62.27,120.99,53.29,8.57,0.65,7.08
AHM09,Sardar Vallabhai Patel Stadium,Ahmedabad,01-01-2025,61.48,125.65,51.23,9.57,0.89,27.28
AHM09,Sardar Vallabhai Patel Stadium,Ahmedabad,02-01-2025,61.32,124.78,40.87,9.81,1.19,21.72
AHM09,Sardar Vallabhai Patel Stadium,Ahmedabad,03-01-2025,85.13,167.41,25.98,15.84,1.24,36.24
AHM09,Sardar Vallabhai Patel Stadium,Ahmedabad,04-01-2025,85.72,168.34,46.48,15.19,0.92,24.23
AHM09,Sardar Vallabhai Patel Stadium,Ahmedabad,05-01-2025,77.23,154.48,42.91,11.91,0.77,29.32
AHM09,Sardar Vallabhai Patel Stadium,Ahmedabad,06-01-2025,66.49,132.25,33.8,9.06,0.66,25.05
AHM09,Sardar Vallabhai Patel Stadium,Ahmedabad,07-01-2025,62.45,125.97,20.33,12.77,0.97,21.18
AHM09,Sardar Vallabhai Patel Stadium,Ahmedabad,08-01-2025,60.75,118.91,40.7,8.33,0.82,22.78
AHM09,Sardar Vallabhai Patel Stadium,Ahmedabad,09-01-2025,61.12,120.48,34.19,9.62,1,24.75
AHM09,Sardar Vallabhai Patel Stadium,Ahmedabad,10-01-2025,76.47,151.46,178.79,10.42,1.39,29.19
AHM09,Sardar Vallabhai Patel Stadium,Ahmedabad,11-01-2025,96.01,189.18,331.5,12.61,1.45,30.59
AHM09,Sardar Vallabhai Patel Stadium,Ahmedabad,12-01-2025,59.02,118.71,315.74,12.09,0.82,32.03
AHM09,Sardar Vallabhai Patel Stadium,Ahmedabad,13-01-2025,49.11,99.53,167.33,12.7,0.81,30.47
AHM09,Sardar Vallabhai Patel Stadium,Ahmedabad,14-01-2025,46.24,95.58,40.15,9.93,0.79,36.2
AHM09,Sardar Vallabhai Patel Stadium,Ahmedabad,15-01-2025,49.81,101.15,37.98,16.74,0.82,40.08
AHM09,Sardar Vallabhai Patel Stadium,Ahmedabad,16-01-2025,56.01,113.86,44.74,6.97,0.88,30.71
AHM09,Sardar Vallabhai Patel Stadium,Ahmedabad,17-01-2025,60.93,126.15,39.87,7.32,0.71,33.07
AHM09,Sardar Vallabhai Patel Stadium,Ahmedabad,18-01-2025,64.32,130.29,57.29,6.82,1.02,22.93
AHM09,Sardar Vallabhai Patel Stadium,Ahmedabad,19-01-2025,90.83,179.57,72.49,7.13,1.86,23.31
AHM09,Sardar Vallabhai Patel Stadium,Ahmedabad,20-01-2025,104.08,201.66,78.74,7.13,1.82,22.19
AHM09,Sardar Vallabhai Patel Stadium,Ahmedabad,21-01-2025,91.74,177.1,66.09,6.42,1.45,23.57
AHM09,Sardar Vallabhai Patel Stadium,Ahmedabad,22-01-2025,79.38,154.86,51.22,10.83,0.96,25.47
AHM09,Sardar Vallabhai Patel Stadium,Ahmedabad,23-01-2025,59.32,119.11,35.61,17.36,0.7,24.8
AHM09,Sardar Vallabhai Patel Stadium,Ahmedabad,24-01-2025,56.64,116.36,37.54,24.84,0.5,21.66
AHM09,Sardar Vallabhai Patel Stadium,Ahmedabad,25-01-2025,48.29,96.73,51.97,23.14,0.78,21.39
AHM09,Sardar Vallabhai Patel Stadium,Ahmedabad,26-01-2025,55.04,110.01,61.34,19.49,0.94,26.16
AHM09,Sardar Vallabhai Patel Stadium,Ahmedabad,27-01-2025,64.53,126.43,70.07,26.19,1.41,23.73
AHM09,Sardar Vallabhai Patel Stadium,Ahmedabad,28-01-2025,66.89,130.61,85.63,21.45,1.53,29.82
AHM09,Sardar Vallabhai Patel Stadium,Ahmedabad,29-01-2025,108.3,206.3,162.3,31.48,2.77,29.56
AHM09,Sardar Vallabhai Patel Stadium,Ahmedabad,30-01-2025,59.3,114.88,80.64,33.91,0.82,29.52
AHM09,Sardar Vallabhai Patel Stadium,Ahmedabad,31-01-2025,82.3,165.3,NaN,15.99,NaN,NaN
AHM09,Sardar Vallabhai Patel Stadium,Ahmedabad,01-02-2025,63.37,114.59,65.15,21.15,1.08,NaN
AHM09,Sardar Vallabhai Patel Stadium,Ahmedabad,02-02-2025,79.12,146.21,61.45,21.58,0.94,NaN
AHM09,Sardar Vallabhai Patel Stadium,Ahmedabad,03-02-2025,67.38,138.38,71.23,17.31,1.16,NaN
AHM09,Sardar Vallabhai Patel Stadium,Ahmedabad,04-02-2025,42.41,97.46,43.41,11.42,0.93,NaN
AHM09,Sardar Vallabhai Patel Stadium,Ahmedabad,05-02-2025,46.17,103.71,71.22,15.42,1.34,NaN
AHM09,Sardar Vallabhai Patel Stadium,Ahmedabad,06-02-2025,44.08,103.95,20.9,17.81,0.63,NaN
AHM09,Sardar Vallabhai Patel Stadium,Ahmedabad,07-02-2025,34.53,81.47,18.79,29.65,0.6,40.38
AHM09,Sardar Vallabhai Patel Stadium,Ahmedabad,08-02-2025,33.76,76.91,39.91,21.88,1.16,32.21
AHM09,Sardar Vallabhai Patel Stadium,Ahmedabad,09-02-2025,44.55,100.29,37.48,25.14,1.26,29.46
AHM09,Sardar Vallabhai Patel Stadium,Ahmedabad,10-02-2025,56.83,125.43,57.76,15.56,1.86,26.59
AHM09,Sardar Vallabhai Patel Stadium,Ahmedabad,11-02-2025,47.75,107.38,71.28,21.77,1.88,26.88
AHM09,Sardar Vallabhai Patel Stadium,Ahmedabad,12-02-2025,45.2,99.31,43.56,17.86,1.32,32.97
AHM09,Sardar Vallabhai Patel Stadium,Ahmedabad,13-02-2025,56.11,126.5,59.51,14.46,1.72,27.66
AHM09,Sardar Vallabhai Patel Stadium,Ahmedabad,14-02-2025,77.59,167.79,78.92,21.49,2.4,28.32
AHM09,Sardar Vallabhai Patel Stadium,Ahmedabad,15-02-2025,69.71,138.44,32.23,51.22,1.11,29.46
AHM09,Sardar Vallabhai Patel Stadium,Ahmedabad,16-02-2025,55.83,96.37,26.72,36.81,0.85,30.67
AHM09,Sardar Vallabhai Patel Stadium,Ahmedabad,17-02-2025,58.47,102.32,51.58,38.14,1.47,35.52
AHM09,Sardar Vallabhai Patel Stadium,Ahmedabad,18-02-2025,56.95,103.45,45.11,28.65,1.32,31.12
AHM09,Sardar Vallabhai Patel Stadium,Ahmedabad,19-02-2025,48.37,87.13,14.75,29.8,0.66,36.17
AHM09,Sardar Vallabhai Patel Stadium,Ahmedabad,20-02-2025,45.77,80.46,24.36,41.39,0.72,29.44
AHM09,Sardar Vallabhai Patel Stadium,Ahmedabad,21-02-2025,72.67,127.79,22.67,37.84,0.85,33.42
AHM09,Sardar Vallabhai Patel Stadium,Ahmedabad,22-02-2025,81.48,143.43,34.18,28.48,1.01,30.06
AHM09,Sardar Vallabhai Patel Stadium,Ahmedabad,23-02-2025,71.39,125.41,26.63,29.15,1.04,29.43
AHM09,Sardar Vallabhai Patel Stadium,Ahmedabad,24-02-2025,61.83,112.47,24.85,26.07,0.91,29.33
AHM09,Sardar Vallabhai Patel Stadium,Ahmedabad,25-02-2025,50.92,94.13,15.94,27.51,0.91,29.57
AHM09,Sardar Vallabhai Patel Stadium,Ahmedabad,26-02-2025,58.65,106.97,28.15,30.02,1.39,30.9
AHM09,Sardar Vallabhai Patel Stadium,Ahmedabad,27-02-2025,77.65,138.71,23.13,48.07,1.55,33.91
AHM09,Sardar Vallabhai Patel Stadium,Ahmedabad,28-02-2025,68.5,121.89,37.89,38.58,1.3,30.25
AHM09,Sardar Vallabhai Patel Stadium,Ahmedabad,01-03-2025,56.45,99.46,13.42,36.02,0.75,32.46
AHM09,Sardar Vallabhai Patel Stadium,Ahmedabad,02-03-2025,60.29,103.6,21.8,29.02,0.94,37.07
AHM09,Sardar Vallabhai Patel Stadium,Ahmedabad,03-03-2025,55.47,96.92,28.88,29.36,0.97,33.75
AHM09,Sardar Vallabhai Patel Stadium,Ahmedabad,04-03-2025,68.02,124.48,7.03,25.44,0.39,38.07
AHM09,Sardar Vallabhai Patel Stadium,Ahmedabad,05-03-2025,62.15,116.01,29.11,30.66,0.97,30.39
AHM09,Sardar Vallabhai Patel Stadium,Ahmedabad,06-03-2025,50.26,93.66,22.6,21.66,1.46,18.76
AHM09,Sardar Vallabhai Patel Stadium,Ahmedabad,07-03-2025,80.71,141.77,65.02,23.08,2.34,17.8
AHM09,Sardar Vallabhai Patel Stadium,Ahmedabad,08-03-2025,66.58,116.56,37.92,39.44,1.93,23.72
AHM09,Sardar Vallabhai Patel Stadium,Ahmedabad,09-03-2025,76.19,134.8,24.21,32.11,1.85,30.62
AHM09,Sardar Vallabhai Patel Stadium,Ahmedabad,10-03-2025,76.99,139.1,63.17,25.48,2.79,24.16
AHM09,Sardar Vallabhai Patel Stadium,Ahmedabad,11-03-2025,82.74,153.13,18.98,21.95,1.65,29.8
AHM09,Sardar Vallabhai Patel Stadium,Ahmedabad,12-03-2025,74.74,137.5,23.01,23.46,1.43,33.69
AHM09,Sardar Vallabhai Patel Stadium,Ahmedabad,13-03-2025,46.66,86.63,36.52,30.64,0.68,38.1
AHM09,Sardar Vallabhai Patel Stadium,Ahmedabad,14-03-2025,31.02,56.33,37.76,32.34,0.37,45.6
AHM09,Sardar Vallabhai Patel Stadium,Ahmedabad,15-03-2025,35.99,65.74,40.68,21.96,0.61,43.97
AHM09,Sardar Vallabhai Patel Stadium,Ahmedabad,16-03-2025,38.06,70.32,35.13,21.41,0.43,44.08
AHM09,Sardar Vallabhai Patel Stadium,Ahmedabad,17-03-2025,35.59,66.04,35.31,25.04,0.47,28.67
AHM09,Sardar Vallabhai Patel Stadium,Ahmedabad,18-03-2025,43.49,86.77,46.3,18.82,0.66,18.48
AHM09,Sardar Vallabhai Patel Stadium,Ahmedabad,19-03-2025,49.23,95.03,41.98,24.49,0.86,18.88
AHM09,Sardar Vallabhai Patel Stadium,Ahmedabad,20-03-2025,29.43,56.16,34.28,13.84,0.4,29.82
AHM09,Sardar Vallabhai Patel Stadium,Ahmedabad,21-03-2025,38.17,73.67,40.47,14.91,0.8,52.67
AHM09,Sardar Vallabhai Patel Stadium,Ahmedabad,22-03-2025,52.51,101.61,49.71,39.51,1.29,42.79
AHM09,Sardar Vallabhai Patel Stadium,Ahmedabad,23-03-2025,57.54,109.23,50.98,37.82,1.45,35.38
AHM09,Sardar Vallabhai Patel Stadium,Ahmedabad,24-03-2025,77.8,145.4,57.64,31.79,1.33,39.57
AHM09,Sardar Vallabhai Patel Stadium,Ahmedabad,25-03-2025,73.22,136.72,56.73,46.37,1.62,32.99
AHM09,Sardar Vallabhai Patel Stadium,Ahmedabad,26-03-2025,54.02,101.75,34.19,30.87,0.52,46.01
AHM09,Sardar Vallabhai Patel Stadium,Ahmedabad,27-03-2025,41.62,77.17,24,13.39,0.25,28.96
AHM09,Sardar Vallabhai Patel Stadium,Ahmedabad,28-03-2025,46.02,88.85,16.88,17.55,0.37,25.05
AHM09,Sardar Vallabhai Patel Stadium,Ahmedabad,29-03-2025,48.27,98.81,26.04,27.71,1.17,17.91
AHM09,Sardar Vallabhai Patel Stadium,Ahmedabad,30-03-2025,45.62,91.09,27.36,22.9,1.09,18.43
AHM09,Sardar Vallabhai Patel Stadium,Ahmedabad,31-03-2025,46.58,95.65,25.91,23.96,1.18,17.21
AHM09,Sardar Vallabhai Patel Stadium,Ahmedabad,01-04-2025,38.74,79.59,24.09,35.49,0.99,17.26
AHM09,Sardar Vallabhai Patel Stadium,Ahmedabad,02-04-2025,55.05,104.91,35.94,27.74,2.41,33.6
AHM09,Sardar Vallabhai Patel Stadium,Ahmedabad,03-04-2025,82.91,156.49,43.69,46.58,2.26,53.41
AHM09,Sardar Vallabhai Patel Stadium,Ahmedabad,04-04-2025,60.93,113.39,32.13,18.14,1.77,61.21
AHM09,Sardar Vallabhai Patel Stadium,Ahmedabad,05-04-2025,62.04,113.43,32.29,28.71,1.7,50.36
AHM09,Sardar Vallabhai Patel Stadium,Ahmedabad,06-04-2025,40.27,73.22,23.43,14.93,1.04,41.19
AHM09,Sardar Vallabhai Patel Stadium,Ahmedabad,07-04-2025,51.64,92.96,25.15,15.28,1.52,37.59
AHM09,Sardar Vallabhai Patel Stadium,Ahmedabad,08-04-2025,57.47,106.09,30.79,24.35,1.38,39.58
AHM09,Sardar Vallabhai Patel Stadium,Ahmedabad,09-04-2025,44.33,82.97,23.18,20.3,0.63,43.03
AHM09,Sardar Vallabhai Patel Stadium,Ahmedabad,10-04-2025,42.99,83.03,17.75,22.95,0.44,51.44
AHM09,Sardar Vallabhai Patel Stadium,Ahmedabad,11-04-2025,42.1,90.6,22.74,18.47,0.51,67.8
AHM09,Sardar Vallabhai Patel Stadium,Ahmedabad,12-04-2025,45.16,82.36,42.25,17.4,0.65,47.42
AHM09,Sardar Vallabhai Patel Stadium,Ahmedabad,13-04-2025,40.22,71.75,36.43,25,0.59,42.22
AHM09,Sardar Vallabhai Patel Stadium,Ahmedabad,14-04-2025,40.48,75.41,28.57,20.22,0.44,46.75
AHM09,Sardar Vallabhai Patel Stadium,Ahmedabad,15-04-2025,39.81,73.45,32.24,18.85,0.67,59.44
AHM09,Sardar Vallabhai Patel Stadium,Ahmedabad,16-04-2025,50.07,90.95,34.4,17.25,0.78,44.76
AHM09,Sardar Vallabhai Patel Stadium,Ahmedabad,17-04-2025,39.86,72,31.41,20.25,0.7,37.95
AHM09,Sardar Vallabhai Patel Stadium,Ahmedabad,18-04-2025,43.05,77.33,31.78,25.25,0.6,40.86
AHM09,Sardar Vallabhai Patel Stadium,Ahmedabad,19-04-2025,57.38,100.6,22.26,31.73,0.36,45.29
AHM09,Sardar Vallabhai Patel Stadium,Ahmedabad,20-04-2025,66.04,112.16,20.95,21.31,0.41,48.78
AHM09,Sardar Vallabhai Patel Stadium,Ahmedabad,21-04-2025,63.96,110.42,59.63,16.67,0.6,35.49
AHM09,Sardar Vallabhai Patel Stadium,Ahmedabad,22-04-2025,59.63,104.22,79.39,16.81,0.57,41.32
AHM09,Sardar Vallabhai Patel Stadium,Ahmedabad,23-04-2025,69.4,124.98,88.56,18.84,1.52,36.82
AHM09,Sardar Vallabhai Patel Stadium,Ahmedabad,24-04-2025,53.48,94.27,74.3,26.95,0.75,36.9
AHM09,Sardar Vallabhai Patel Stadium,Ahmedabad,25-04-2025,49.45,88.46,63.27,33.56,0.56,25.07
AHM09,Sardar Vallabhai Patel Stadium,Ahmedabad,26-04-2025,51.27,90.37,62.31,22.2,0.65,47.75
AHM09,Sardar Vallabhai Patel Stadium,Ahmedabad,27-04-2025,52.03,92.2,61.17,28.85,0.72,47.18
AHM09,Sardar Vallabhai Patel Stadium,Ahmedabad,28-04-2025,55.96,100.47,59.55,29.12,0.62,42.26
AHM09,Sardar Vallabhai Patel Stadium,Ahmedabad,29-04-2025,50.99,92.37,59.69,19.64,0.65,44.63
AHM09,Sardar Vallabhai Patel Stadium,Ahmedabad,30-04-2025,47.96,86.89,61.78,19.83,0.64,43.26
AHM09,Sardar Vallabhai Patel Stadium,Ahmedabad,01-05-2025,46.02,82.45,61.76,25.06,0.54,40.78
AHM09,Sardar Vallabhai Patel Stadium,Ahmedabad,02-05-2025,46.34,82.38,65.12,20.39,0.53,34.05
AHM09,Sardar Vallabhai Patel Stadium,Ahmedabad,03-05-2025,44.61,81.28,63.07,15.76,0.41,37.74
AHM09,Sardar Vallabhai Patel Stadium,Ahmedabad,04-05-2025,41.25,77.38,67.5,6.5,0.51,48.1
AHM09,Sardar Vallabhai Patel Stadium,Ahmedabad,05-05-2025,61.69,78.59,68.47,7.05,0.54,41.35
AHM09,Sardar Vallabhai Patel Stadium,Ahmedabad,06-05-2025,24.01,44.44,75.07,8.65,0.55,NaN
AHM09,Sardar Vallabhai Patel Stadium,Ahmedabad,07-05-2025,20.04,35.78,77.42,9.82,0.71,20.34
AHM09,Sardar Vallabhai Patel Stadium,Ahmedabad,08-05-2025,31.52,62.55,72.98,9.7,0.68,34.46
AHM09,Sardar Vallabhai Patel Stadium,Ahmedabad,09-05-2025,23.45,47.26,64.01,7.73,0.48,49.23
AHM09,Sardar Vallabhai Patel Stadium,Ahmedabad,10-05-2025,35.44,68.44,76.29,7.39,0.57,41.48
AHM09,Sardar Vallabhai Patel Stadium,Ahmedabad,11-05-2025,38.38,72.79,68.14,7.06,0.43,32.93
AHM09,Sardar Vallabhai Patel Stadium,Ahmedabad,12-05-2025,43.01,81.16,68.04,6.26,0.51,35.01
AHM09,Sardar Vallabhai Patel Stadium,Ahmedabad,13-05-2025,52.21,94.05,63.25,2.34,0.47,34.81
AHM09,Sardar Vallabhai Patel Stadium,Ahmedabad,14-05-2025,55.83,100.61,72.82,1.95,0.51,32.54
AHM09,Sardar Vallabhai Patel Stadium,Ahmedabad,15-05-2025,50.96,92.45,76.36,2.58,0.44,31.27
AHM09,Sardar Vallabhai Patel Stadium,Ahmedabad,16-05-2025,41.31,77.68,75,4.51,0.42,21.31
AHM09,Sardar Vallabhai Patel Stadium,Ahmedabad,17-05-2025,33.78,62.91,78.44,4.34,0.34,16.98
AHM09,Sardar Vallabhai Patel Stadium,Ahmedabad,18-05-2025,29.29,55.13,77.97,5.35,0.35,19.61
AHM09,Sardar Vallabhai Patel Stadium,Ahmedabad,19-05-2025,45.48,82.48,82.23,4.85,0.34,26.39
AHM09,Sardar Vallabhai Patel Stadium,Ahmedabad,20-05-2025,49.15,90.04,90.3,9.55,0.49,27.17
AHM09,Sardar Vallabhai Patel Stadium,Ahmedabad,21-05-2025,41.7,77.28,83.42,7.77,0.39,47.61
AHM09,Sardar Vallabhai Patel Stadium,Ahmedabad,22-05-2025,39.36,73.01,87.23,10.47,0.45,47.5
AHM09,Sardar Vallabhai Patel Stadium,Ahmedabad,23-05-2025,56.8,113.68,98.38,11.26,0.6,49.88
AHM09,Sardar Vallabhai Patel Stadium,Ahmedabad,24-05-2025,42.52,79.25,80.88,11.36,0.34,47.42
AHM09,Sardar Vallabhai Patel Stadium,Ahmedabad,25-05-2025,64.02,107.62,78.31,6.32,0.25,33.15
AHM09,Sardar Vallabhai Patel Stadium,Ahmedabad,26-05-2025,47.71,91.21,64.42,7.58,0.39,34.6
AHM09,Sardar Vallabhai Patel Stadium,Ahmedabad,27-05-2025,73.9,144.49,64.28,5.52,0.39,10.93
AHM09,Sardar Vallabhai Patel Stadium,Ahmedabad,28-05-2025,56.03,108.91,58.49,4.89,0.29,16.02
AHM09,Sardar Vallabhai Patel Stadium,Ahmedabad,29-05-2025,42.86,85.71,72.81,4.92,0.28,24.27
AHM09,Sardar Vallabhai Patel Stadium,Ahmedabad,30-05-2025,62.29,123.64,60.91,4.45,0.21,14.73
AHM09,Sardar Vallabhai Patel Stadium,Ahmedabad,31-05-2025,51.97,105,62.3,4.19,0.23,17.31
AHM09,Sardar Vallabhai Patel Stadium,Ahmedabad,01-06-2025,48.31,95.04,51.96,4.04,0.29,16.55
AHM09,Sardar Vallabhai Patel Stadium,Ahmedabad,02-06-2025,46.54,90.62,53.46,2.98,0.37,17.55
AHM09,Sardar Vallabhai Patel Stadium,Ahmedabad,03-06-2025,40.16,79.05,58.91,1.95,0.38,21.82
AHM09,Sardar Vallabhai Patel Stadium,Ahmedabad,04-06-2025,52.29,98.48,63.43,2.52,0.41,28.1
AHM09,Sardar Vallabhai Patel Stadium,Ahmedabad,05-06-2025,60.93,117.11,64.65,2.44,0.4,24.17
AHM09,Sardar Vallabhai Patel Stadium,Ahmedabad,06-06-2025,57.77,110.98,65.7,2.46,0.47,19
AHM09,Sardar Vallabhai Patel Stadium,Ahmedabad,07-06-2025,51.59,99.55,58.91,2.37,0.33,24.89
AHM09,Sardar Vallabhai Patel Stadium,Ahmedabad,08-06-2025,49.37,93.7,55.36,2.44,0.29,26.49
AHM09,Sardar Vallabhai Patel Stadium,Ahmedabad,09-06-2025,45.9,102,59.02,2.61,0.36,21.22
AHM09,Sardar Vallabhai Patel Stadium,Ahmedabad,10-06-2025,39.46,75.41,62.27,2.75,0.39,20.62
AHM09,Sardar Vallabhai Patel Stadium,Ahmedabad,11-06-2025,32.29,62.81,61.78,5.02,0.37,20.07
AHM09,Sardar Vallabhai Patel Stadium,Ahmedabad,12-06-2025,44.95,86.05,64.47,7.64,0.43,21.49
AHM09,Sardar Vallabhai Patel Stadium,Ahmedabad,13-06-2025,52.09,100.03,64.95,10.83,0.64,22.21
AHM09,Sardar Vallabhai Patel Stadium,Ahmedabad,14-06-2025,56.59,113.91,58.99,9.82,0.55,36.51
AHM09,Sardar Vallabhai Patel Stadium,Ahmedabad,15-06-2025,20.88,41.69,62.43,9.7,0.61,63.59
AHM09,Sardar Vallabhai Patel Stadium,Ahmedabad,16-06-2025,22.63,50.76,73.2,10.73,0.66,39.72
AHM09,Sardar Vallabhai Patel Stadium,Ahmedabad,17-06-2025,11.57,22.38,60.85,10.81,0.63,16.31
AHM09,Sardar Vallabhai Patel Stadium,Ahmedabad,18-06-2025,36.52,85.15,NaN,4.9,0.7,16.46
AHM09,Sardar Vallabhai Patel Stadium,Ahmedabad,19-06-2025,26.75,64.94,NaN,4.69,0.86,15.39
AHM09,Sardar Vallabhai Patel Stadium,Ahmedabad,20-06-2025,39.75,77.97,NaN,4.5,0.63,9.6
AHM09,Sardar Vallabhai Patel Stadium,Ahmedabad,21-06-2025,36.52,71.08,NaN,8.98,0.68,8.46
AHM09,Sardar Vallabhai Patel Stadium,Ahmedabad,22-06-2025,NaN,NaN,NaN,19.54,0.43,8.56
AHM09,Sardar Vallabhai Patel Stadium,Ahmedabad,23-06-2025,NaN,NaN,NaN,21.68,0.55,7.42
AHM09,Sardar Vallabhai Patel Stadium,Ahmedabad,24-06-2025,41.21,129.8,2.75,9.76,0.69,7.17
AHM09,Sardar Vallabhai Patel Stadium,Ahmedabad,25-06-2025,30.33,223.07,NaN,12.46,0.71,7.94
AHM09,Sardar Vallabhai Patel Stadium,Ahmedabad,26-06-2025,28.72,50.41,NaN,12.5,0.58,8.83
AHM09,Sardar Vallabhai Patel Stadium,Ahmedabad,27-06-2025,24.1,42.38,53.96,5.41,0.38,6.77
AHM09,Sardar Vallabhai Patel Stadium,Ahmedabad,28-06-2025,25.28,57.25,63.97,5.6,0.5,7.41
AHM09,Sardar Vallabhai Patel Stadium,Ahmedabad,29-06-2025,16.41,34.37,44.98,5.92,0.5,7.5
AHM09,Sardar Vallabhai Patel Stadium,Ahmedabad,30-06-2025,16.5,46.8,44.18,5.21,0.39,7.7
AHM09,Sardar Vallabhai Patel Stadium,Ahmedabad,01-07-2025,18.95,46.18,NaN,2.1,0.47,12.39
AHM09,Sardar Vallabhai Patel Stadium,Ahmedabad,02-07-2025,17.15,57.32,41.46,0.77,0.56,12.08
AHM09,Sardar Vallabhai Patel Stadium,Ahmedabad,03-07-2025,20.83,50.74,41.19,2.98,0.53,12.3
AHM09,Sardar Vallabhai Patel Stadium,Ahmedabad,04-07-2025,14.32,40.57,21.85,5.64,0.24,14.83
AHM09,Sardar Vallabhai Patel Stadium,Ahmedabad,05-07-2025,8.92,34.12,17.26,6.23,0.32,8.3
AHM09,Sardar Vallabhai Patel Stadium,Ahmedabad,06-07-2025,17.73,49.47,13.68,6.11,0.5,9.87
AHM09,Sardar Vallabhai Patel Stadium,Ahmedabad,07-07-2025,23.21,56.19,19.51,5.35,0.63,11.51
AHM09,Sardar Vallabhai Patel Stadium,Ahmedabad,08-07-2025,30.89,72.5,24.56,5.89,0.27,10.27
AHM09,Sardar Vallabhai Patel Stadium,Ahmedabad,09-07-2025,27.9,82.41,23.23,5.93,0.27,11.58
AHM09,Sardar Vallabhai Patel Stadium,Ahmedabad,10-07-2025,24.2,78.22,23.31,5.64,0.41,8.88
AHM09,Sardar Vallabhai Patel Stadium,Ahmedabad,11-07-2025,20.81,65.48,18.38,6.31,0.35,13.32
AHM09,Sardar Vallabhai Patel Stadium,Ahmedabad,12-07-2025,20.98,53.03,22.31,5.28,0.34,15.26
AHM09,Sardar Vallabhai Patel Stadium,Ahmedabad,13-07-2025,17.31,54.16,21.18,4.14,0.25,22.22
AHM09,Sardar Vallabhai Patel Stadium,Ahmedabad,14-07-2025,17.54,63.11,23.91,4.39,0.35,14.47
AHM09,Sardar Vallabhai Patel Stadium,Ahmedabad,15-07-2025,25.41,79.29,22.35,4.11,0.33,17.33
AHM09,Sardar Vallabhai Patel Stadium,Ahmedabad,16-07-2025,24.93,90.27,22.12,3.97,0.32,17.03
AHM09,Sardar Vallabhai Patel Stadium,Ahmedabad,17-07-2025,27.43,97.75,22.16,5.31,0.32,19.3
AHM09,Sardar Vallabhai Patel Stadium,Ahmedabad,18-07-2025,26.27,83.1,21.81,5.51,0.35,17.08
AHM09,Sardar Vallabhai Patel Stadium,Ahmedabad,19-07-2025,19.69,44.46,22.3,5.23,0.42,9.07
AHM09,Sardar Vallabhai Patel Stadium,Ahmedabad,20-07-2025,18.14,32.97,17.78,4.81,0.36,10.66
AHM09,Sardar Vallabhai Patel Stadium,Ahmedabad,21-07-2025,21.75,40.31,24.07,6.1,0.6,7.96
AHM09,Sardar Vallabhai Patel Stadium,Ahmedabad,22-07-2025,25.96,51.61,16.18,5.14,0.45,16.42
AHM09,Sardar Vallabhai Patel Stadium,Ahmedabad,23-07-2025,17.97,52.15,14.78,4.68,0.39,17.66
AHM09,Sardar Vallabhai Patel Stadium,Ahmedabad,24-07-2025,18.26,52.31,15.27,4.13,0.32,17.79
AHM09,Sardar Vallabhai Patel Stadium,Ahmedabad,25-07-2025,17.96,44.63,18.22,4.4,0.35,19.25
AHM09,Sardar Vallabhai Patel Stadium,Ahmedabad,26-07-2025,21.29,58.04,16.42,4.3,0.38,15.6
AHM09,Sardar Vallabhai Patel Stadium,Ahmedabad,27-07-2025,15.27,32.98,15.64,4.41,0.36,13.65
AHM09,Sardar Vallabhai Patel Stadium,Ahmedabad,28-07-2025,15.33,34.76,17.76,4.49,0.58,8.29
AHM09,Sardar Vallabhai Patel Stadium,Ahmedabad,29-07-2025,18.76,48.44,16.03,4,0.53,9.52
AHM09,Sardar Vallabhai Patel Stadium,Ahmedabad,30-07-2025,22.02,67.04,27.87,4.19,0.52,10
AHM09,Sardar Vallabhai Patel Stadium,Ahmedabad,31-07-2025,26.81,72.49,22.72,4.15,0.53,11.81
AHM09,Sardar Vallabhai Patel Stadium,Ahmedabad,01-08-2025,27.72,59.99,28.48,7.43,0.53,10
AHM09,Sardar Vallabhai Patel Stadium,Ahmedabad,02-08-2025,22.08,63.96,32.33,10.7,0.18,15.58
AHM09,Sardar Vallabhai Patel Stadium,Ahmedabad,03-08-2025,12.86,41.27,18.89,10.05,0.09,16.79
AHM09,Sardar Vallabhai Patel Stadium,Ahmedabad,04-08-2025,13.96,42.47,15.16,15.09,0.3,17.13
AHM09,Sardar Vallabhai Patel Stadium,Ahmedabad,05-08-2025,16.47,46.22,15.24,8.37,0.57,19.25
AHM09,Sardar Vallabhai Patel Stadium,Ahmedabad,06-08-2025,13.78,52.75,15.57,9.01,0.52,18.74
AHM09,Sardar Vallabhai Patel Stadium,Ahmedabad,07-08-2025,18.99,64.16,14.05,10,0.48,23.48
AHM09,Sardar Vallabhai Patel Stadium,Ahmedabad,08-08-2025,22.86,67.51,13.07,13.48,0.51,22.73
AHM09,Sardar Vallabhai Patel Stadium,Ahmedabad,09-08-2025,18.53,54.82,9.42,11.31,0.39,23.39
AHM09,Sardar Vallabhai Patel Stadium,Ahmedabad,10-08-2025,18.66,55.37,9.09,14.36,0.37,23.82
AHM09,Sardar Vallabhai Patel Stadium,Ahmedabad,11-08-2025,13.62,45.17,9.41,9.03,0.4,23.41
AHM09,Sardar Vallabhai Patel Stadium,Ahmedabad,12-08-2025,11.99,44.37,9.2,8.04,0.41,19.54
AHM09,Sardar Vallabhai Patel Stadium,Ahmedabad,13-08-2025,12.51,40.02,10.42,11.53,0.42,18.11
AHM09,Sardar Vallabhai Patel Stadium,Ahmedabad,14-08-2025,24.99,61.3,15.49,41.41,0.56,15.15
AHM09,Sardar Vallabhai Patel Stadium,Ahmedabad,15-08-2025,17.66,43.59,11.9,10.28,0.56,20.77
AHM09,Sardar Vallabhai Patel Stadium,Ahmedabad,16-08-2025,20.43,33.35,10.01,8.04,0.59,9.98
AHM09,Sardar Vallabhai Patel Stadium,Ahmedabad,17-08-2025,19.17,33.65,8.88,7.85,0.56,26.29
AHM09,Sardar Vallabhai Patel Stadium,Ahmedabad,18-08-2025,41.44,63.73,16.41,10.43,0.56,27.48
AHM09,Sardar Vallabhai Patel Stadium,Ahmedabad,19-08-2025,26.42,44.56,14.71,8.17,0.38,18.73
AHM09,Sardar Vallabhai Patel Stadium,Ahmedabad,20-08-2025,14.59,32.24,21.07,8.46,0.31,8.85
AHM09,Sardar Vallabhai Patel Stadium,Ahmedabad,21-08-2025,4.68,20.99,10.59,6.32,0.27,1.78
AHM09,Sardar Vallabhai Patel Stadium,Ahmedabad,22-08-2025,4.19,23.52,NaN,6.15,0.17,8.87
AHM09,Sardar Vallabhai Patel Stadium,Ahmedabad,23-08-2025,10.65,20.76,14.75,7.94,0.27,14.42
AHM09,Sardar Vallabhai Patel Stadium,Ahmedabad,24-08-2025,3.31,16.36,16.43,9.29,0.1,12.55
AHM09,Sardar Vallabhai Patel Stadium,Ahmedabad,25-08-2025,9.36,34.37,23.66,10.42,0.46,9.53
AHM09,Sardar Vallabhai Patel Stadium,Ahmedabad,26-08-2025,15.41,52.38,27.04,10.74,0.81,13.18
AHM09,Sardar Vallabhai Patel Stadium,Ahmedabad,27-08-2025,19.2,59.7,23.98,13.69,0.78,14.86
AHM09,Sardar Vallabhai Patel Stadium,Ahmedabad,28-08-2025,22.21,61.84,22.12,9.33,0.78,11.32
AHM09,Sardar Vallabhai Patel Stadium,Ahmedabad,29-08-2025,20.05,52.26,26.65,9.38,1.12,5.29
AHM09,Sardar Vallabhai Patel Stadium,Ahmedabad,30-08-2025,NaN,NaN,NaN,NaN,NaN,NaN
AHM09,Sardar Vallabhai Patel Stadium,Ahmedabad,31-08-2025,NaN,NaN,NaN,NaN,NaN,NaN
AHM09,Sardar Vallabhai Patel Stadium,Ahmedabad,01-09-2025,NaN,NaN,NaN,NaN,NaN,NaN
AHM09,Sardar Vallabhai Patel Stadium,Ahmedabad,02-09-2025,NaN,NaN,NaN,NaN,NaN,NaN
AHM09,Sardar Vallabhai Patel Stadium,Ahmedabad,03-09-2025,NaN,NaN,NaN,NaN,NaN,NaN
AHM09,Sardar Vallabhai Patel Stadium,Ahmedabad,04-09-2025,NaN,NaN,NaN,NaN,NaN,NaN
AHM09,Sardar Vallabhai Patel Stadium,Ahmedabad,05-09-2025,NaN,NaN,NaN,NaN,NaN,NaN
AHM09,Sardar Vallabhai Patel Stadium,Ahmedabad,06-09-2025,NaN,NaN,NaN,NaN,NaN,NaN
AHM09,Sardar Vallabhai Patel Stadium,Ahmedabad,07-09-2025,NaN,NaN,NaN,NaN,NaN,NaN
AHM09,Sardar Vallabhai Patel Stadium,Ahmedabad,08-09-2025,NaN,NaN,NaN,NaN,NaN,NaN
AHM09,Sardar Vallabhai Patel Stadium,Ahmedabad,09-09-2025,NaN,NaN,NaN,NaN,NaN,NaN
AHM09,Sardar Vallabhai Patel Stadium,Ahmedabad,10-09-2025,NaN,NaN,NaN,NaN,NaN,NaN
AHM09,Sardar Vallabhai Patel Stadium,Ahmedabad,11-09-2025,NaN,NaN,NaN,NaN,NaN,NaN
AHM09,Sardar Vallabhai Patel Stadium,Ahmedabad,12-09-2025,NaN,NaN,NaN,NaN,NaN,NaN
AHM09,Sardar Vallabhai Patel Stadium,Ahmedabad,13-09-2025,NaN,NaN,NaN,NaN,NaN,NaN
AHM09,Sardar Vallabhai Patel Stadium,Ahmedabad,14-09-2025,NaN,NaN,NaN,NaN,NaN,NaN
AHM09,Sardar Vallabhai Patel Stadium,Ahmedabad,15-09-2025,NaN,NaN,NaN,NaN,NaN,NaN
AHM09,Sardar Vallabhai Patel Stadium,Ahmedabad,16-09-2025,NaN,NaN,NaN,NaN,NaN,NaN
AHM09,Sardar Vallabhai Patel Stadium,Ahmedabad,17-09-2025,NaN,NaN,NaN,NaN,NaN,NaN
AHM09,Sardar Vallabhai Patel Stadium,Ahmedabad,18-09-2025,NaN,NaN,NaN,NaN,NaN,NaN
AHM09,Sardar Vallabhai Patel Stadium,Ahmedabad,19-09-2025,NaN,NaN,NaN,NaN,NaN,NaN
AHM09,Sardar Vallabhai Patel Stadium,Ahmedabad,20-09-2025,NaN,NaN,NaN,NaN,NaN,NaN
AHM09,Sardar Vallabhai Patel Stadium,Ahmedabad,21-09-2025,NaN,NaN,NaN,NaN,NaN,NaN
AHM09,Sardar Vallabhai Patel Stadium,Ahmedabad,22-09-2025,NaN,NaN,NaN,NaN,NaN,NaN
AHM09,Sardar Vallabhai Patel Stadium,Ahmedabad,23-09-2025,NaN,NaN,NaN,NaN,NaN,NaN
AHM09,Sardar Vallabhai Patel Stadium,Ahmedabad,24-09-2025,NaN,NaN,NaN,NaN,NaN,NaN
AHM09,Sardar Vallabhai Patel Stadium,Ahmedabad,25-09-2025,NaN,NaN,NaN,NaN,NaN,NaN
AHM09,Sardar Vallabhai Patel Stadium,Ahmedabad,26-09-2025,NaN,NaN,NaN,NaN,NaN,NaN
AHM09,Sardar Vallabhai Patel Stadium,Ahmedabad,27-09-2025,NaN,NaN,NaN,NaN,NaN,NaN
AHM09,Sardar Vallabhai Patel Stadium,Ahmedabad,28-09-2025,NaN,NaN,NaN,NaN,NaN,NaN
AHM09,Sardar Vallabhai Patel Stadium,Ahmedabad,29-09-2025,NaN,NaN,NaN,NaN,NaN,NaN
AHM09,Sardar Vallabhai Patel Stadium,Ahmedabad,30-09-2025,NaN,NaN,NaN,NaN,NaN,NaN
AHM09,Sardar Vallabhai Patel Stadium,Ahmedabad,01-10-2025,NaN,NaN,NaN,NaN,NaN,NaN
AHM09,Sardar Vallabhai Patel Stadium,Ahmedabad,02-10-2025,NaN,NaN,NaN,NaN,NaN,NaN
AHM09,Sardar Vallabhai Patel Stadium,Ahmedabad,03-10-2025,NaN,NaN,NaN,NaN,NaN,NaN
AHM09,Sardar Vallabhai Patel Stadium,Ahmedabad,04-10-2025,NaN,NaN,NaN,NaN,NaN,NaN
AHM09,Sardar Vallabhai Patel Stadium,Ahmedabad,05-10-2025,NaN,NaN,NaN,NaN,NaN,NaN
AHM09,Sardar Vallabhai Patel Stadium,Ahmedabad,06-10-2025,NaN,NaN,NaN,NaN,NaN,NaN
AHM09,Sardar Vallabhai Patel Stadium,Ahmedabad,07-10-2025,NaN,NaN,NaN,NaN,NaN,NaN
AHM09,Sardar Vallabhai Patel Stadium,Ahmedabad,08-10-2025,NaN,NaN,NaN,NaN,NaN,NaN
AHM09,Sardar Vallabhai Patel Stadium,Ahmedabad,09-10-2025,NaN,NaN,NaN,NaN,NaN,NaN
AHM09,Sardar Vallabhai Patel Stadium,Ahmedabad,10-10-2025,NaN,NaN,NaN,NaN,NaN,NaN
AHM09,Sardar Vallabhai Patel Stadium,Ahmedabad,11-10-2025,NaN,NaN,NaN,NaN,NaN,NaN
AHM09,Sardar Vallabhai Patel Stadium,Ahmedabad,12-10-2025,NaN,NaN,NaN,NaN,NaN,NaN
AHM09,Sardar Vallabhai Patel Stadium,Ahmedabad,13-10-2025,NaN,NaN,NaN,NaN,NaN,NaN
AHM09,Sardar Vallabhai Patel Stadium,Ahmedabad,14-10-2025,NaN,NaN,NaN,NaN,NaN,NaN
AHM09,Sardar Vallabhai Patel Stadium,Ahmedabad,15-10-2025,NaN,NaN,NaN,NaN,NaN,NaN
AHM09,Sardar Vallabhai Patel Stadium,Ahmedabad,16-10-2025,NaN,NaN,NaN,NaN,NaN,NaN
AHM09,Sardar Vallabhai Patel Stadium,Ahmedabad,17-10-2025,NaN,NaN,NaN,NaN,NaN,NaN
AHM09,Sardar Vallabhai Patel Stadium,Ahmedabad,18-10-2025,NaN,NaN,NaN,NaN,NaN,NaN
AHM09,Sardar Vallabhai Patel Stadium,Ahmedabad,19-10-2025,NaN,NaN,NaN,NaN,NaN,NaN
AHM09,Sardar Vallabhai Patel Stadium,Ahmedabad,20-10-2025,NaN,NaN,NaN,NaN,NaN,NaN
AHM09,Sardar Vallabhai Patel Stadium,Ahmedabad,21-10-2025,NaN,NaN,NaN,NaN,NaN,NaN
AHM09,Sardar Vallabhai Patel Stadium,Ahmedabad,22-10-2025,NaN,NaN,NaN,NaN,NaN,NaN
AHM09,Sardar Vallabhai Patel Stadium,Ahmedabad,23-10-2025,NaN,NaN,NaN,NaN,NaN,NaN
AHM09,Sardar Vallabhai Patel Stadium,Ahmedabad,24-10-2025,NaN,NaN,NaN,NaN,NaN,NaN
AHM09,Sardar Vallabhai Patel Stadium,Ahmedabad,25-10-2025,NaN,NaN,NaN,NaN,NaN,NaN
AHM09,Sardar Vallabhai Patel Stadium,Ahmedabad,26-10-2025,NaN,NaN,NaN,NaN,NaN,NaN
AHM09,Sardar Vallabhai Patel Stadium,Ahmedabad,27-10-2025,NaN,NaN,NaN,NaN,NaN,NaN
AHM09,Sardar Vallabhai Patel Stadium,Ahmedabad,28-10-2025,NaN,NaN,NaN,NaN,NaN,NaN
AHM09,Sardar Vallabhai Patel Stadium,Ahmedabad,29-10-2025,NaN,NaN,NaN,NaN,NaN,NaN
AHM09,Sardar Vallabhai Patel Stadium,Ahmedabad,30-10-2025,NaN,NaN,NaN,NaN,NaN,NaN
AHM09,Sardar Vallabhai Patel Stadium,Ahmedabad,31-10-2025,NaN,NaN,NaN,NaN,NaN,NaN
AHM09,Sardar Vallabhai Patel Stadium,Ahmedabad,01-11-2025,NaN,NaN,NaN,NaN,NaN,NaN
AHM09,Sardar Vallabhai Patel Stadium,Ahmedabad,02-11-2025,NaN,NaN,NaN,NaN,NaN,NaN
AHM09,Sardar Vallabhai Patel Stadium,Ahmedabad,03-11-2025,NaN,NaN,NaN,NaN,NaN,NaN
AHM09,Sardar Vallabhai Patel Stadium,Ahmedabad,04-11-2025,NaN,NaN,NaN,NaN,NaN,NaN
AHM09,Sardar Vallabhai Patel Stadium,Ahmedabad,05-11-2025,NaN,NaN,NaN,NaN,NaN,NaN
AHM09,Sardar Vallabhai Patel Stadium,Ahmedabad,06-11-2025,NaN,NaN,NaN,NaN,NaN,NaN
AHM09,Sardar Vallabhai Patel Stadium,Ahmedabad,07-11-2025,NaN,NaN,NaN,NaN,NaN,NaN
AHM09,Sardar Vallabhai Patel Stadium,Ahmedabad,08-11-2025,NaN,NaN,NaN,NaN,NaN,NaN
AHM09,Sardar Vallabhai Patel Stadium,Ahmedabad,09-11-2025,NaN,NaN,NaN,NaN,NaN,NaN
AHM09,Sardar Vallabhai Patel Stadium,Ahmedabad,10-11-2025,NaN,NaN,NaN,NaN,NaN,NaN
AHM09,Sardar Vallabhai Patel Stadium,Ahmedabad,11-11-2025,NaN,NaN,NaN,NaN,NaN,NaN
AHM09,Sardar Vallabhai Patel Stadium,Ahmedabad,12-11-2025,NaN,NaN,NaN,NaN,NaN,NaN
AHM09,Sardar Vallabhai Patel Stadium,Ahmedabad,13-11-2025,NaN,NaN,NaN,NaN,NaN,NaN
AHM09,Sardar Vallabhai Patel Stadium,Ahmedabad,14-11-2025,NaN,NaN,NaN,NaN,NaN,NaN
AHM09,Sardar Vallabhai Patel Stadium,Ahmedabad,15-11-2025,NaN,NaN,NaN,NaN,NaN,NaN
AHM09,Sardar Vallabhai Patel Stadium,Ahmedabad,16-11-2025,NaN,NaN,NaN,NaN,NaN,NaN
AHM09,Sardar Vallabhai Patel Stadium,Ahmedabad,17-11-2025,NaN,NaN,NaN,NaN,NaN,NaN
AHM09,Sardar Vallabhai Patel Stadium,Ahmedabad,18-11-2025,NaN,NaN,NaN,NaN,NaN,NaN
AHM09,Sardar Vallabhai Patel Stadium,Ahmedabad,19-11-2025,NaN,NaN,NaN,NaN,NaN,NaN
AHM09,Sardar Vallabhai Patel Stadium,Ahmedabad,20-11-2025,NaN,NaN,NaN,NaN,NaN,NaN
AHM09,Sardar Vallabhai Patel Stadium,Ahmedabad,21-11-2025,NaN,NaN,NaN,NaN,NaN,NaN
AHM09,Sardar Vallabhai Patel Stadium,Ahmedabad,22-11-2025,NaN,NaN,NaN,NaN,NaN,NaN
AHM09,Sardar Vallabhai Patel Stadium,Ahmedabad,23-11-2025,NaN,NaN,NaN,NaN,NaN,NaN
AHM09,Sardar Vallabhai Patel Stadium,Ahmedabad,24-11-2025,NaN,NaN,NaN,NaN,NaN,NaN
AHM09,Sardar Vallabhai Patel Stadium,Ahmedabad,25-11-2025,NaN,NaN,NaN,NaN,NaN,NaN
AHM09,Sardar Vallabhai Patel Stadium,Ahmedabad,26-11-2025,NaN,NaN,NaN,NaN,NaN,NaN
AHM09,Sardar Vallabhai Patel Stadium,Ahmedabad,27-11-2025,NaN,NaN,NaN,NaN,NaN,NaN
AHM09,Sardar Vallabhai Patel Stadium,Ahmedabad,28-11-2025,NaN,NaN,NaN,NaN,NaN,NaN
AHM09,Sardar Vallabhai Patel Stadium,Ahmedabad,29-11-2025,NaN,NaN,NaN,NaN,NaN,NaN
AHM09,Sardar Vallabhai Patel Stadium,Ahmedabad,30-11-2025,NaN,NaN,NaN,NaN,NaN,NaN
AHM09,Sardar Vallabhai Patel Stadium,Ahmedabad,01-12-2025,NaN,NaN,NaN,NaN,NaN,NaN
AHM09,Sardar Vallabhai Patel Stadium,Ahmedabad,02-12-2025,NaN,NaN,NaN,NaN,NaN,NaN
AHM09,Sardar Vallabhai Patel Stadium,Ahmedabad,03-12-2025,NaN,NaN,NaN,NaN,NaN,NaN
AHM09,Sardar Vallabhai Patel Stadium,Ahmedabad,04-12-2025,NaN,NaN,NaN,NaN,NaN,NaN
AHM09,Sardar Vallabhai Patel Stadium,Ahmedabad,05-12-2025,NaN,NaN,NaN,NaN,NaN,NaN
AHM09,Sardar Vallabhai Patel Stadium,Ahmedabad,06-12-2025,NaN,NaN,NaN,NaN,NaN,NaN
AHM09,Sardar Vallabhai Patel Stadium,Ahmedabad,07-12-2025,NaN,NaN,NaN,NaN,NaN,NaN
AHM09,Sardar Vallabhai Patel Stadium,Ahmedabad,08-12-2025,NaN,NaN,NaN,NaN,NaN,NaN
AHM09,Sardar Vallabhai Patel Stadium,Ahmedabad,09-12-2025,NaN,NaN,NaN,NaN,NaN,NaN
AHM09,Sardar Vallabhai Patel Stadium,Ahmedabad,10-12-2025,NaN,NaN,NaN,NaN,NaN,NaN
AHM09,Sardar Vallabhai Patel Stadium,Ahmedabad,11-12-2025,NaN,NaN,NaN,NaN,NaN,NaN
AHM09,Sardar Vallabhai Patel Stadium,Ahmedabad,12-12-2025,NaN,NaN,NaN,NaN,NaN,NaN
AHM09,Sardar Vallabhai Patel Stadium,Ahmedabad,13-12-2025,NaN,NaN,NaN,NaN,NaN,NaN
AHM09,Sardar Vallabhai Patel Stadium,Ahmedabad,14-12-2025,NaN,NaN,NaN,NaN,NaN,NaN
AHM09,Sardar Vallabhai Patel Stadium,Ahmedabad,15-12-2025,NaN,NaN,NaN,NaN,NaN,NaN
AHM09,Sardar Vallabhai Patel Stadium,Ahmedabad,16-12-2025,NaN,NaN,NaN,NaN,NaN,NaN
AHM09,Sardar Vallabhai Patel Stadium,Ahmedabad,17-12-2025,NaN,NaN,NaN,NaN,NaN,NaN
AHM09,Sardar Vallabhai Patel Stadium,Ahmedabad,18-12-2025,NaN,NaN,NaN,NaN,NaN,NaN
AHM09,Sardar Vallabhai Patel Stadium,Ahmedabad,19-12-2025,NaN,NaN,NaN,NaN,NaN,NaN
AHM09,Sardar Vallabhai Patel Stadium,Ahmedabad,20-12-2025,NaN,NaN,NaN,NaN,NaN,NaN
AHM09,Sardar Vallabhai Patel Stadium,Ahmedabad,21-12-2025,NaN,NaN,NaN,NaN,NaN,NaN
AHM09,Sardar Vallabhai Patel Stadium,Ahmedabad,22-12-2025,NaN,NaN,NaN,NaN,NaN,NaN
AHM09,Sardar Vallabhai Patel Stadium,Ahmedabad,23-12-2025,NaN,NaN,NaN,NaN,NaN,NaN
AHM09,Sardar Vallabhai Patel Stadium,Ahmedabad,24-12-2025,NaN,NaN,NaN,NaN,NaN,NaN
AHM09,Sardar Vallabhai Patel Stadium,Ahmedabad,25-12-2025,NaN,NaN,NaN,NaN,NaN,NaN
AHM09,Sardar Vallabhai Patel Stadium,Ahmedabad,26-12-2025,NaN,NaN,NaN,NaN,NaN,NaN
AHM09,Sardar Vallabhai Patel Stadium,Ahmedabad,27-12-2025,NaN,NaN,NaN,NaN,NaN,NaN
AHM09,Sardar Vallabhai Patel Stadium,Ahmedabad,28-12-2025,NaN,NaN,NaN,NaN,NaN,NaN
AHM09,Sardar Vallabhai Patel Stadium,Ahmedabad,29-12-2025,NaN,NaN,NaN,NaN,NaN,NaN
AHM09,Sardar Vallabhai Patel Stadium,Ahmedabad,30-12-2025,NaN,NaN,NaN,NaN,NaN,NaN
AHM09,Sardar Vallabhai Patel Stadium,Ahmedabad,31-12-2025,NaN,NaN,NaN,NaN,NaN,NaN
